2026-09-06 02:23:22.912 | INFO     | amisim.application | 0.00/0.00s | - -> Settings loaded
2026-09-06 02:23:22.945 | INFO     | amisim.application | 0.00/0.00s | - -> Settings loaded
2026-09-06 02:23:22.963 | INFO     | amisim.application | 0.00/0.00s | - -> Default settings model loaded
2026-09-06 02:23:34.160 | INFO     | amisim.application | 0.00/0.00s | - -> Settings loaded
2026-09-06 02:23:34.192 | INFO     | amisim.application | 0.00/0.00s | - -> Settings loaded
2026-09-06 02:23:34.210 | INFO     | amisim.application | 0.00/0.00s | - -> Default settings model loaded
2026-09-06 02:37:02.827 | INFO     | amisim.application | 0.00/0.00s | - -> Settings loaded
2026-09-06 02:37:02.872 | INFO     | amisim.application | 0.00/0.00s | - -> Settings loaded
2026-09-06 02:37:02.898 | INFO     | amisim.application | 0.00/0.00s | - -> Default settings model loaded
2026-09-06 02:37:02.917 | INFO     | amisim.application | 0.00/0.00s | - -> Settings loaded
2026-09-06 02:55:40.479 | INFO     | amisim.application | 0.00/0.00s | - -> Settings loaded
2026-09-06 02:55:40.493 | WARNING  | amisim.setting | 0.01/0.01s | - -> Unknown settings section detected: AI. Creating dynamic section at runtime.
2026-09-06 02:55:40.493 | WARNING  | amisim.setting | 0.00/0.01s | - -> Unknown settings field detected: AI.AGENT. Registering dynamic runtime field as string.
2026-09-06 02:55:40.493 | WARNING  | amisim.setting | 0.00/0.01s | - -> Unknown settings section detected: BUNDLED. Creating dynamic section at runtime.
2026-09-06 02:55:40.494 | WARNING  | amisim.setting | 0.00/0.02s | - -> Unknown settings field detected: BUNDLED.DEBUGPY_PATH. Registering dynamic runtime field as string.
2026-09-06 02:55:40.494 | WARNING  | amisim.setting | 0.00/0.02s | - -> Unknown settings section detected: CONDA. Creating dynamic section at runtime.
2026-09-06 02:55:40.494 | WARNING  | amisim.setting | 0.00/0.02s | - -> Unknown settings field detected: CONDA.DEFAULT_ENV. Registering dynamic runtime field as string.
2026-09-06 02:55:40.494 | WARNING  | amisim.setting | 0.00/0.02s | - -> Unknown settings field detected: CONDA.EXE. Registering dynamic runtime field as string.
2026-09-06 02:55:40.494 | WARNING  | amisim.setting | 0.00/0.02s | - -> Unknown settings field detected: CONDA.PREFIX. Registering dynamic runtime field as string.
2026-09-06 02:55:40.494 | WARNING  | amisim.setting | 0.00/0.02s | - -> Unknown settings field detected: CONDA.PREFIX_1. Registering dynamic runtime field as string.
2026-09-06 02:55:40.495 | WARNING  | amisim.setting | 0.00/0.02s | - -> Unknown settings field detected: CONDA.PROMPT_MODIFIER. Registering dynamic runtime field as string.
2026-09-06 02:55:40.495 | WARNING  | amisim.setting | 0.00/0.02s | - -> Unknown settings field detected: CONDA.PYTHON_EXE. Registering dynamic runtime field as string.
2026-09-06 02:55:40.495 | WARNING  | amisim.setting | 0.00/0.02s | - -> Unknown settings field detected: CONDA.ROOT. Registering dynamic runtime field as string.
2026-09-06 02:55:40.495 | WARNING  | amisim.setting | 0.00/0.02s | - -> Unknown settings field detected: CONDA.SHLVL. Registering dynamic runtime field as string.
2026-09-06 02:55:40.495 | WARNING  | amisim.setting | 0.00/0.02s | - -> Unknown settings section detected: COPILOT. Creating dynamic section at runtime.
2026-09-06 02:55:40.495 | WARNING  | amisim.setting | 0.00/0.02s | - -> Unknown settings field detected: COPILOT.AGENT. Registering dynamic runtime field as string.
2026-09-06 02:55:40.496 | WARNING  | amisim.setting | 0.00/0.02s | - -> Unknown settings field detected: COPILOT.DEBUG_NONCE. Registering dynamic runtime field as string.
2026-09-06 02:55:40.496 | WARNING  | amisim.setting | 0.00/0.02s | - -> Unknown settings section detected: DBUS. Creating dynamic section at runtime.
2026-09-06 02:55:40.496 | WARNING  | amisim.setting | 0.00/0.02s | - -> Unknown settings field detected: DBUS.SESSION_BUS_ADDRESS. Registering dynamic runtime field as string.
2026-09-06 02:55:40.496 | WARNING  | amisim.setting | 0.00/0.02s | - -> Unknown settings section detected: DEBIAN. Creating dynamic section at runtime.
2026-09-06 02:55:40.496 | WARNING  | amisim.setting | 0.00/0.02s | - -> Unknown settings field detected: DEBIAN.FRONTEND. Registering dynamic runtime field as string.
2026-09-06 02:55:40.496 | WARNING  | amisim.setting | 0.00/0.02s | - -> Unknown settings section detected: DEBUGINFOD. Creating dynamic section at runtime.
2026-09-06 02:55:40.497 | WARNING  | amisim.setting | 0.00/0.02s | - -> Unknown settings field detected: DEBUGINFOD.URLS. Registering dynamic runtime field as string.
2026-09-06 02:55:40.497 | WARNING  | amisim.setting | 0.00/0.02s | - -> Unknown settings section detected: FNM. Creating dynamic section at runtime.
2026-09-06 02:55:40.497 | WARNING  | amisim.setting | 0.00/0.02s | - -> Unknown settings field detected: FNM.ARCH. Registering dynamic runtime field as string.
2026-09-06 02:55:40.497 | WARNING  | amisim.setting | 0.00/0.02s | - -> Unknown settings field detected: FNM.COREPACK_ENABLED. Registering dynamic runtime field as string.
2026-09-06 02:55:40.497 | WARNING  | amisim.setting | 0.00/0.02s | - -> Unknown settings field detected: FNM.DIR. Registering dynamic runtime field as string.
2026-09-06 02:55:40.497 | WARNING  | amisim.setting | 0.00/0.02s | - -> Unknown settings field detected: FNM.LOGLEVEL. Registering dynamic runtime field as string.
2026-09-06 02:55:40.497 | WARNING  | amisim.setting | 0.00/0.02s | - -> Unknown settings field detected: FNM.MULTISHELL_PATH. Registering dynamic runtime field as string.
2026-09-06 02:55:40.498 | WARNING  | amisim.setting | 0.00/0.02s | - -> Unknown settings field detected: FNM.NODE_DIST_MIRROR. Registering dynamic runtime field as string.
2026-09-06 02:55:40.498 | WARNING  | amisim.setting | 0.00/0.02s | - -> Unknown settings field detected: FNM.RESOLVE_ENGINES. Registering dynamic runtime field as string.
2026-09-06 02:55:40.498 | WARNING  | amisim.setting | 0.00/0.02s | - -> Unknown settings field detected: FNM.VERSION_FILE_STRATEGY. Registering dynamic runtime field as string.
2026-09-06 02:55:40.498 | WARNING  | amisim.setting | 0.00/0.02s | - -> Unknown settings section detected: GIT. Creating dynamic section at runtime.
2026-09-06 02:55:40.498 | WARNING  | amisim.setting | 0.00/0.02s | - -> Unknown settings field detected: GIT.ASKPASS. Registering dynamic runtime field as string.
2026-09-06 02:55:40.498 | WARNING  | amisim.setting | 0.00/0.02s | - -> Unknown settings field detected: GIT.EDITOR. Registering dynamic runtime field as string.
2026-09-06 02:55:40.499 | WARNING  | amisim.setting | 0.00/0.02s | - -> Unknown settings field detected: GIT.MERGE_AUTOEDIT. Registering dynamic runtime field as string.
2026-09-06 02:55:40.499 | WARNING  | amisim.setting | 0.00/0.02s | - -> Unknown settings field detected: GIT.PAGER. Registering dynamic runtime field as string.
2026-09-06 02:55:40.499 | WARNING  | amisim.setting | 0.00/0.02s | - -> Unknown settings section detected: HADOOP. Creating dynamic section at runtime.
2026-09-06 02:55:40.499 | WARNING  | amisim.setting | 0.00/0.02s | - -> Unknown settings field detected: HADOOP.HOME. Registering dynamic runtime field as string.
2026-09-06 02:55:40.499 | WARNING  | amisim.setting | 0.00/0.02s | - -> Unknown settings section detected: JAVA. Creating dynamic section at runtime.
2026-09-06 02:55:40.499 | WARNING  | amisim.setting | 0.00/0.02s | - -> Unknown settings field detected: JAVA.HOME. Registering dynamic runtime field as string.
2026-09-06 02:55:40.500 | WARNING  | amisim.setting | 0.00/0.02s | - -> Unknown settings section detected: LD. Creating dynamic section at runtime.
2026-09-06 02:55:40.500 | WARNING  | amisim.setting | 0.00/0.02s | - -> Unknown settings field detected: LD.LIBRARY_PATH. Registering dynamic runtime field as string.
2026-09-06 02:55:40.500 | WARNING  | amisim.setting | 0.00/0.02s | - -> Unknown settings section detected: LIBVIRT. Creating dynamic section at runtime.
2026-09-06 02:55:40.500 | WARNING  | amisim.setting | 0.00/0.02s | - -> Unknown settings field detected: LIBVIRT.DEFAULT_URI. Registering dynamic runtime field as string.
2026-09-06 02:55:40.500 | WARNING  | amisim.setting | 0.00/0.02s | - -> Unknown settings section detected: LS. Creating dynamic section at runtime.
2026-09-06 02:55:40.500 | WARNING  | amisim.setting | 0.00/0.02s | - -> Unknown settings field detected: LS.COLORS. Registering dynamic runtime field as string.
2026-09-06 02:55:40.501 | WARNING  | amisim.setting | 0.00/0.02s | - -> Unknown settings section detected: PYDEVD. Creating dynamic section at runtime.
2026-09-06 02:55:40.501 | WARNING  | amisim.setting | 0.00/0.02s | - -> Unknown settings field detected: PYDEVD.DISABLE_FILE_VALIDATION. Registering dynamic runtime field as string.
2026-09-06 02:55:40.501 | WARNING  | amisim.setting | 0.00/0.02s | - -> Unknown settings section detected: PYTEST. Creating dynamic section at runtime.
2026-09-06 02:55:40.502 | WARNING  | amisim.setting | 0.00/0.02s | - -> Unknown settings field detected: PYTEST.CURRENT_TEST. Registering dynamic runtime field as string.
2026-09-06 02:55:40.502 | WARNING  | amisim.setting | 0.00/0.02s | - -> Unknown settings field detected: PYTEST.VERSION. Registering dynamic runtime field as string.
2026-09-06 02:55:40.503 | WARNING  | amisim.setting | 0.00/0.02s | - -> Unknown settings section detected: PYTHON. Creating dynamic section at runtime.
2026-09-06 02:55:40.503 | WARNING  | amisim.setting | 0.00/0.02s | - -> Unknown settings field detected: PYTHON.BASIC_REPL. Registering dynamic runtime field as string.
2026-09-06 02:55:40.504 | WARNING  | amisim.setting | 0.00/0.02s | - -> Unknown settings section detected: QT. Creating dynamic section at runtime.
2026-09-06 02:55:40.504 | WARNING  | amisim.setting | 0.00/0.03s | - -> Unknown settings field detected: QT.XCB_GL_INTEGRATION. Registering dynamic runtime field as string.
2026-09-06 02:55:40.504 | WARNING  | amisim.setting | 0.00/0.03s | - -> Unknown settings section detected: SSH. Creating dynamic section at runtime.
2026-09-06 02:55:40.504 | WARNING  | amisim.setting | 0.00/0.03s | - -> Unknown settings field detected: SSH.CLIENT. Registering dynamic runtime field as string.
2026-09-06 02:55:40.505 | WARNING  | amisim.setting | 0.00/0.03s | - -> Unknown settings field detected: SSH.CONNECTION. Registering dynamic runtime field as string.
2026-09-06 02:55:40.505 | WARNING  | amisim.setting | 0.00/0.03s | - -> Unknown settings section detected: TERM. Creating dynamic section at runtime.
2026-09-06 02:55:40.505 | WARNING  | amisim.setting | 0.00/0.03s | - -> Unknown settings field detected: TERM.PROGRAM. Registering dynamic runtime field as string.
2026-09-06 02:55:40.506 | WARNING  | amisim.setting | 0.00/0.03s | - -> Unknown settings field detected: TERM.PROGRAM_VERSION. Registering dynamic runtime field as string.
2026-09-06 02:55:40.506 | WARNING  | amisim.setting | 0.00/0.03s | - -> Unknown settings section detected: VSCODE. Creating dynamic section at runtime.
2026-09-06 02:55:40.507 | WARNING  | amisim.setting | 0.00/0.03s | - -> Unknown settings field detected: VSCODE.DEBUGPY_ADAPTER_ENDPOINTS. Registering dynamic runtime field as string.
2026-09-06 02:55:40.507 | WARNING  | amisim.setting | 0.00/0.03s | - -> Unknown settings field detected: VSCODE.GIT_ASKPASS_EXTRA_ARGS. Registering dynamic runtime field as string.
2026-09-06 02:55:40.507 | WARNING  | amisim.setting | 0.00/0.03s | - -> Unknown settings field detected: VSCODE.GIT_ASKPASS_MAIN. Registering dynamic runtime field as string.
2026-09-06 02:55:40.508 | WARNING  | amisim.setting | 0.00/0.03s | - -> Unknown settings field detected: VSCODE.GIT_ASKPASS_NODE. Registering dynamic runtime field as string.
2026-09-06 02:55:40.508 | WARNING  | amisim.setting | 0.00/0.03s | - -> Unknown settings field detected: VSCODE.GIT_IPC_HANDLE. Registering dynamic runtime field as string.
2026-09-06 02:55:40.508 | WARNING  | amisim.setting | 0.00/0.03s | - -> Unknown settings field detected: VSCODE.IPC_HOOK_CLI. Registering dynamic runtime field as string.
2026-09-06 02:55:40.509 | WARNING  | amisim.setting | 0.00/0.03s | - -> Unknown settings field detected: VSCODE.PYTHON_AUTOACTIVATE_GUARD. Registering dynamic runtime field as string.
2026-09-06 02:55:40.509 | WARNING  | amisim.setting | 0.00/0.03s | - -> Unknown settings section detected: XDG. Creating dynamic section at runtime.
2026-09-06 02:55:40.509 | WARNING  | amisim.setting | 0.00/0.03s | - -> Unknown settings field detected: XDG.DATA_DIRS. Registering dynamic runtime field as string.
2026-09-06 02:55:40.510 | WARNING  | amisim.setting | 0.00/0.03s | - -> Unknown settings field detected: XDG.RUNTIME_DIR. Registering dynamic runtime field as string.
2026-09-06 02:55:40.510 | WARNING  | amisim.setting | 0.00/0.03s | - -> Unknown settings field detected: XDG.SESSION_CLASS. Registering dynamic runtime field as string.
2026-09-06 02:55:40.510 | WARNING  | amisim.setting | 0.00/0.03s | - -> Unknown settings field detected: XDG.SESSION_ID. Registering dynamic runtime field as string.
2026-09-06 02:55:40.511 | WARNING  | amisim.setting | 0.00/0.03s | - -> Unknown settings field detected: XDG.SESSION_TYPE. Registering dynamic runtime field as string.
2026-09-06 02:55:40.513 | WARNING  | amisim.setting | 0.00/0.03s | - -> Unknown settings section detected: AI. Creating dynamic section at runtime.
2026-09-06 02:55:40.514 | WARNING  | amisim.setting | 0.00/0.04s | - -> Unknown settings field detected: AI.AGENT. Registering dynamic runtime field as string.
2026-09-06 02:55:40.514 | WARNING  | amisim.setting | 0.00/0.04s | - -> Unknown settings section detected: BUNDLED. Creating dynamic section at runtime.
2026-09-06 02:55:40.514 | WARNING  | amisim.setting | 0.00/0.04s | - -> Unknown settings field detected: BUNDLED.DEBUGPY_PATH. Registering dynamic runtime field as string.
2026-09-06 02:55:40.515 | WARNING  | amisim.setting | 0.00/0.04s | - -> Unknown settings section detected: CONDA. Creating dynamic section at runtime.
2026-09-06 02:55:40.515 | WARNING  | amisim.setting | 0.00/0.04s | - -> Unknown settings field detected: CONDA.DEFAULT_ENV. Registering dynamic runtime field as string.
2026-09-06 02:55:40.515 | WARNING  | amisim.setting | 0.00/0.04s | - -> Unknown settings field detected: CONDA.EXE. Registering dynamic runtime field as string.
2026-09-06 02:55:40.516 | WARNING  | amisim.setting | 0.00/0.04s | - -> Unknown settings field detected: CONDA.PREFIX. Registering dynamic runtime field as string.
2026-09-06 02:55:40.516 | WARNING  | amisim.setting | 0.00/0.04s | - -> Unknown settings field detected: CONDA.PREFIX_1. Registering dynamic runtime field as string.
2026-09-06 02:55:40.516 | WARNING  | amisim.setting | 0.00/0.04s | - -> Unknown settings field detected: CONDA.PROMPT_MODIFIER. Registering dynamic runtime field as string.
2026-09-06 02:55:40.517 | WARNING  | amisim.setting | 0.00/0.04s | - -> Unknown settings field detected: CONDA.PYTHON_EXE. Registering dynamic runtime field as string.
2026-09-06 02:55:40.517 | WARNING  | amisim.setting | 0.00/0.04s | - -> Unknown settings field detected: CONDA.ROOT. Registering dynamic runtime field as string.
2026-09-06 02:55:40.517 | WARNING  | amisim.setting | 0.00/0.04s | - -> Unknown settings field detected: CONDA.SHLVL. Registering dynamic runtime field as string.
2026-09-06 02:55:40.518 | WARNING  | amisim.setting | 0.00/0.04s | - -> Unknown settings section detected: COPILOT. Creating dynamic section at runtime.
2026-09-06 02:55:40.518 | WARNING  | amisim.setting | 0.00/0.04s | - -> Unknown settings field detected: COPILOT.AGENT. Registering dynamic runtime field as string.
2026-09-06 02:55:40.519 | WARNING  | amisim.setting | 0.00/0.04s | - -> Unknown settings field detected: COPILOT.DEBUG_NONCE. Registering dynamic runtime field as string.
2026-09-06 02:55:40.519 | WARNING  | amisim.setting | 0.00/0.04s | - -> Unknown settings section detected: DBUS. Creating dynamic section at runtime.
2026-09-06 02:55:40.520 | WARNING  | amisim.setting | 0.00/0.04s | - -> Unknown settings field detected: DBUS.SESSION_BUS_ADDRESS. Registering dynamic runtime field as string.
2026-09-06 02:55:40.520 | WARNING  | amisim.setting | 0.00/0.04s | - -> Unknown settings section detected: DEBIAN. Creating dynamic section at runtime.
2026-09-06 02:55:40.521 | WARNING  | amisim.setting | 0.00/0.04s | - -> Unknown settings field detected: DEBIAN.FRONTEND. Registering dynamic runtime field as string.
2026-09-06 02:55:40.521 | WARNING  | amisim.setting | 0.00/0.04s | - -> Unknown settings section detected: DEBUGINFOD. Creating dynamic section at runtime.
2026-09-06 02:55:40.521 | WARNING  | amisim.setting | 0.00/0.04s | - -> Unknown settings field detected: DEBUGINFOD.URLS. Registering dynamic runtime field as string.
2026-09-06 02:55:40.522 | WARNING  | amisim.setting | 0.00/0.04s | - -> Unknown settings section detected: FNM. Creating dynamic section at runtime.
2026-09-06 02:55:40.523 | WARNING  | amisim.setting | 0.00/0.04s | - -> Unknown settings field detected: FNM.ARCH. Registering dynamic runtime field as string.
2026-09-06 02:55:40.523 | WARNING  | amisim.setting | 0.00/0.04s | - -> Unknown settings field detected: FNM.COREPACK_ENABLED. Registering dynamic runtime field as string.
2026-09-06 02:55:40.523 | WARNING  | amisim.setting | 0.00/0.04s | - -> Unknown settings field detected: FNM.DIR. Registering dynamic runtime field as string.
2026-09-06 02:55:40.524 | WARNING  | amisim.setting | 0.00/0.05s | - -> Unknown settings field detected: FNM.LOGLEVEL. Registering dynamic runtime field as string.
2026-09-06 02:55:40.524 | WARNING  | amisim.setting | 0.00/0.05s | - -> Unknown settings field detected: FNM.MULTISHELL_PATH. Registering dynamic runtime field as string.
2026-09-06 02:55:40.524 | WARNING  | amisim.setting | 0.00/0.05s | - -> Unknown settings field detected: FNM.NODE_DIST_MIRROR. Registering dynamic runtime field as string.
2026-09-06 02:55:40.525 | WARNING  | amisim.setting | 0.00/0.05s | - -> Unknown settings field detected: FNM.RESOLVE_ENGINES. Registering dynamic runtime field as string.
2026-09-06 02:55:40.527 | WARNING  | amisim.setting | 0.00/0.05s | - -> Unknown settings field detected: FNM.VERSION_FILE_STRATEGY. Registering dynamic runtime field as string.
2026-09-06 02:55:40.527 | WARNING  | amisim.setting | 0.00/0.05s | - -> Unknown settings section detected: GIT. Creating dynamic section at runtime.
2026-09-06 02:55:40.527 | WARNING  | amisim.setting | 0.00/0.05s | - -> Unknown settings field detected: GIT.ASKPASS. Registering dynamic runtime field as string.
2026-09-06 02:55:40.528 | WARNING  | amisim.setting | 0.00/0.05s | - -> Unknown settings field detected: GIT.EDITOR. Registering dynamic runtime field as string.
2026-09-06 02:55:40.528 | WARNING  | amisim.setting | 0.00/0.05s | - -> Unknown settings field detected: GIT.MERGE_AUTOEDIT. Registering dynamic runtime field as string.
2026-09-06 02:55:40.529 | WARNING  | amisim.setting | 0.00/0.05s | - -> Unknown settings field detected: GIT.PAGER. Registering dynamic runtime field as string.
2026-09-06 02:55:40.529 | WARNING  | amisim.setting | 0.00/0.05s | - -> Unknown settings section detected: HADOOP. Creating dynamic section at runtime.
2026-09-06 02:55:40.529 | WARNING  | amisim.setting | 0.00/0.05s | - -> Unknown settings field detected: HADOOP.HOME. Registering dynamic runtime field as string.
2026-09-06 02:55:40.531 | WARNING  | amisim.setting | 0.00/0.05s | - -> Unknown settings section detected: JAVA. Creating dynamic section at runtime.
2026-09-06 02:55:40.531 | WARNING  | amisim.setting | 0.00/0.05s | - -> Unknown settings field detected: JAVA.HOME. Registering dynamic runtime field as string.
2026-09-06 02:55:40.532 | WARNING  | amisim.setting | 0.00/0.05s | - -> Unknown settings section detected: LD. Creating dynamic section at runtime.
2026-09-06 02:55:40.532 | WARNING  | amisim.setting | 0.00/0.05s | - -> Unknown settings field detected: LD.LIBRARY_PATH. Registering dynamic runtime field as string.
2026-09-06 02:55:40.534 | WARNING  | amisim.setting | 0.00/0.06s | - -> Unknown settings section detected: LIBVIRT. Creating dynamic section at runtime.
2026-09-06 02:55:40.534 | WARNING  | amisim.setting | 0.00/0.06s | - -> Unknown settings field detected: LIBVIRT.DEFAULT_URI. Registering dynamic runtime field as string.
2026-09-06 02:55:40.534 | WARNING  | amisim.setting | 0.00/0.06s | - -> Unknown settings section detected: LS. Creating dynamic section at runtime.
2026-09-06 02:55:40.535 | WARNING  | amisim.setting | 0.00/0.06s | - -> Unknown settings field detected: LS.COLORS. Registering dynamic runtime field as string.
2026-09-06 02:55:40.536 | WARNING  | amisim.setting | 0.00/0.06s | - -> Unknown settings section detected: PYDEVD. Creating dynamic section at runtime.
2026-09-06 02:55:40.536 | WARNING  | amisim.setting | 0.00/0.06s | - -> Unknown settings field detected: PYDEVD.DISABLE_FILE_VALIDATION. Registering dynamic runtime field as string.
2026-09-06 02:55:40.536 | WARNING  | amisim.setting | 0.00/0.06s | - -> Unknown settings section detected: PYTEST. Creating dynamic section at runtime.
2026-09-06 02:55:40.537 | WARNING  | amisim.setting | 0.00/0.06s | - -> Unknown settings field detected: PYTEST.CURRENT_TEST. Registering dynamic runtime field as string.
2026-09-06 02:55:40.538 | WARNING  | amisim.setting | 0.00/0.06s | - -> Unknown settings field detected: PYTEST.VERSION. Registering dynamic runtime field as string.
2026-09-06 02:55:40.538 | WARNING  | amisim.setting | 0.00/0.06s | - -> Unknown settings section detected: PYTHON. Creating dynamic section at runtime.
2026-09-06 02:55:40.538 | WARNING  | amisim.setting | 0.00/0.06s | - -> Unknown settings field detected: PYTHON.BASIC_REPL. Registering dynamic runtime field as string.
2026-09-06 02:55:40.539 | WARNING  | amisim.setting | 0.00/0.06s | - -> Unknown settings section detected: QT. Creating dynamic section at runtime.
2026-09-06 02:55:40.540 | WARNING  | amisim.setting | 0.00/0.06s | - -> Unknown settings field detected: QT.XCB_GL_INTEGRATION. Registering dynamic runtime field as string.
2026-09-06 02:55:40.540 | WARNING  | amisim.setting | 0.00/0.06s | - -> Unknown settings section detected: SSH. Creating dynamic section at runtime.
2026-09-06 02:55:40.540 | WARNING  | amisim.setting | 0.00/0.06s | - -> Unknown settings field detected: SSH.CLIENT. Registering dynamic runtime field as string.
2026-09-06 02:55:40.541 | WARNING  | amisim.setting | 0.00/0.06s | - -> Unknown settings field detected: SSH.CONNECTION. Registering dynamic runtime field as string.
2026-09-06 02:55:40.541 | WARNING  | amisim.setting | 0.00/0.06s | - -> Unknown settings section detected: TERM. Creating dynamic section at runtime.
2026-09-06 02:55:40.542 | WARNING  | amisim.setting | 0.00/0.06s | - -> Unknown settings field detected: TERM.PROGRAM. Registering dynamic runtime field as string.
2026-09-06 02:55:40.542 | WARNING  | amisim.setting | 0.00/0.06s | - -> Unknown settings field detected: TERM.PROGRAM_VERSION. Registering dynamic runtime field as string.
2026-09-06 02:55:40.542 | WARNING  | amisim.setting | 0.00/0.06s | - -> Unknown settings section detected: VSCODE. Creating dynamic section at runtime.
2026-09-06 02:55:40.543 | WARNING  | amisim.setting | 0.00/0.06s | - -> Unknown settings field detected: VSCODE.DEBUGPY_ADAPTER_ENDPOINTS. Registering dynamic runtime field as string.
2026-09-06 02:55:40.543 | WARNING  | amisim.setting | 0.00/0.06s | - -> Unknown settings field detected: VSCODE.GIT_ASKPASS_EXTRA_ARGS. Registering dynamic runtime field as string.
2026-09-06 02:55:40.544 | WARNING  | amisim.setting | 0.00/0.07s | - -> Unknown settings field detected: VSCODE.GIT_ASKPASS_MAIN. Registering dynamic runtime field as string.
2026-09-06 02:55:40.544 | WARNING  | amisim.setting | 0.00/0.07s | - -> Unknown settings field detected: VSCODE.GIT_ASKPASS_NODE. Registering dynamic runtime field as string.
2026-09-06 02:55:40.545 | WARNING  | amisim.setting | 0.00/0.07s | - -> Unknown settings field detected: VSCODE.GIT_IPC_HANDLE. Registering dynamic runtime field as string.
2026-09-06 02:55:40.545 | WARNING  | amisim.setting | 0.00/0.07s | - -> Unknown settings field detected: VSCODE.IPC_HOOK_CLI. Registering dynamic runtime field as string.
2026-09-06 02:55:40.545 | WARNING  | amisim.setting | 0.00/0.07s | - -> Unknown settings field detected: VSCODE.PYTHON_AUTOACTIVATE_GUARD. Registering dynamic runtime field as string.
2026-09-06 02:55:40.545 | WARNING  | amisim.setting | 0.00/0.07s | - -> Unknown settings section detected: XDG. Creating dynamic section at runtime.
2026-09-06 02:55:40.546 | WARNING  | amisim.setting | 0.00/0.07s | - -> Unknown settings field detected: XDG.DATA_DIRS. Registering dynamic runtime field as string.
2026-09-06 02:55:40.546 | WARNING  | amisim.setting | 0.00/0.07s | - -> Unknown settings field detected: XDG.RUNTIME_DIR. Registering dynamic runtime field as string.
2026-09-06 02:55:40.546 | WARNING  | amisim.setting | 0.00/0.07s | - -> Unknown settings field detected: XDG.SESSION_CLASS. Registering dynamic runtime field as string.
2026-09-06 02:55:40.547 | WARNING  | amisim.setting | 0.00/0.07s | - -> Unknown settings field detected: XDG.SESSION_ID. Registering dynamic runtime field as string.
2026-09-06 02:55:40.547 | WARNING  | amisim.setting | 0.00/0.07s | - -> Unknown settings field detected: XDG.SESSION_TYPE. Registering dynamic runtime field as string.
2026-09-06 02:55:40.569 | INFO     | amisim.application | 0.00/0.00s | - -> Settings loaded
2026-09-06 02:55:40.578 | WARNING  | amisim.setting | 0.01/0.01s | - -> Unknown settings section detected: AI. Creating dynamic section at runtime.
2026-09-06 02:55:40.579 | WARNING  | amisim.setting | 0.00/0.01s | - -> Unknown settings field detected: AI.AGENT. Registering dynamic runtime field as string.
2026-09-06 02:55:40.579 | WARNING  | amisim.setting | 0.00/0.01s | - -> Unknown settings section detected: BUNDLED. Creating dynamic section at runtime.
2026-09-06 02:55:40.579 | WARNING  | amisim.setting | 0.00/0.01s | - -> Unknown settings field detected: BUNDLED.DEBUGPY_PATH. Registering dynamic runtime field as string.
2026-09-06 02:55:40.579 | WARNING  | amisim.setting | 0.00/0.01s | - -> Unknown settings section detected: CONDA. Creating dynamic section at runtime.
2026-09-06 02:55:40.579 | WARNING  | amisim.setting | 0.00/0.01s | - -> Unknown settings field detected: CONDA.DEFAULT_ENV. Registering dynamic runtime field as string.
2026-09-06 02:55:40.580 | WARNING  | amisim.setting | 0.00/0.01s | - -> Unknown settings field detected: CONDA.EXE. Registering dynamic runtime field as string.
2026-09-06 02:55:40.580 | WARNING  | amisim.setting | 0.00/0.01s | - -> Unknown settings field detected: CONDA.PREFIX. Registering dynamic runtime field as string.
2026-09-06 02:55:40.580 | WARNING  | amisim.setting | 0.00/0.01s | - -> Unknown settings field detected: CONDA.PREFIX_1. Registering dynamic runtime field as string.
2026-09-06 02:55:40.580 | WARNING  | amisim.setting | 0.00/0.01s | - -> Unknown settings field detected: CONDA.PROMPT_MODIFIER. Registering dynamic runtime field as string.
2026-09-06 02:55:40.580 | WARNING  | amisim.setting | 0.00/0.01s | - -> Unknown settings field detected: CONDA.PYTHON_EXE. Registering dynamic runtime field as string.
2026-09-06 02:55:40.580 | WARNING  | amisim.setting | 0.00/0.01s | - -> Unknown settings field detected: CONDA.ROOT. Registering dynamic runtime field as string.
2026-09-06 02:55:40.580 | WARNING  | amisim.setting | 0.00/0.01s | - -> Unknown settings field detected: CONDA.SHLVL. Registering dynamic runtime field as string.
2026-09-06 02:55:40.581 | WARNING  | amisim.setting | 0.00/0.01s | - -> Unknown settings section detected: COPILOT. Creating dynamic section at runtime.
2026-09-06 02:55:40.581 | WARNING  | amisim.setting | 0.00/0.01s | - -> Unknown settings field detected: COPILOT.AGENT. Registering dynamic runtime field as string.
2026-09-06 02:55:40.581 | WARNING  | amisim.setting | 0.00/0.01s | - -> Unknown settings field detected: COPILOT.DEBUG_NONCE. Registering dynamic runtime field as string.
2026-09-06 02:55:40.581 | WARNING  | amisim.setting | 0.00/0.01s | - -> Unknown settings section detected: DBUS. Creating dynamic section at runtime.
2026-09-06 02:55:40.581 | WARNING  | amisim.setting | 0.00/0.01s | - -> Unknown settings field detected: DBUS.SESSION_BUS_ADDRESS. Registering dynamic runtime field as string.
2026-09-06 02:55:40.581 | WARNING  | amisim.setting | 0.00/0.01s | - -> Unknown settings section detected: DEBIAN. Creating dynamic section at runtime.
2026-09-06 02:55:40.582 | WARNING  | amisim.setting | 0.00/0.01s | - -> Unknown settings field detected: DEBIAN.FRONTEND. Registering dynamic runtime field as string.
2026-09-06 02:55:40.582 | WARNING  | amisim.setting | 0.00/0.01s | - -> Unknown settings section detected: DEBUGINFOD. Creating dynamic section at runtime.
2026-09-06 02:55:40.582 | WARNING  | amisim.setting | 0.00/0.01s | - -> Unknown settings field detected: DEBUGINFOD.URLS. Registering dynamic runtime field as string.
2026-09-06 02:55:40.582 | WARNING  | amisim.setting | 0.00/0.01s | - -> Unknown settings section detected: FNM. Creating dynamic section at runtime.
2026-09-06 02:55:40.582 | WARNING  | amisim.setting | 0.00/0.01s | - -> Unknown settings field detected: FNM.ARCH. Registering dynamic runtime field as string.
2026-09-06 02:55:40.583 | WARNING  | amisim.setting | 0.00/0.01s | - -> Unknown settings field detected: FNM.COREPACK_ENABLED. Registering dynamic runtime field as string.
2026-09-06 02:55:40.583 | WARNING  | amisim.setting | 0.00/0.01s | - -> Unknown settings field detected: FNM.DIR. Registering dynamic runtime field as string.
2026-09-06 02:55:40.583 | WARNING  | amisim.setting | 0.00/0.01s | - -> Unknown settings field detected: FNM.LOGLEVEL. Registering dynamic runtime field as string.
2026-09-06 02:55:40.583 | WARNING  | amisim.setting | 0.00/0.01s | - -> Unknown settings field detected: FNM.MULTISHELL_PATH. Registering dynamic runtime field as string.
2026-09-06 02:55:40.583 | WARNING  | amisim.setting | 0.00/0.01s | - -> Unknown settings field detected: FNM.NODE_DIST_MIRROR. Registering dynamic runtime field as string.
2026-09-06 02:55:40.583 | WARNING  | amisim.setting | 0.00/0.01s | - -> Unknown settings field detected: FNM.RESOLVE_ENGINES. Registering dynamic runtime field as string.
2026-09-06 02:55:40.583 | WARNING  | amisim.setting | 0.00/0.01s | - -> Unknown settings field detected: FNM.VERSION_FILE_STRATEGY. Registering dynamic runtime field as string.
2026-09-06 02:55:40.584 | WARNING  | amisim.setting | 0.00/0.01s | - -> Unknown settings section detected: GIT. Creating dynamic section at runtime.
2026-09-06 02:55:40.584 | WARNING  | amisim.setting | 0.00/0.01s | - -> Unknown settings field detected: GIT.ASKPASS. Registering dynamic runtime field as string.
2026-09-06 02:55:40.584 | WARNING  | amisim.setting | 0.00/0.01s | - -> Unknown settings field detected: GIT.EDITOR. Registering dynamic runtime field as string.
2026-09-06 02:55:40.584 | WARNING  | amisim.setting | 0.00/0.02s | - -> Unknown settings field detected: GIT.MERGE_AUTOEDIT. Registering dynamic runtime field as string.
2026-09-06 02:55:40.584 | WARNING  | amisim.setting | 0.00/0.02s | - -> Unknown settings field detected: GIT.PAGER. Registering dynamic runtime field as string.
2026-09-06 02:55:40.584 | WARNING  | amisim.setting | 0.00/0.02s | - -> Unknown settings section detected: HADOOP. Creating dynamic section at runtime.
2026-09-06 02:55:40.585 | WARNING  | amisim.setting | 0.00/0.02s | - -> Unknown settings field detected: HADOOP.HOME. Registering dynamic runtime field as string.
2026-09-06 02:55:40.585 | WARNING  | amisim.setting | 0.00/0.02s | - -> Unknown settings section detected: JAVA. Creating dynamic section at runtime.
2026-09-06 02:55:40.585 | WARNING  | amisim.setting | 0.00/0.02s | - -> Unknown settings field detected: JAVA.HOME. Registering dynamic runtime field as string.
2026-09-06 02:55:40.585 | WARNING  | amisim.setting | 0.00/0.02s | - -> Unknown settings section detected: LD. Creating dynamic section at runtime.
2026-09-06 02:55:40.585 | WARNING  | amisim.setting | 0.00/0.02s | - -> Unknown settings field detected: LD.LIBRARY_PATH. Registering dynamic runtime field as string.
2026-09-06 02:55:40.585 | WARNING  | amisim.setting | 0.00/0.02s | - -> Unknown settings section detected: LIBVIRT. Creating dynamic section at runtime.
2026-09-06 02:55:40.586 | WARNING  | amisim.setting | 0.00/0.02s | - -> Unknown settings field detected: LIBVIRT.DEFAULT_URI. Registering dynamic runtime field as string.
2026-09-06 02:55:40.586 | WARNING  | amisim.setting | 0.00/0.02s | - -> Unknown settings section detected: LS. Creating dynamic section at runtime.
2026-09-06 02:55:40.586 | WARNING  | amisim.setting | 0.00/0.02s | - -> Unknown settings field detected: LS.COLORS. Registering dynamic runtime field as string.
2026-09-06 02:55:40.586 | WARNING  | amisim.setting | 0.00/0.02s | - -> Unknown settings section detected: PYDEVD. Creating dynamic section at runtime.
2026-09-06 02:55:40.586 | WARNING  | amisim.setting | 0.00/0.02s | - -> Unknown settings field detected: PYDEVD.DISABLE_FILE_VALIDATION. Registering dynamic runtime field as string.
2026-09-06 02:55:40.587 | WARNING  | amisim.setting | 0.00/0.02s | - -> Unknown settings section detected: PYTEST. Creating dynamic section at runtime.
2026-09-06 02:55:40.588 | WARNING  | amisim.setting | 0.00/0.02s | - -> Unknown settings field detected: PYTEST.CURRENT_TEST. Registering dynamic runtime field as string.
2026-09-06 02:55:40.588 | WARNING  | amisim.setting | 0.00/0.02s | - -> Unknown settings field detected: PYTEST.VERSION. Registering dynamic runtime field as string.
2026-09-06 02:55:40.588 | WARNING  | amisim.setting | 0.00/0.02s | - -> Unknown settings section detected: PYTHON. Creating dynamic section at runtime.
2026-09-06 02:55:40.589 | WARNING  | amisim.setting | 0.00/0.02s | - -> Unknown settings field detected: PYTHON.BASIC_REPL. Registering dynamic runtime field as string.
2026-09-06 02:55:40.589 | WARNING  | amisim.setting | 0.00/0.02s | - -> Unknown settings section detected: QT. Creating dynamic section at runtime.
2026-09-06 02:55:40.589 | WARNING  | amisim.setting | 0.00/0.02s | - -> Unknown settings field detected: QT.XCB_GL_INTEGRATION. Registering dynamic runtime field as string.
2026-09-06 02:55:40.590 | WARNING  | amisim.setting | 0.00/0.02s | - -> Unknown settings section detected: SSH. Creating dynamic section at runtime.
2026-09-06 02:55:40.590 | WARNING  | amisim.setting | 0.00/0.02s | - -> Unknown settings field detected: SSH.CLIENT. Registering dynamic runtime field as string.
2026-09-06 02:55:40.590 | WARNING  | amisim.setting | 0.00/0.02s | - -> Unknown settings field detected: SSH.CONNECTION. Registering dynamic runtime field as string.
2026-09-06 02:55:40.591 | WARNING  | amisim.setting | 0.00/0.02s | - -> Unknown settings section detected: TERM. Creating dynamic section at runtime.
2026-09-06 02:55:40.591 | WARNING  | amisim.setting | 0.00/0.02s | - -> Unknown settings field detected: TERM.PROGRAM. Registering dynamic runtime field as string.
2026-09-06 02:55:40.591 | WARNING  | amisim.setting | 0.00/0.02s | - -> Unknown settings field detected: TERM.PROGRAM_VERSION. Registering dynamic runtime field as string.
2026-09-06 02:55:40.592 | WARNING  | amisim.setting | 0.00/0.02s | - -> Unknown settings section detected: VSCODE. Creating dynamic section at runtime.
2026-09-06 02:55:40.592 | WARNING  | amisim.setting | 0.00/0.02s | - -> Unknown settings field detected: VSCODE.DEBUGPY_ADAPTER_ENDPOINTS. Registering dynamic runtime field as string.
2026-09-06 02:55:40.592 | WARNING  | amisim.setting | 0.00/0.02s | - -> Unknown settings field detected: VSCODE.GIT_ASKPASS_EXTRA_ARGS. Registering dynamic runtime field as string.
2026-09-06 02:55:40.593 | WARNING  | amisim.setting | 0.00/0.02s | - -> Unknown settings field detected: VSCODE.GIT_ASKPASS_MAIN. Registering dynamic runtime field as string.
2026-09-06 02:55:40.593 | WARNING  | amisim.setting | 0.00/0.02s | - -> Unknown settings field detected: VSCODE.GIT_ASKPASS_NODE. Registering dynamic runtime field as string.
2026-09-06 02:55:40.593 | WARNING  | amisim.setting | 0.00/0.02s | - -> Unknown settings field detected: VSCODE.GIT_IPC_HANDLE. Registering dynamic runtime field as string.
2026-09-06 02:55:40.594 | WARNING  | amisim.setting | 0.00/0.02s | - -> Unknown settings field detected: VSCODE.IPC_HOOK_CLI. Registering dynamic runtime field as string.
2026-09-06 02:55:40.594 | WARNING  | amisim.setting | 0.00/0.02s | - -> Unknown settings field detected: VSCODE.PYTHON_AUTOACTIVATE_GUARD. Registering dynamic runtime field as string.
2026-09-06 02:55:40.594 | WARNING  | amisim.setting | 0.00/0.03s | - -> Unknown settings section detected: XDG. Creating dynamic section at runtime.
2026-09-06 02:55:40.595 | WARNING  | amisim.setting | 0.00/0.03s | - -> Unknown settings field detected: XDG.DATA_DIRS. Registering dynamic runtime field as string.
2026-09-06 02:55:40.595 | WARNING  | amisim.setting | 0.00/0.03s | - -> Unknown settings field detected: XDG.RUNTIME_DIR. Registering dynamic runtime field as string.
2026-09-06 02:55:40.595 | WARNING  | amisim.setting | 0.00/0.03s | - -> Unknown settings field detected: XDG.SESSION_CLASS. Registering dynamic runtime field as string.
2026-09-06 02:55:40.596 | WARNING  | amisim.setting | 0.00/0.03s | - -> Unknown settings field detected: XDG.SESSION_ID. Registering dynamic runtime field as string.
2026-09-06 02:55:40.596 | WARNING  | amisim.setting | 0.00/0.03s | - -> Unknown settings field detected: XDG.SESSION_TYPE. Registering dynamic runtime field as string.
2026-09-06 02:55:40.597 | WARNING  | amisim.setting | 0.00/0.03s | - -> Unknown settings section detected: AI. Creating dynamic section at runtime.
2026-09-06 02:55:40.597 | WARNING  | amisim.setting | 0.00/0.03s | - -> Unknown settings field detected: AI.AGENT. Registering dynamic runtime field as string.
2026-09-06 02:55:40.597 | WARNING  | amisim.setting | 0.00/0.03s | - -> Unknown settings section detected: BUNDLED. Creating dynamic section at runtime.
2026-09-06 02:55:40.597 | WARNING  | amisim.setting | 0.00/0.03s | - -> Unknown settings field detected: BUNDLED.DEBUGPY_PATH. Registering dynamic runtime field as string.
2026-09-06 02:55:40.598 | WARNING  | amisim.setting | 0.00/0.03s | - -> Unknown settings section detected: CONDA. Creating dynamic section at runtime.
2026-09-06 02:55:40.599 | WARNING  | amisim.setting | 0.00/0.03s | - -> Unknown settings field detected: CONDA.DEFAULT_ENV. Registering dynamic runtime field as string.
2026-09-06 02:55:40.599 | WARNING  | amisim.setting | 0.00/0.03s | - -> Unknown settings field detected: CONDA.EXE. Registering dynamic runtime field as string.
2026-09-06 02:55:40.599 | WARNING  | amisim.setting | 0.00/0.03s | - -> Unknown settings field detected: CONDA.PREFIX. Registering dynamic runtime field as string.
2026-09-06 02:55:40.599 | WARNING  | amisim.setting | 0.00/0.03s | - -> Unknown settings field detected: CONDA.PREFIX_1. Registering dynamic runtime field as string.
2026-09-06 02:55:40.600 | WARNING  | amisim.setting | 0.00/0.03s | - -> Unknown settings field detected: CONDA.PROMPT_MODIFIER. Registering dynamic runtime field as string.
2026-09-06 02:55:40.600 | WARNING  | amisim.setting | 0.00/0.03s | - -> Unknown settings field detected: CONDA.PYTHON_EXE. Registering dynamic runtime field as string.
2026-09-06 02:55:40.600 | WARNING  | amisim.setting | 0.00/0.03s | - -> Unknown settings field detected: CONDA.ROOT. Registering dynamic runtime field as string.
2026-09-06 02:55:40.601 | WARNING  | amisim.setting | 0.00/0.03s | - -> Unknown settings field detected: CONDA.SHLVL. Registering dynamic runtime field as string.
2026-09-06 02:55:40.601 | WARNING  | amisim.setting | 0.00/0.03s | - -> Unknown settings section detected: COPILOT. Creating dynamic section at runtime.
2026-09-06 02:55:40.602 | WARNING  | amisim.setting | 0.00/0.03s | - -> Unknown settings field detected: COPILOT.AGENT. Registering dynamic runtime field as string.
2026-09-06 02:55:40.602 | WARNING  | amisim.setting | 0.00/0.03s | - -> Unknown settings field detected: COPILOT.DEBUG_NONCE. Registering dynamic runtime field as string.
2026-09-06 02:55:40.602 | WARNING  | amisim.setting | 0.00/0.03s | - -> Unknown settings section detected: DBUS. Creating dynamic section at runtime.
2026-09-06 02:55:40.602 | WARNING  | amisim.setting | 0.00/0.03s | - -> Unknown settings field detected: DBUS.SESSION_BUS_ADDRESS. Registering dynamic runtime field as string.
2026-09-06 02:55:40.603 | WARNING  | amisim.setting | 0.00/0.03s | - -> Unknown settings section detected: DEBIAN. Creating dynamic section at runtime.
2026-09-06 02:55:40.603 | WARNING  | amisim.setting | 0.00/0.03s | - -> Unknown settings field detected: DEBIAN.FRONTEND. Registering dynamic runtime field as string.
2026-09-06 02:55:40.604 | WARNING  | amisim.setting | 0.00/0.03s | - -> Unknown settings section detected: DEBUGINFOD. Creating dynamic section at runtime.
2026-09-06 02:55:40.604 | WARNING  | amisim.setting | 0.00/0.03s | - -> Unknown settings field detected: DEBUGINFOD.URLS. Registering dynamic runtime field as string.
2026-09-06 02:55:40.605 | WARNING  | amisim.setting | 0.00/0.04s | - -> Unknown settings section detected: FNM. Creating dynamic section at runtime.
2026-09-06 02:55:40.605 | WARNING  | amisim.setting | 0.00/0.04s | - -> Unknown settings field detected: FNM.ARCH. Registering dynamic runtime field as string.
2026-09-06 02:55:40.605 | WARNING  | amisim.setting | 0.00/0.04s | - -> Unknown settings field detected: FNM.COREPACK_ENABLED. Registering dynamic runtime field as string.
2026-09-06 02:55:40.606 | WARNING  | amisim.setting | 0.00/0.04s | - -> Unknown settings field detected: FNM.DIR. Registering dynamic runtime field as string.
2026-09-06 02:55:40.607 | WARNING  | amisim.setting | 0.00/0.04s | - -> Unknown settings field detected: FNM.LOGLEVEL. Registering dynamic runtime field as string.
2026-09-06 02:55:40.607 | WARNING  | amisim.setting | 0.00/0.04s | - -> Unknown settings field detected: FNM.MULTISHELL_PATH. Registering dynamic runtime field as string.
2026-09-06 02:55:40.607 | WARNING  | amisim.setting | 0.00/0.04s | - -> Unknown settings field detected: FNM.NODE_DIST_MIRROR. Registering dynamic runtime field as string.
2026-09-06 02:55:40.607 | WARNING  | amisim.setting | 0.00/0.04s | - -> Unknown settings field detected: FNM.RESOLVE_ENGINES. Registering dynamic runtime field as string.
2026-09-06 02:55:40.609 | WARNING  | amisim.setting | 0.00/0.04s | - -> Unknown settings field detected: FNM.VERSION_FILE_STRATEGY. Registering dynamic runtime field as string.
2026-09-06 02:55:40.609 | WARNING  | amisim.setting | 0.00/0.04s | - -> Unknown settings section detected: GIT. Creating dynamic section at runtime.
2026-09-06 02:55:40.609 | WARNING  | amisim.setting | 0.00/0.04s | - -> Unknown settings field detected: GIT.ASKPASS. Registering dynamic runtime field as string.
2026-09-06 02:55:40.609 | WARNING  | amisim.setting | 0.00/0.04s | - -> Unknown settings field detected: GIT.EDITOR. Registering dynamic runtime field as string.
2026-09-06 02:55:40.611 | WARNING  | amisim.setting | 0.00/0.04s | - -> Unknown settings field detected: GIT.MERGE_AUTOEDIT. Registering dynamic runtime field as string.
2026-09-06 02:55:40.611 | WARNING  | amisim.setting | 0.00/0.04s | - -> Unknown settings field detected: GIT.PAGER. Registering dynamic runtime field as string.
2026-09-06 02:55:40.611 | WARNING  | amisim.setting | 0.00/0.04s | - -> Unknown settings section detected: HADOOP. Creating dynamic section at runtime.
2026-09-06 02:55:40.611 | WARNING  | amisim.setting | 0.00/0.04s | - -> Unknown settings field detected: HADOOP.HOME. Registering dynamic runtime field as string.
2026-09-06 02:55:40.613 | WARNING  | amisim.setting | 0.00/0.04s | - -> Unknown settings section detected: JAVA. Creating dynamic section at runtime.
2026-09-06 02:55:40.613 | WARNING  | amisim.setting | 0.00/0.04s | - -> Unknown settings field detected: JAVA.HOME. Registering dynamic runtime field as string.
2026-09-06 02:55:40.613 | WARNING  | amisim.setting | 0.00/0.04s | - -> Unknown settings section detected: LD. Creating dynamic section at runtime.
2026-09-06 02:55:40.613 | WARNING  | amisim.setting | 0.00/0.04s | - -> Unknown settings field detected: LD.LIBRARY_PATH. Registering dynamic runtime field as string.
2026-09-06 02:55:40.615 | WARNING  | amisim.setting | 0.00/0.05s | - -> Unknown settings section detected: LIBVIRT. Creating dynamic section at runtime.
2026-09-06 02:55:40.615 | WARNING  | amisim.setting | 0.00/0.05s | - -> Unknown settings field detected: LIBVIRT.DEFAULT_URI. Registering dynamic runtime field as string.
2026-09-06 02:55:40.615 | WARNING  | amisim.setting | 0.00/0.05s | - -> Unknown settings section detected: LS. Creating dynamic section at runtime.
2026-09-06 02:55:40.615 | WARNING  | amisim.setting | 0.00/0.05s | - -> Unknown settings field detected: LS.COLORS. Registering dynamic runtime field as string.
2026-09-06 02:55:40.617 | WARNING  | amisim.setting | 0.00/0.05s | - -> Unknown settings section detected: PYDEVD. Creating dynamic section at runtime.
2026-09-06 02:55:40.617 | WARNING  | amisim.setting | 0.00/0.05s | - -> Unknown settings field detected: PYDEVD.DISABLE_FILE_VALIDATION. Registering dynamic runtime field as string.
2026-09-06 02:55:40.617 | WARNING  | amisim.setting | 0.00/0.05s | - -> Unknown settings section detected: PYTEST. Creating dynamic section at runtime.
2026-09-06 02:55:40.618 | WARNING  | amisim.setting | 0.00/0.05s | - -> Unknown settings field detected: PYTEST.CURRENT_TEST. Registering dynamic runtime field as string.
2026-09-06 02:55:40.619 | WARNING  | amisim.setting | 0.00/0.05s | - -> Unknown settings field detected: PYTEST.VERSION. Registering dynamic runtime field as string.
2026-09-06 02:55:40.619 | WARNING  | amisim.setting | 0.00/0.05s | - -> Unknown settings section detected: PYTHON. Creating dynamic section at runtime.
2026-09-06 02:55:40.619 | WARNING  | amisim.setting | 0.00/0.05s | - -> Unknown settings field detected: PYTHON.BASIC_REPL. Registering dynamic runtime field as string.
2026-09-06 02:55:40.619 | WARNING  | amisim.setting | 0.00/0.05s | - -> Unknown settings section detected: QT. Creating dynamic section at runtime.
2026-09-06 02:55:40.620 | WARNING  | amisim.setting | 0.00/0.05s | - -> Unknown settings field detected: QT.XCB_GL_INTEGRATION. Registering dynamic runtime field as string.
2026-09-06 02:55:40.620 | WARNING  | amisim.setting | 0.00/0.05s | - -> Unknown settings section detected: SSH. Creating dynamic section at runtime.
2026-09-06 02:55:40.620 | WARNING  | amisim.setting | 0.00/0.05s | - -> Unknown settings field detected: SSH.CLIENT. Registering dynamic runtime field as string.
2026-09-06 02:55:40.620 | WARNING  | amisim.setting | 0.00/0.05s | - -> Unknown settings field detected: SSH.CONNECTION. Registering dynamic runtime field as string.
2026-09-06 02:55:40.621 | WARNING  | amisim.setting | 0.00/0.05s | - -> Unknown settings section detected: TERM. Creating dynamic section at runtime.
2026-09-06 02:55:40.621 | WARNING  | amisim.setting | 0.00/0.05s | - -> Unknown settings field detected: TERM.PROGRAM. Registering dynamic runtime field as string.
2026-09-06 02:55:40.622 | WARNING  | amisim.setting | 0.00/0.05s | - -> Unknown settings field detected: TERM.PROGRAM_VERSION. Registering dynamic runtime field as string.
2026-09-06 02:55:40.622 | WARNING  | amisim.setting | 0.00/0.05s | - -> Unknown settings section detected: VSCODE. Creating dynamic section at runtime.
2026-09-06 02:55:40.623 | WARNING  | amisim.setting | 0.00/0.05s | - -> Unknown settings field detected: VSCODE.DEBUGPY_ADAPTER_ENDPOINTS. Registering dynamic runtime field as string.
2026-09-06 02:55:40.623 | WARNING  | amisim.setting | 0.00/0.05s | - -> Unknown settings field detected: VSCODE.GIT_ASKPASS_EXTRA_ARGS. Registering dynamic runtime field as string.
2026-09-06 02:55:40.623 | WARNING  | amisim.setting | 0.00/0.05s | - -> Unknown settings field detected: VSCODE.GIT_ASKPASS_MAIN. Registering dynamic runtime field as string.
2026-09-06 02:55:40.623 | WARNING  | amisim.setting | 0.00/0.05s | - -> Unknown settings field detected: VSCODE.GIT_ASKPASS_NODE. Registering dynamic runtime field as string.
2026-09-06 02:55:40.624 | WARNING  | amisim.setting | 0.00/0.05s | - -> Unknown settings field detected: VSCODE.GIT_IPC_HANDLE. Registering dynamic runtime field as string.
2026-09-06 02:55:40.624 | WARNING  | amisim.setting | 0.00/0.05s | - -> Unknown settings field detected: VSCODE.IPC_HOOK_CLI. Registering dynamic runtime field as string.
2026-09-06 02:55:40.624 | WARNING  | amisim.setting | 0.00/0.06s | - -> Unknown settings field detected: VSCODE.PYTHON_AUTOACTIVATE_GUARD. Registering dynamic runtime field as string.
2026-09-06 02:55:40.624 | WARNING  | amisim.setting | 0.00/0.06s | - -> Unknown settings section detected: XDG. Creating dynamic section at runtime.
2026-09-06 02:55:40.625 | WARNING  | amisim.setting | 0.00/0.06s | - -> Unknown settings field detected: XDG.DATA_DIRS. Registering dynamic runtime field as string.
2026-09-06 02:55:40.626 | WARNING  | amisim.setting | 0.00/0.06s | - -> Unknown settings field detected: XDG.RUNTIME_DIR. Registering dynamic runtime field as string.
2026-09-06 02:55:40.626 | WARNING  | amisim.setting | 0.00/0.06s | - -> Unknown settings field detected: XDG.SESSION_CLASS. Registering dynamic runtime field as string.
2026-09-06 02:55:40.626 | WARNING  | amisim.setting | 0.00/0.06s | - -> Unknown settings field detected: XDG.SESSION_ID. Registering dynamic runtime field as string.
2026-09-06 02:55:40.627 | WARNING  | amisim.setting | 0.00/0.06s | - -> Unknown settings field detected: XDG.SESSION_TYPE. Registering dynamic runtime field as string.
2026-09-06 02:55:40.649 | INFO     | amisim.application | 0.00/0.00s | - -> Default settings model loaded
2026-09-06 02:55:40.651 | WARNING  | amisim.setting | 0.00/0.00s | - -> Unknown settings section detected: AI. Creating dynamic section at runtime.
2026-09-06 02:55:40.651 | WARNING  | amisim.setting | 0.00/0.00s | - -> Unknown settings field detected: AI.AGENT. Registering dynamic runtime field as string.
2026-09-06 02:55:40.651 | WARNING  | amisim.setting | 0.00/0.00s | - -> Unknown settings section detected: BUNDLED. Creating dynamic section at runtime.
2026-09-06 02:55:40.651 | WARNING  | amisim.setting | 0.00/0.00s | - -> Unknown settings field detected: BUNDLED.DEBUGPY_PATH. Registering dynamic runtime field as string.
2026-09-06 02:55:40.652 | WARNING  | amisim.setting | 0.00/0.00s | - -> Unknown settings section detected: CONDA. Creating dynamic section at runtime.
2026-09-06 02:55:40.652 | WARNING  | amisim.setting | 0.00/0.00s | - -> Unknown settings field detected: CONDA.DEFAULT_ENV. Registering dynamic runtime field as string.
2026-09-06 02:55:40.652 | WARNING  | amisim.setting | 0.00/0.00s | - -> Unknown settings field detected: CONDA.EXE. Registering dynamic runtime field as string.
2026-09-06 02:55:40.652 | WARNING  | amisim.setting | 0.00/0.00s | - -> Unknown settings field detected: CONDA.PREFIX. Registering dynamic runtime field as string.
2026-09-06 02:55:40.652 | WARNING  | amisim.setting | 0.00/0.00s | - -> Unknown settings field detected: CONDA.PREFIX_1. Registering dynamic runtime field as string.
2026-09-06 02:55:40.652 | WARNING  | amisim.setting | 0.00/0.00s | - -> Unknown settings field detected: CONDA.PROMPT_MODIFIER. Registering dynamic runtime field as string.
2026-09-06 02:55:40.653 | WARNING  | amisim.setting | 0.00/0.00s | - -> Unknown settings field detected: CONDA.PYTHON_EXE. Registering dynamic runtime field as string.
2026-09-06 02:55:40.653 | WARNING  | amisim.setting | 0.00/0.00s | - -> Unknown settings field detected: CONDA.ROOT. Registering dynamic runtime field as string.
2026-09-06 02:55:40.653 | WARNING  | amisim.setting | 0.00/0.00s | - -> Unknown settings field detected: CONDA.SHLVL. Registering dynamic runtime field as string.
2026-09-06 02:55:40.653 | WARNING  | amisim.setting | 0.00/0.00s | - -> Unknown settings section detected: COPILOT. Creating dynamic section at runtime.
2026-09-06 02:55:40.653 | WARNING  | amisim.setting | 0.00/0.00s | - -> Unknown settings field detected: COPILOT.AGENT. Registering dynamic runtime field as string.
2026-09-06 02:55:40.653 | WARNING  | amisim.setting | 0.00/0.00s | - -> Unknown settings field detected: COPILOT.DEBUG_NONCE. Registering dynamic runtime field as string.
2026-09-06 02:55:40.653 | WARNING  | amisim.setting | 0.00/0.00s | - -> Unknown settings section detected: DBUS. Creating dynamic section at runtime.
2026-09-06 02:55:40.654 | WARNING  | amisim.setting | 0.00/0.00s | - -> Unknown settings field detected: DBUS.SESSION_BUS_ADDRESS. Registering dynamic runtime field as string.
2026-09-06 02:55:40.654 | WARNING  | amisim.setting | 0.00/0.01s | - -> Unknown settings section detected: DEBIAN. Creating dynamic section at runtime.
2026-09-06 02:55:40.654 | WARNING  | amisim.setting | 0.00/0.01s | - -> Unknown settings field detected: DEBIAN.FRONTEND. Registering dynamic runtime field as string.
2026-09-06 02:55:40.654 | WARNING  | amisim.setting | 0.00/0.01s | - -> Unknown settings section detected: DEBUGINFOD. Creating dynamic section at runtime.
2026-09-06 02:55:40.654 | WARNING  | amisim.setting | 0.00/0.01s | - -> Unknown settings field detected: DEBUGINFOD.URLS. Registering dynamic runtime field as string.
2026-09-06 02:55:40.655 | WARNING  | amisim.setting | 0.00/0.01s | - -> Unknown settings section detected: FNM. Creating dynamic section at runtime.
2026-09-06 02:55:40.655 | WARNING  | amisim.setting | 0.00/0.01s | - -> Unknown settings field detected: FNM.ARCH. Registering dynamic runtime field as string.
2026-09-06 02:55:40.655 | WARNING  | amisim.setting | 0.00/0.01s | - -> Unknown settings field detected: FNM.COREPACK_ENABLED. Registering dynamic runtime field as string.
2026-09-06 02:55:40.655 | WARNING  | amisim.setting | 0.00/0.01s | - -> Unknown settings field detected: FNM.DIR. Registering dynamic runtime field as string.
2026-09-06 02:55:40.655 | WARNING  | amisim.setting | 0.00/0.01s | - -> Unknown settings field detected: FNM.LOGLEVEL. Registering dynamic runtime field as string.
2026-09-06 02:55:40.655 | WARNING  | amisim.setting | 0.00/0.01s | - -> Unknown settings field detected: FNM.MULTISHELL_PATH. Registering dynamic runtime field as string.
2026-09-06 02:55:40.656 | WARNING  | amisim.setting | 0.00/0.01s | - -> Unknown settings field detected: FNM.NODE_DIST_MIRROR. Registering dynamic runtime field as string.
2026-09-06 02:55:40.656 | WARNING  | amisim.setting | 0.00/0.01s | - -> Unknown settings field detected: FNM.RESOLVE_ENGINES. Registering dynamic runtime field as string.
2026-09-06 02:55:40.656 | WARNING  | amisim.setting | 0.00/0.01s | - -> Unknown settings field detected: FNM.VERSION_FILE_STRATEGY. Registering dynamic runtime field as string.
2026-09-06 02:55:40.656 | WARNING  | amisim.setting | 0.00/0.01s | - -> Unknown settings section detected: GIT. Creating dynamic section at runtime.
2026-09-06 02:55:40.656 | WARNING  | amisim.setting | 0.00/0.01s | - -> Unknown settings field detected: GIT.ASKPASS. Registering dynamic runtime field as string.
2026-09-06 02:55:40.656 | WARNING  | amisim.setting | 0.00/0.01s | - -> Unknown settings field detected: GIT.EDITOR. Registering dynamic runtime field as string.
2026-09-06 02:55:40.656 | WARNING  | amisim.setting | 0.00/0.01s | - -> Unknown settings field detected: GIT.MERGE_AUTOEDIT. Registering dynamic runtime field as string.
2026-09-06 02:55:40.657 | WARNING  | amisim.setting | 0.00/0.01s | - -> Unknown settings field detected: GIT.PAGER. Registering dynamic runtime field as string.
2026-09-06 02:55:40.657 | WARNING  | amisim.setting | 0.00/0.01s | - -> Unknown settings section detected: HADOOP. Creating dynamic section at runtime.
2026-09-06 02:55:40.657 | WARNING  | amisim.setting | 0.00/0.01s | - -> Unknown settings field detected: HADOOP.HOME. Registering dynamic runtime field as string.
2026-09-06 02:55:40.657 | WARNING  | amisim.setting | 0.00/0.01s | - -> Unknown settings section detected: JAVA. Creating dynamic section at runtime.
2026-09-06 02:55:40.657 | WARNING  | amisim.setting | 0.00/0.01s | - -> Unknown settings field detected: JAVA.HOME. Registering dynamic runtime field as string.
2026-09-06 02:55:40.658 | WARNING  | amisim.setting | 0.00/0.01s | - -> Unknown settings section detected: LD. Creating dynamic section at runtime.
2026-09-06 02:55:40.658 | WARNING  | amisim.setting | 0.00/0.01s | - -> Unknown settings field detected: LD.LIBRARY_PATH. Registering dynamic runtime field as string.
2026-09-06 02:55:40.658 | WARNING  | amisim.setting | 0.00/0.01s | - -> Unknown settings section detected: LIBVIRT. Creating dynamic section at runtime.
2026-09-06 02:55:40.658 | WARNING  | amisim.setting | 0.00/0.01s | - -> Unknown settings field detected: LIBVIRT.DEFAULT_URI. Registering dynamic runtime field as string.
2026-09-06 02:55:40.658 | WARNING  | amisim.setting | 0.00/0.01s | - -> Unknown settings section detected: LS. Creating dynamic section at runtime.
2026-09-06 02:55:40.658 | WARNING  | amisim.setting | 0.00/0.01s | - -> Unknown settings field detected: LS.COLORS. Registering dynamic runtime field as string.
2026-09-06 02:55:40.659 | WARNING  | amisim.setting | 0.00/0.01s | - -> Unknown settings section detected: PYDEVD. Creating dynamic section at runtime.
2026-09-06 02:55:40.659 | WARNING  | amisim.setting | 0.00/0.01s | - -> Unknown settings field detected: PYDEVD.DISABLE_FILE_VALIDATION. Registering dynamic runtime field as string.
2026-09-06 02:55:40.659 | WARNING  | amisim.setting | 0.00/0.01s | - -> Unknown settings section detected: PYTEST. Creating dynamic section at runtime.
2026-09-06 02:55:40.660 | WARNING  | amisim.setting | 0.00/0.01s | - -> Unknown settings field detected: PYTEST.CURRENT_TEST. Registering dynamic runtime field as string.
2026-09-06 02:55:40.660 | WARNING  | amisim.setting | 0.00/0.01s | - -> Unknown settings field detected: PYTEST.VERSION. Registering dynamic runtime field as string.
2026-09-06 02:55:40.660 | WARNING  | amisim.setting | 0.00/0.01s | - -> Unknown settings section detected: PYTHON. Creating dynamic section at runtime.
2026-09-06 02:55:40.661 | WARNING  | amisim.setting | 0.00/0.01s | - -> Unknown settings field detected: PYTHON.BASIC_REPL. Registering dynamic runtime field as string.
2026-09-06 02:55:40.661 | WARNING  | amisim.setting | 0.00/0.01s | - -> Unknown settings section detected: QT. Creating dynamic section at runtime.
2026-09-06 02:55:40.661 | WARNING  | amisim.setting | 0.00/0.01s | - -> Unknown settings field detected: QT.XCB_GL_INTEGRATION. Registering dynamic runtime field as string.
2026-09-06 02:55:40.662 | WARNING  | amisim.setting | 0.00/0.01s | - -> Unknown settings section detected: SSH. Creating dynamic section at runtime.
2026-09-06 02:55:40.662 | WARNING  | amisim.setting | 0.00/0.01s | - -> Unknown settings field detected: SSH.CLIENT. Registering dynamic runtime field as string.
2026-09-06 02:55:40.662 | WARNING  | amisim.setting | 0.00/0.01s | - -> Unknown settings field detected: SSH.CONNECTION. Registering dynamic runtime field as string.
2026-09-06 02:55:40.663 | WARNING  | amisim.setting | 0.00/0.01s | - -> Unknown settings section detected: TERM. Creating dynamic section at runtime.
2026-09-06 02:55:40.663 | WARNING  | amisim.setting | 0.00/0.01s | - -> Unknown settings field detected: TERM.PROGRAM. Registering dynamic runtime field as string.
2026-09-06 02:55:40.663 | WARNING  | amisim.setting | 0.00/0.01s | - -> Unknown settings field detected: TERM.PROGRAM_VERSION. Registering dynamic runtime field as string.
2026-09-06 02:55:40.664 | WARNING  | amisim.setting | 0.00/0.02s | - -> Unknown settings section detected: VSCODE. Creating dynamic section at runtime.
2026-09-06 02:55:40.664 | WARNING  | amisim.setting | 0.00/0.02s | - -> Unknown settings field detected: VSCODE.DEBUGPY_ADAPTER_ENDPOINTS. Registering dynamic runtime field as string.
2026-09-06 02:55:40.665 | WARNING  | amisim.setting | 0.00/0.02s | - -> Unknown settings field detected: VSCODE.GIT_ASKPASS_EXTRA_ARGS. Registering dynamic runtime field as string.
2026-09-06 02:55:40.665 | WARNING  | amisim.setting | 0.00/0.02s | - -> Unknown settings field detected: VSCODE.GIT_ASKPASS_MAIN. Registering dynamic runtime field as string.
2026-09-06 02:55:40.665 | WARNING  | amisim.setting | 0.00/0.02s | - -> Unknown settings field detected: VSCODE.GIT_ASKPASS_NODE. Registering dynamic runtime field as string.
2026-09-06 02:55:40.665 | WARNING  | amisim.setting | 0.00/0.02s | - -> Unknown settings field detected: VSCODE.GIT_IPC_HANDLE. Registering dynamic runtime field as string.
2026-09-06 02:55:40.666 | WARNING  | amisim.setting | 0.00/0.02s | - -> Unknown settings field detected: VSCODE.IPC_HOOK_CLI. Registering dynamic runtime field as string.
2026-09-06 02:55:40.666 | WARNING  | amisim.setting | 0.00/0.02s | - -> Unknown settings field detected: VSCODE.PYTHON_AUTOACTIVATE_GUARD. Registering dynamic runtime field as string.
2026-09-06 02:55:40.666 | WARNING  | amisim.setting | 0.00/0.02s | - -> Unknown settings section detected: XDG. Creating dynamic section at runtime.
2026-09-06 02:55:40.667 | WARNING  | amisim.setting | 0.00/0.02s | - -> Unknown settings field detected: XDG.DATA_DIRS. Registering dynamic runtime field as string.
2026-09-06 02:55:40.667 | WARNING  | amisim.setting | 0.00/0.02s | - -> Unknown settings field detected: XDG.RUNTIME_DIR. Registering dynamic runtime field as string.
2026-09-06 02:55:40.668 | WARNING  | amisim.setting | 0.00/0.02s | - -> Unknown settings field detected: XDG.SESSION_CLASS. Registering dynamic runtime field as string.
2026-09-06 02:55:40.668 | WARNING  | amisim.setting | 0.00/0.02s | - -> Unknown settings field detected: XDG.SESSION_ID. Registering dynamic runtime field as string.
2026-09-06 02:55:40.668 | WARNING  | amisim.setting | 0.00/0.02s | - -> Unknown settings field detected: XDG.SESSION_TYPE. Registering dynamic runtime field as string.
2026-09-06 02:55:40.669 | WARNING  | amisim.setting | 0.00/0.02s | - -> Unknown settings section detected: AI. Creating dynamic section at runtime.
2026-09-06 02:55:40.670 | WARNING  | amisim.setting | 0.00/0.02s | - -> Unknown settings field detected: AI.AGENT. Registering dynamic runtime field as string.
2026-09-06 02:55:40.670 | WARNING  | amisim.setting | 0.00/0.02s | - -> Unknown settings section detected: BUNDLED. Creating dynamic section at runtime.
2026-09-06 02:55:40.670 | WARNING  | amisim.setting | 0.00/0.02s | - -> Unknown settings field detected: BUNDLED.DEBUGPY_PATH. Registering dynamic runtime field as string.
2026-09-06 02:55:40.671 | WARNING  | amisim.setting | 0.00/0.02s | - -> Unknown settings section detected: CONDA. Creating dynamic section at runtime.
2026-09-06 02:55:40.671 | WARNING  | amisim.setting | 0.00/0.02s | - -> Unknown settings field detected: CONDA.DEFAULT_ENV. Registering dynamic runtime field as string.
2026-09-06 02:55:40.672 | WARNING  | amisim.setting | 0.00/0.02s | - -> Unknown settings field detected: CONDA.EXE. Registering dynamic runtime field as string.
2026-09-06 02:55:40.672 | WARNING  | amisim.setting | 0.00/0.02s | - -> Unknown settings field detected: CONDA.PREFIX. Registering dynamic runtime field as string.
2026-09-06 02:55:40.672 | WARNING  | amisim.setting | 0.00/0.02s | - -> Unknown settings field detected: CONDA.PREFIX_1. Registering dynamic runtime field as string.
2026-09-06 02:55:40.672 | WARNING  | amisim.setting | 0.00/0.02s | - -> Unknown settings field detected: CONDA.PROMPT_MODIFIER. Registering dynamic runtime field as string.
2026-09-06 02:55:40.673 | WARNING  | amisim.setting | 0.00/0.02s | - -> Unknown settings field detected: CONDA.PYTHON_EXE. Registering dynamic runtime field as string.
2026-09-06 02:55:40.673 | WARNING  | amisim.setting | 0.00/0.02s | - -> Unknown settings field detected: CONDA.ROOT. Registering dynamic runtime field as string.
2026-09-06 02:55:40.673 | WARNING  | amisim.setting | 0.00/0.02s | - -> Unknown settings field detected: CONDA.SHLVL. Registering dynamic runtime field as string.
2026-09-06 02:55:40.674 | WARNING  | amisim.setting | 0.00/0.03s | - -> Unknown settings section detected: COPILOT. Creating dynamic section at runtime.
2026-09-06 02:55:40.674 | WARNING  | amisim.setting | 0.00/0.03s | - -> Unknown settings field detected: COPILOT.AGENT. Registering dynamic runtime field as string.
2026-09-06 02:55:40.674 | WARNING  | amisim.setting | 0.00/0.03s | - -> Unknown settings field detected: COPILOT.DEBUG_NONCE. Registering dynamic runtime field as string.
2026-09-06 02:55:40.675 | WARNING  | amisim.setting | 0.00/0.03s | - -> Unknown settings section detected: DBUS. Creating dynamic section at runtime.
2026-09-06 02:55:40.675 | WARNING  | amisim.setting | 0.00/0.03s | - -> Unknown settings field detected: DBUS.SESSION_BUS_ADDRESS. Registering dynamic runtime field as string.
2026-09-06 02:55:40.675 | WARNING  | amisim.setting | 0.00/0.03s | - -> Unknown settings section detected: DEBIAN. Creating dynamic section at runtime.
2026-09-06 02:55:40.676 | WARNING  | amisim.setting | 0.00/0.03s | - -> Unknown settings field detected: DEBIAN.FRONTEND. Registering dynamic runtime field as string.
2026-09-06 02:55:40.676 | WARNING  | amisim.setting | 0.00/0.03s | - -> Unknown settings section detected: DEBUGINFOD. Creating dynamic section at runtime.
2026-09-06 02:55:40.676 | WARNING  | amisim.setting | 0.00/0.03s | - -> Unknown settings field detected: DEBUGINFOD.URLS. Registering dynamic runtime field as string.
2026-09-06 02:55:40.677 | WARNING  | amisim.setting | 0.00/0.03s | - -> Unknown settings section detected: FNM. Creating dynamic section at runtime.
2026-09-06 02:55:40.677 | WARNING  | amisim.setting | 0.00/0.03s | - -> Unknown settings field detected: FNM.ARCH. Registering dynamic runtime field as string.
2026-09-06 02:55:40.677 | WARNING  | amisim.setting | 0.00/0.03s | - -> Unknown settings field detected: FNM.COREPACK_ENABLED. Registering dynamic runtime field as string.
2026-09-06 02:55:40.678 | WARNING  | amisim.setting | 0.00/0.03s | - -> Unknown settings field detected: FNM.DIR. Registering dynamic runtime field as string.
2026-09-06 02:55:40.679 | WARNING  | amisim.setting | 0.00/0.03s | - -> Unknown settings field detected: FNM.LOGLEVEL. Registering dynamic runtime field as string.
2026-09-06 02:55:40.679 | WARNING  | amisim.setting | 0.00/0.03s | - -> Unknown settings field detected: FNM.MULTISHELL_PATH. Registering dynamic runtime field as string.
2026-09-06 02:55:40.679 | WARNING  | amisim.setting | 0.00/0.03s | - -> Unknown settings field detected: FNM.NODE_DIST_MIRROR. Registering dynamic runtime field as string.
2026-09-06 02:55:40.679 | WARNING  | amisim.setting | 0.00/0.03s | - -> Unknown settings field detected: FNM.RESOLVE_ENGINES. Registering dynamic runtime field as string.
2026-09-06 02:55:40.680 | WARNING  | amisim.setting | 0.00/0.03s | - -> Unknown settings field detected: FNM.VERSION_FILE_STRATEGY. Registering dynamic runtime field as string.
2026-09-06 02:55:40.680 | WARNING  | amisim.setting | 0.00/0.03s | - -> Unknown settings section detected: GIT. Creating dynamic section at runtime.
2026-09-06 02:55:40.681 | WARNING  | amisim.setting | 0.00/0.03s | - -> Unknown settings field detected: GIT.ASKPASS. Registering dynamic runtime field as string.
2026-09-06 02:55:40.681 | WARNING  | amisim.setting | 0.00/0.03s | - -> Unknown settings field detected: GIT.EDITOR. Registering dynamic runtime field as string.
2026-09-06 02:55:40.682 | WARNING  | amisim.setting | 0.00/0.03s | - -> Unknown settings field detected: GIT.MERGE_AUTOEDIT. Registering dynamic runtime field as string.
2026-09-06 02:55:40.682 | WARNING  | amisim.setting | 0.00/0.03s | - -> Unknown settings field detected: GIT.PAGER. Registering dynamic runtime field as string.
2026-09-06 02:55:40.682 | WARNING  | amisim.setting | 0.00/0.03s | - -> Unknown settings section detected: HADOOP. Creating dynamic section at runtime.
2026-09-06 02:55:40.683 | WARNING  | amisim.setting | 0.00/0.03s | - -> Unknown settings field detected: HADOOP.HOME. Registering dynamic runtime field as string.
2026-09-06 02:55:40.684 | WARNING  | amisim.setting | 0.00/0.04s | - -> Unknown settings section detected: JAVA. Creating dynamic section at runtime.
2026-09-06 02:55:40.684 | WARNING  | amisim.setting | 0.00/0.04s | - -> Unknown settings field detected: JAVA.HOME. Registering dynamic runtime field as string.
2026-09-06 02:55:40.684 | WARNING  | amisim.setting | 0.00/0.04s | - -> Unknown settings section detected: LD. Creating dynamic section at runtime.
2026-09-06 02:55:40.685 | WARNING  | amisim.setting | 0.00/0.04s | - -> Unknown settings field detected: LD.LIBRARY_PATH. Registering dynamic runtime field as string.
2026-09-06 02:55:40.686 | WARNING  | amisim.setting | 0.00/0.04s | - -> Unknown settings section detected: LIBVIRT. Creating dynamic section at runtime.
2026-09-06 02:55:40.686 | WARNING  | amisim.setting | 0.00/0.04s | - -> Unknown settings field detected: LIBVIRT.DEFAULT_URI. Registering dynamic runtime field as string.
2026-09-06 02:55:40.687 | WARNING  | amisim.setting | 0.00/0.04s | - -> Unknown settings section detected: LS. Creating dynamic section at runtime.
2026-09-06 02:55:40.687 | WARNING  | amisim.setting | 0.00/0.04s | - -> Unknown settings field detected: LS.COLORS. Registering dynamic runtime field as string.
2026-09-06 02:55:40.688 | WARNING  | amisim.setting | 0.00/0.04s | - -> Unknown settings section detected: PYDEVD. Creating dynamic section at runtime.
2026-09-06 02:55:40.688 | WARNING  | amisim.setting | 0.00/0.04s | - -> Unknown settings field detected: PYDEVD.DISABLE_FILE_VALIDATION. Registering dynamic runtime field as string.
2026-09-06 02:55:40.688 | WARNING  | amisim.setting | 0.00/0.04s | - -> Unknown settings section detected: PYTEST. Creating dynamic section at runtime.
2026-09-06 02:55:40.689 | WARNING  | amisim.setting | 0.00/0.04s | - -> Unknown settings field detected: PYTEST.CURRENT_TEST. Registering dynamic runtime field as string.
2026-09-06 02:55:40.690 | WARNING  | amisim.setting | 0.00/0.04s | - -> Unknown settings field detected: PYTEST.VERSION. Registering dynamic runtime field as string.
2026-09-06 02:55:40.690 | WARNING  | amisim.setting | 0.00/0.04s | - -> Unknown settings section detected: PYTHON. Creating dynamic section at runtime.
2026-09-06 02:55:40.690 | WARNING  | amisim.setting | 0.00/0.04s | - -> Unknown settings field detected: PYTHON.BASIC_REPL. Registering dynamic runtime field as string.
2026-09-06 02:55:40.690 | WARNING  | amisim.setting | 0.00/0.04s | - -> Unknown settings section detected: QT. Creating dynamic section at runtime.
2026-09-06 02:55:40.691 | WARNING  | amisim.setting | 0.00/0.04s | - -> Unknown settings field detected: QT.XCB_GL_INTEGRATION. Registering dynamic runtime field as string.
2026-09-06 02:55:40.691 | WARNING  | amisim.setting | 0.00/0.04s | - -> Unknown settings section detected: SSH. Creating dynamic section at runtime.
2026-09-06 02:55:40.692 | WARNING  | amisim.setting | 0.00/0.04s | - -> Unknown settings field detected: SSH.CLIENT. Registering dynamic runtime field as string.
2026-09-06 02:55:40.692 | WARNING  | amisim.setting | 0.00/0.04s | - -> Unknown settings field detected: SSH.CONNECTION. Registering dynamic runtime field as string.
2026-09-06 02:55:40.693 | WARNING  | amisim.setting | 0.00/0.04s | - -> Unknown settings section detected: TERM. Creating dynamic section at runtime.
2026-09-06 02:55:40.693 | WARNING  | amisim.setting | 0.00/0.04s | - -> Unknown settings field detected: TERM.PROGRAM. Registering dynamic runtime field as string.
2026-09-06 02:55:40.693 | WARNING  | amisim.setting | 0.00/0.04s | - -> Unknown settings field detected: TERM.PROGRAM_VERSION. Registering dynamic runtime field as string.
2026-09-06 02:55:40.693 | WARNING  | amisim.setting | 0.00/0.04s | - -> Unknown settings section detected: VSCODE. Creating dynamic section at runtime.
2026-09-06 02:55:40.694 | WARNING  | amisim.setting | 0.00/0.05s | - -> Unknown settings field detected: VSCODE.DEBUGPY_ADAPTER_ENDPOINTS. Registering dynamic runtime field as string.
2026-09-06 02:55:40.695 | WARNING  | amisim.setting | 0.00/0.05s | - -> Unknown settings field detected: VSCODE.GIT_ASKPASS_EXTRA_ARGS. Registering dynamic runtime field as string.
2026-09-06 02:55:40.695 | WARNING  | amisim.setting | 0.00/0.05s | - -> Unknown settings field detected: VSCODE.GIT_ASKPASS_MAIN. Registering dynamic runtime field as string.
2026-09-06 02:55:40.695 | WARNING  | amisim.setting | 0.00/0.05s | - -> Unknown settings field detected: VSCODE.GIT_ASKPASS_NODE. Registering dynamic runtime field as string.
2026-09-06 02:55:40.696 | WARNING  | amisim.setting | 0.00/0.05s | - -> Unknown settings field detected: VSCODE.GIT_IPC_HANDLE. Registering dynamic runtime field as string.
2026-09-06 02:55:40.696 | WARNING  | amisim.setting | 0.00/0.05s | - -> Unknown settings field detected: VSCODE.IPC_HOOK_CLI. Registering dynamic runtime field as string.
2026-09-06 02:55:40.696 | WARNING  | amisim.setting | 0.00/0.05s | - -> Unknown settings field detected: VSCODE.PYTHON_AUTOACTIVATE_GUARD. Registering dynamic runtime field as string.
2026-09-06 02:55:40.697 | WARNING  | amisim.setting | 0.00/0.05s | - -> Unknown settings section detected: XDG. Creating dynamic section at runtime.
2026-09-06 02:55:40.697 | WARNING  | amisim.setting | 0.00/0.05s | - -> Unknown settings field detected: XDG.DATA_DIRS. Registering dynamic runtime field as string.
2026-09-06 02:55:40.698 | WARNING  | amisim.setting | 0.00/0.05s | - -> Unknown settings field detected: XDG.RUNTIME_DIR. Registering dynamic runtime field as string.
2026-09-06 02:55:40.698 | WARNING  | amisim.setting | 0.00/0.05s | - -> Unknown settings field detected: XDG.SESSION_CLASS. Registering dynamic runtime field as string.
2026-09-06 02:55:40.698 | WARNING  | amisim.setting | 0.00/0.05s | - -> Unknown settings field detected: XDG.SESSION_ID. Registering dynamic runtime field as string.
2026-09-06 02:55:40.699 | WARNING  | amisim.setting | 0.00/0.05s | - -> Unknown settings field detected: XDG.SESSION_TYPE. Registering dynamic runtime field as string.
2026-09-06 02:55:40.721 | INFO     | amisim.application | 0.00/0.00s | - -> Settings loaded
2026-09-06 02:55:40.730 | WARNING  | amisim.setting | 0.01/0.01s | - -> Unknown settings section detected: AI. Creating dynamic section at runtime.
2026-09-06 02:55:40.730 | WARNING  | amisim.setting | 0.00/0.01s | - -> Unknown settings field detected: AI.AGENT. Registering dynamic runtime field as string.
2026-09-06 02:55:40.730 | WARNING  | amisim.setting | 0.00/0.01s | - -> Unknown settings section detected: BUNDLED. Creating dynamic section at runtime.
2026-09-06 02:55:40.730 | WARNING  | amisim.setting | 0.00/0.01s | - -> Unknown settings field detected: BUNDLED.DEBUGPY_PATH. Registering dynamic runtime field as string.
2026-09-06 02:55:40.730 | WARNING  | amisim.setting | 0.00/0.01s | - -> Unknown settings section detected: CONDA. Creating dynamic section at runtime.
2026-09-06 02:55:40.731 | WARNING  | amisim.setting | 0.00/0.01s | - -> Unknown settings field detected: CONDA.DEFAULT_ENV. Registering dynamic runtime field as string.
2026-09-06 02:55:40.731 | WARNING  | amisim.setting | 0.00/0.01s | - -> Unknown settings field detected: CONDA.EXE. Registering dynamic runtime field as string.
2026-09-06 02:55:40.731 | WARNING  | amisim.setting | 0.00/0.01s | - -> Unknown settings field detected: CONDA.PREFIX. Registering dynamic runtime field as string.
2026-09-06 02:55:40.731 | WARNING  | amisim.setting | 0.00/0.01s | - -> Unknown settings field detected: CONDA.PREFIX_1. Registering dynamic runtime field as string.
2026-09-06 02:55:40.731 | WARNING  | amisim.setting | 0.00/0.01s | - -> Unknown settings field detected: CONDA.PROMPT_MODIFIER. Registering dynamic runtime field as string.
2026-09-06 02:55:40.731 | WARNING  | amisim.setting | 0.00/0.01s | - -> Unknown settings field detected: CONDA.PYTHON_EXE. Registering dynamic runtime field as string.
2026-09-06 02:55:40.732 | WARNING  | amisim.setting | 0.00/0.01s | - -> Unknown settings field detected: CONDA.ROOT. Registering dynamic runtime field as string.
2026-09-06 02:55:40.732 | WARNING  | amisim.setting | 0.00/0.01s | - -> Unknown settings field detected: CONDA.SHLVL. Registering dynamic runtime field as string.
2026-09-06 02:55:40.732 | WARNING  | amisim.setting | 0.00/0.01s | - -> Unknown settings section detected: COPILOT. Creating dynamic section at runtime.
2026-09-06 02:55:40.732 | WARNING  | amisim.setting | 0.00/0.01s | - -> Unknown settings field detected: COPILOT.AGENT. Registering dynamic runtime field as string.
2026-09-06 02:55:40.732 | WARNING  | amisim.setting | 0.00/0.01s | - -> Unknown settings field detected: COPILOT.DEBUG_NONCE. Registering dynamic runtime field as string.
2026-09-06 02:55:40.732 | WARNING  | amisim.setting | 0.00/0.01s | - -> Unknown settings section detected: DBUS. Creating dynamic section at runtime.
2026-09-06 02:55:40.733 | WARNING  | amisim.setting | 0.00/0.01s | - -> Unknown settings field detected: DBUS.SESSION_BUS_ADDRESS. Registering dynamic runtime field as string.
2026-09-06 02:55:40.733 | WARNING  | amisim.setting | 0.00/0.01s | - -> Unknown settings section detected: DEBIAN. Creating dynamic section at runtime.
2026-09-06 02:55:40.733 | WARNING  | amisim.setting | 0.00/0.01s | - -> Unknown settings field detected: DEBIAN.FRONTEND. Registering dynamic runtime field as string.
2026-09-06 02:55:40.733 | WARNING  | amisim.setting | 0.00/0.01s | - -> Unknown settings section detected: DEBUGINFOD. Creating dynamic section at runtime.
2026-09-06 02:55:40.733 | WARNING  | amisim.setting | 0.00/0.01s | - -> Unknown settings field detected: DEBUGINFOD.URLS. Registering dynamic runtime field as string.
2026-09-06 02:55:40.733 | WARNING  | amisim.setting | 0.00/0.01s | - -> Unknown settings section detected: FNM. Creating dynamic section at runtime.
2026-09-06 02:55:40.734 | WARNING  | amisim.setting | 0.00/0.01s | - -> Unknown settings field detected: FNM.ARCH. Registering dynamic runtime field as string.
2026-09-06 02:55:40.734 | WARNING  | amisim.setting | 0.00/0.01s | - -> Unknown settings field detected: FNM.COREPACK_ENABLED. Registering dynamic runtime field as string.
2026-09-06 02:55:40.734 | WARNING  | amisim.setting | 0.00/0.01s | - -> Unknown settings field detected: FNM.DIR. Registering dynamic runtime field as string.
2026-09-06 02:55:40.734 | WARNING  | amisim.setting | 0.00/0.01s | - -> Unknown settings field detected: FNM.LOGLEVEL. Registering dynamic runtime field as string.
2026-09-06 02:55:40.734 | WARNING  | amisim.setting | 0.00/0.01s | - -> Unknown settings field detected: FNM.MULTISHELL_PATH. Registering dynamic runtime field as string.
2026-09-06 02:55:40.734 | WARNING  | amisim.setting | 0.00/0.01s | - -> Unknown settings field detected: FNM.NODE_DIST_MIRROR. Registering dynamic runtime field as string.
2026-09-06 02:55:40.735 | WARNING  | amisim.setting | 0.00/0.01s | - -> Unknown settings field detected: FNM.RESOLVE_ENGINES. Registering dynamic runtime field as string.
2026-09-06 02:55:40.735 | WARNING  | amisim.setting | 0.00/0.01s | - -> Unknown settings field detected: FNM.VERSION_FILE_STRATEGY. Registering dynamic runtime field as string.
2026-09-06 02:55:40.735 | WARNING  | amisim.setting | 0.00/0.01s | - -> Unknown settings section detected: GIT. Creating dynamic section at runtime.
2026-09-06 02:55:40.735 | WARNING  | amisim.setting | 0.00/0.01s | - -> Unknown settings field detected: GIT.ASKPASS. Registering dynamic runtime field as string.
2026-09-06 02:55:40.735 | WARNING  | amisim.setting | 0.00/0.01s | - -> Unknown settings field detected: GIT.EDITOR. Registering dynamic runtime field as string.
2026-09-06 02:55:40.735 | WARNING  | amisim.setting | 0.00/0.01s | - -> Unknown settings field detected: GIT.MERGE_AUTOEDIT. Registering dynamic runtime field as string.
2026-09-06 02:55:40.735 | WARNING  | amisim.setting | 0.00/0.01s | - -> Unknown settings field detected: GIT.PAGER. Registering dynamic runtime field as string.
2026-09-06 02:55:40.736 | WARNING  | amisim.setting | 0.00/0.01s | - -> Unknown settings section detected: HADOOP. Creating dynamic section at runtime.
2026-09-06 02:55:40.736 | WARNING  | amisim.setting | 0.00/0.02s | - -> Unknown settings field detected: HADOOP.HOME. Registering dynamic runtime field as string.
2026-09-06 02:55:40.736 | WARNING  | amisim.setting | 0.00/0.02s | - -> Unknown settings section detected: JAVA. Creating dynamic section at runtime.
2026-09-06 02:55:40.736 | WARNING  | amisim.setting | 0.00/0.02s | - -> Unknown settings field detected: JAVA.HOME. Registering dynamic runtime field as string.
2026-09-06 02:55:40.736 | WARNING  | amisim.setting | 0.00/0.02s | - -> Unknown settings section detected: LD. Creating dynamic section at runtime.
2026-09-06 02:55:40.736 | WARNING  | amisim.setting | 0.00/0.02s | - -> Unknown settings field detected: LD.LIBRARY_PATH. Registering dynamic runtime field as string.
2026-09-06 02:55:40.737 | WARNING  | amisim.setting | 0.00/0.02s | - -> Unknown settings section detected: LIBVIRT. Creating dynamic section at runtime.
2026-09-06 02:55:40.737 | WARNING  | amisim.setting | 0.00/0.02s | - -> Unknown settings field detected: LIBVIRT.DEFAULT_URI. Registering dynamic runtime field as string.
2026-09-06 02:55:40.737 | WARNING  | amisim.setting | 0.00/0.02s | - -> Unknown settings section detected: LS. Creating dynamic section at runtime.
2026-09-06 02:55:40.737 | WARNING  | amisim.setting | 0.00/0.02s | - -> Unknown settings field detected: LS.COLORS. Registering dynamic runtime field as string.
2026-09-06 02:55:40.737 | WARNING  | amisim.setting | 0.00/0.02s | - -> Unknown settings section detected: PYDEVD. Creating dynamic section at runtime.
2026-09-06 02:55:40.738 | WARNING  | amisim.setting | 0.00/0.02s | - -> Unknown settings field detected: PYDEVD.DISABLE_FILE_VALIDATION. Registering dynamic runtime field as string.
2026-09-06 02:55:40.738 | WARNING  | amisim.setting | 0.00/0.02s | - -> Unknown settings section detected: PYTEST. Creating dynamic section at runtime.
2026-09-06 02:55:40.739 | WARNING  | amisim.setting | 0.00/0.02s | - -> Unknown settings field detected: PYTEST.CURRENT_TEST. Registering dynamic runtime field as string.
2026-09-06 02:55:40.739 | WARNING  | amisim.setting | 0.00/0.02s | - -> Unknown settings field detected: PYTEST.VERSION. Registering dynamic runtime field as string.
2026-09-06 02:55:40.739 | WARNING  | amisim.setting | 0.00/0.02s | - -> Unknown settings section detected: PYTHON. Creating dynamic section at runtime.
2026-09-06 02:55:40.740 | WARNING  | amisim.setting | 0.00/0.02s | - -> Unknown settings field detected: PYTHON.BASIC_REPL. Registering dynamic runtime field as string.
2026-09-06 02:55:40.740 | WARNING  | amisim.setting | 0.00/0.02s | - -> Unknown settings section detected: QT. Creating dynamic section at runtime.
2026-09-06 02:55:40.740 | WARNING  | amisim.setting | 0.00/0.02s | - -> Unknown settings field detected: QT.XCB_GL_INTEGRATION. Registering dynamic runtime field as string.
2026-09-06 02:55:40.741 | WARNING  | amisim.setting | 0.00/0.02s | - -> Unknown settings section detected: SSH. Creating dynamic section at runtime.
2026-09-06 02:55:40.741 | WARNING  | amisim.setting | 0.00/0.02s | - -> Unknown settings field detected: SSH.CLIENT. Registering dynamic runtime field as string.
2026-09-06 02:55:40.741 | WARNING  | amisim.setting | 0.00/0.02s | - -> Unknown settings field detected: SSH.CONNECTION. Registering dynamic runtime field as string.
2026-09-06 02:55:40.742 | WARNING  | amisim.setting | 0.00/0.02s | - -> Unknown settings section detected: TERM. Creating dynamic section at runtime.
2026-09-06 02:55:40.742 | WARNING  | amisim.setting | 0.00/0.02s | - -> Unknown settings field detected: TERM.PROGRAM. Registering dynamic runtime field as string.
2026-09-06 02:55:40.742 | WARNING  | amisim.setting | 0.00/0.02s | - -> Unknown settings field detected: TERM.PROGRAM_VERSION. Registering dynamic runtime field as string.
2026-09-06 02:55:40.743 | WARNING  | amisim.setting | 0.00/0.02s | - -> Unknown settings section detected: VSCODE. Creating dynamic section at runtime.
2026-09-06 02:55:40.743 | WARNING  | amisim.setting | 0.00/0.02s | - -> Unknown settings field detected: VSCODE.DEBUGPY_ADAPTER_ENDPOINTS. Registering dynamic runtime field as string.
2026-09-06 02:55:40.743 | WARNING  | amisim.setting | 0.00/0.02s | - -> Unknown settings field detected: VSCODE.GIT_ASKPASS_EXTRA_ARGS. Registering dynamic runtime field as string.
2026-09-06 02:55:40.744 | WARNING  | amisim.setting | 0.00/0.02s | - -> Unknown settings field detected: VSCODE.GIT_ASKPASS_MAIN. Registering dynamic runtime field as string.
2026-09-06 02:55:40.744 | WARNING  | amisim.setting | 0.00/0.02s | - -> Unknown settings field detected: VSCODE.GIT_ASKPASS_NODE. Registering dynamic runtime field as string.
2026-09-06 02:55:40.744 | WARNING  | amisim.setting | 0.00/0.02s | - -> Unknown settings field detected: VSCODE.GIT_IPC_HANDLE. Registering dynamic runtime field as string.
2026-09-06 02:55:40.745 | WARNING  | amisim.setting | 0.00/0.02s | - -> Unknown settings field detected: VSCODE.IPC_HOOK_CLI. Registering dynamic runtime field as string.
2026-09-06 02:55:40.745 | WARNING  | amisim.setting | 0.00/0.02s | - -> Unknown settings field detected: VSCODE.PYTHON_AUTOACTIVATE_GUARD. Registering dynamic runtime field as string.
2026-09-06 02:55:40.745 | WARNING  | amisim.setting | 0.00/0.02s | - -> Unknown settings section detected: XDG. Creating dynamic section at runtime.
2026-09-06 02:55:40.746 | WARNING  | amisim.setting | 0.00/0.03s | - -> Unknown settings field detected: XDG.DATA_DIRS. Registering dynamic runtime field as string.
2026-09-06 02:55:40.746 | WARNING  | amisim.setting | 0.00/0.03s | - -> Unknown settings field detected: XDG.RUNTIME_DIR. Registering dynamic runtime field as string.
2026-09-06 02:55:40.746 | WARNING  | amisim.setting | 0.00/0.03s | - -> Unknown settings field detected: XDG.SESSION_CLASS. Registering dynamic runtime field as string.
2026-09-06 02:55:40.747 | WARNING  | amisim.setting | 0.00/0.03s | - -> Unknown settings field detected: XDG.SESSION_ID. Registering dynamic runtime field as string.
2026-09-06 02:55:40.747 | WARNING  | amisim.setting | 0.00/0.03s | - -> Unknown settings field detected: XDG.SESSION_TYPE. Registering dynamic runtime field as string.
2026-09-06 02:55:40.748 | WARNING  | amisim.setting | 0.00/0.03s | - -> Unknown settings section detected: AI. Creating dynamic section at runtime.
2026-09-06 02:55:40.749 | WARNING  | amisim.setting | 0.00/0.03s | - -> Unknown settings field detected: AI.AGENT. Registering dynamic runtime field as string.
2026-09-06 02:55:40.749 | WARNING  | amisim.setting | 0.00/0.03s | - -> Unknown settings section detected: BUNDLED. Creating dynamic section at runtime.
2026-09-06 02:55:40.749 | WARNING  | amisim.setting | 0.00/0.03s | - -> Unknown settings field detected: BUNDLED.DEBUGPY_PATH. Registering dynamic runtime field as string.
2026-09-06 02:55:40.750 | WARNING  | amisim.setting | 0.00/0.03s | - -> Unknown settings section detected: CONDA. Creating dynamic section at runtime.
2026-09-06 02:55:40.750 | WARNING  | amisim.setting | 0.00/0.03s | - -> Unknown settings field detected: CONDA.DEFAULT_ENV. Registering dynamic runtime field as string.
2026-09-06 02:55:40.750 | WARNING  | amisim.setting | 0.00/0.03s | - -> Unknown settings field detected: CONDA.EXE. Registering dynamic runtime field as string.
2026-09-06 02:55:40.751 | WARNING  | amisim.setting | 0.00/0.03s | - -> Unknown settings field detected: CONDA.PREFIX. Registering dynamic runtime field as string.
2026-09-06 02:55:40.751 | WARNING  | amisim.setting | 0.00/0.03s | - -> Unknown settings field detected: CONDA.PREFIX_1. Registering dynamic runtime field as string.
2026-09-06 02:55:40.751 | WARNING  | amisim.setting | 0.00/0.03s | - -> Unknown settings field detected: CONDA.PROMPT_MODIFIER. Registering dynamic runtime field as string.
2026-09-06 02:55:40.752 | WARNING  | amisim.setting | 0.00/0.03s | - -> Unknown settings field detected: CONDA.PYTHON_EXE. Registering dynamic runtime field as string.
2026-09-06 02:55:40.752 | WARNING  | amisim.setting | 0.00/0.03s | - -> Unknown settings field detected: CONDA.ROOT. Registering dynamic runtime field as string.
2026-09-06 02:55:40.752 | WARNING  | amisim.setting | 0.00/0.03s | - -> Unknown settings field detected: CONDA.SHLVL. Registering dynamic runtime field as string.
2026-09-06 02:55:40.753 | WARNING  | amisim.setting | 0.00/0.03s | - -> Unknown settings section detected: COPILOT. Creating dynamic section at runtime.
2026-09-06 02:55:40.753 | WARNING  | amisim.setting | 0.00/0.03s | - -> Unknown settings field detected: COPILOT.AGENT. Registering dynamic runtime field as string.
2026-09-06 02:55:40.753 | WARNING  | amisim.setting | 0.00/0.03s | - -> Unknown settings field detected: COPILOT.DEBUG_NONCE. Registering dynamic runtime field as string.
2026-09-06 02:55:40.754 | WARNING  | amisim.setting | 0.00/0.03s | - -> Unknown settings section detected: CUSTOM_SECTION. Creating dynamic section at runtime.
2026-09-06 02:55:40.754 | WARNING  | amisim.setting | 0.00/0.03s | - -> Unknown settings field detected: CUSTOM_SECTION.CUSTOM_FIELD. Registering dynamic runtime field as string.
2026-09-06 02:55:40.754 | WARNING  | amisim.setting | 0.00/0.03s | - -> Unknown settings section detected: DBUS. Creating dynamic section at runtime.
2026-09-06 02:55:40.755 | WARNING  | amisim.setting | 0.00/0.03s | - -> Unknown settings field detected: DBUS.SESSION_BUS_ADDRESS. Registering dynamic runtime field as string.
2026-09-06 02:55:40.755 | WARNING  | amisim.setting | 0.00/0.03s | - -> Unknown settings section detected: DEBIAN. Creating dynamic section at runtime.
2026-09-06 02:55:40.755 | WARNING  | amisim.setting | 0.00/0.03s | - -> Unknown settings field detected: DEBIAN.FRONTEND. Registering dynamic runtime field as string.
2026-09-06 02:55:40.756 | WARNING  | amisim.setting | 0.00/0.04s | - -> Unknown settings section detected: DEBUGINFOD. Creating dynamic section at runtime.
2026-09-06 02:55:40.757 | WARNING  | amisim.setting | 0.00/0.04s | - -> Unknown settings field detected: DEBUGINFOD.URLS. Registering dynamic runtime field as string.
2026-09-06 02:55:40.757 | WARNING  | amisim.setting | 0.00/0.04s | - -> Unknown settings section detected: FNM. Creating dynamic section at runtime.
2026-09-06 02:55:40.757 | WARNING  | amisim.setting | 0.00/0.04s | - -> Unknown settings field detected: FNM.ARCH. Registering dynamic runtime field as string.
2026-09-06 02:55:40.758 | WARNING  | amisim.setting | 0.00/0.04s | - -> Unknown settings field detected: FNM.COREPACK_ENABLED. Registering dynamic runtime field as string.
2026-09-06 02:55:40.758 | WARNING  | amisim.setting | 0.00/0.04s | - -> Unknown settings field detected: FNM.DIR. Registering dynamic runtime field as string.
2026-09-06 02:55:40.758 | WARNING  | amisim.setting | 0.00/0.04s | - -> Unknown settings field detected: FNM.LOGLEVEL. Registering dynamic runtime field as string.
2026-09-06 02:55:40.759 | WARNING  | amisim.setting | 0.00/0.04s | - -> Unknown settings field detected: FNM.MULTISHELL_PATH. Registering dynamic runtime field as string.
2026-09-06 02:55:40.759 | WARNING  | amisim.setting | 0.00/0.04s | - -> Unknown settings field detected: FNM.NODE_DIST_MIRROR. Registering dynamic runtime field as string.
2026-09-06 02:55:40.760 | WARNING  | amisim.setting | 0.00/0.04s | - -> Unknown settings field detected: FNM.RESOLVE_ENGINES. Registering dynamic runtime field as string.
2026-09-06 02:55:40.760 | WARNING  | amisim.setting | 0.00/0.04s | - -> Unknown settings field detected: FNM.VERSION_FILE_STRATEGY. Registering dynamic runtime field as string.
2026-09-06 02:55:40.760 | WARNING  | amisim.setting | 0.00/0.04s | - -> Unknown settings section detected: GIT. Creating dynamic section at runtime.
2026-09-06 02:55:40.761 | WARNING  | amisim.setting | 0.00/0.04s | - -> Unknown settings field detected: GIT.ASKPASS. Registering dynamic runtime field as string.
2026-09-06 02:55:40.762 | WARNING  | amisim.setting | 0.00/0.04s | - -> Unknown settings field detected: GIT.EDITOR. Registering dynamic runtime field as string.
2026-09-06 02:55:40.762 | WARNING  | amisim.setting | 0.00/0.04s | - -> Unknown settings field detected: GIT.MERGE_AUTOEDIT. Registering dynamic runtime field as string.
2026-09-06 02:55:40.762 | WARNING  | amisim.setting | 0.00/0.04s | - -> Unknown settings field detected: GIT.PAGER. Registering dynamic runtime field as string.
2026-09-06 02:55:40.764 | WARNING  | amisim.setting | 0.00/0.04s | - -> Unknown settings section detected: HADOOP. Creating dynamic section at runtime.
2026-09-06 02:55:40.764 | WARNING  | amisim.setting | 0.00/0.04s | - -> Unknown settings field detected: HADOOP.HOME. Registering dynamic runtime field as string.
2026-09-06 02:55:40.764 | WARNING  | amisim.setting | 0.00/0.04s | - -> Unknown settings section detected: JAVA. Creating dynamic section at runtime.
2026-09-06 02:55:40.764 | WARNING  | amisim.setting | 0.00/0.04s | - -> Unknown settings field detected: JAVA.HOME. Registering dynamic runtime field as string.
2026-09-06 02:55:40.766 | WARNING  | amisim.setting | 0.00/0.05s | - -> Unknown settings section detected: LD. Creating dynamic section at runtime.
2026-09-06 02:55:40.766 | WARNING  | amisim.setting | 0.00/0.05s | - -> Unknown settings field detected: LD.LIBRARY_PATH. Registering dynamic runtime field as string.
2026-09-06 02:55:40.766 | WARNING  | amisim.setting | 0.00/0.05s | - -> Unknown settings section detected: LIBVIRT. Creating dynamic section at runtime.
2026-09-06 02:55:40.766 | WARNING  | amisim.setting | 0.00/0.05s | - -> Unknown settings field detected: LIBVIRT.DEFAULT_URI. Registering dynamic runtime field as string.
2026-09-06 02:55:40.768 | WARNING  | amisim.setting | 0.00/0.05s | - -> Unknown settings section detected: LS. Creating dynamic section at runtime.
2026-09-06 02:55:40.768 | WARNING  | amisim.setting | 0.00/0.05s | - -> Unknown settings field detected: LS.COLORS. Registering dynamic runtime field as string.
2026-09-06 02:55:40.769 | WARNING  | amisim.setting | 0.00/0.05s | - -> Unknown settings section detected: PYDEVD. Creating dynamic section at runtime.
2026-09-06 02:55:40.769 | WARNING  | amisim.setting | 0.00/0.05s | - -> Unknown settings field detected: PYDEVD.DISABLE_FILE_VALIDATION. Registering dynamic runtime field as string.
2026-09-06 02:55:40.770 | WARNING  | amisim.setting | 0.00/0.05s | - -> Unknown settings section detected: PYTEST. Creating dynamic section at runtime.
2026-09-06 02:55:40.770 | WARNING  | amisim.setting | 0.00/0.05s | - -> Unknown settings field detected: PYTEST.CURRENT_TEST. Registering dynamic runtime field as string.
2026-09-06 02:55:40.770 | WARNING  | amisim.setting | 0.00/0.05s | - -> Unknown settings field detected: PYTEST.VERSION. Registering dynamic runtime field as string.
2026-09-06 02:55:40.771 | WARNING  | amisim.setting | 0.00/0.05s | - -> Unknown settings section detected: PYTHON. Creating dynamic section at runtime.
2026-09-06 02:55:40.772 | WARNING  | amisim.setting | 0.00/0.05s | - -> Unknown settings field detected: PYTHON.BASIC_REPL. Registering dynamic runtime field as string.
2026-09-06 02:55:40.772 | WARNING  | amisim.setting | 0.00/0.05s | - -> Unknown settings section detected: QT. Creating dynamic section at runtime.
2026-09-06 02:55:40.772 | WARNING  | amisim.setting | 0.00/0.05s | - -> Unknown settings field detected: QT.XCB_GL_INTEGRATION. Registering dynamic runtime field as string.
2026-09-06 02:55:40.772 | WARNING  | amisim.setting | 0.00/0.05s | - -> Unknown settings section detected: SSH. Creating dynamic section at runtime.
2026-09-06 02:55:40.773 | WARNING  | amisim.setting | 0.00/0.05s | - -> Unknown settings field detected: SSH.CLIENT. Registering dynamic runtime field as string.
2026-09-06 02:55:40.773 | WARNING  | amisim.setting | 0.00/0.05s | - -> Unknown settings field detected: SSH.CONNECTION. Registering dynamic runtime field as string.
2026-09-06 02:55:40.773 | WARNING  | amisim.setting | 0.00/0.05s | - -> Unknown settings section detected: TERM. Creating dynamic section at runtime.
2026-09-06 02:55:40.774 | WARNING  | amisim.setting | 0.00/0.05s | - -> Unknown settings field detected: TERM.PROGRAM. Registering dynamic runtime field as string.
2026-09-06 02:55:40.774 | WARNING  | amisim.setting | 0.00/0.05s | - -> Unknown settings field detected: TERM.PROGRAM_VERSION. Registering dynamic runtime field as string.
2026-09-06 02:55:40.774 | WARNING  | amisim.setting | 0.00/0.05s | - -> Unknown settings section detected: VSCODE. Creating dynamic section at runtime.
2026-09-06 02:55:40.775 | WARNING  | amisim.setting | 0.00/0.05s | - -> Unknown settings field detected: VSCODE.DEBUGPY_ADAPTER_ENDPOINTS. Registering dynamic runtime field as string.
2026-09-06 02:55:40.775 | WARNING  | amisim.setting | 0.00/0.05s | - -> Unknown settings field detected: VSCODE.GIT_ASKPASS_EXTRA_ARGS. Registering dynamic runtime field as string.
2026-09-06 02:55:40.776 | WARNING  | amisim.setting | 0.00/0.05s | - -> Unknown settings field detected: VSCODE.GIT_ASKPASS_MAIN. Registering dynamic runtime field as string.
2026-09-06 02:55:40.776 | WARNING  | amisim.setting | 0.00/0.05s | - -> Unknown settings field detected: VSCODE.GIT_ASKPASS_NODE. Registering dynamic runtime field as string.
2026-09-06 02:55:40.776 | WARNING  | amisim.setting | 0.00/0.06s | - -> Unknown settings field detected: VSCODE.GIT_IPC_HANDLE. Registering dynamic runtime field as string.
2026-09-06 02:55:40.776 | WARNING  | amisim.setting | 0.00/0.06s | - -> Unknown settings field detected: VSCODE.IPC_HOOK_CLI. Registering dynamic runtime field as string.
2026-09-06 02:55:40.777 | WARNING  | amisim.setting | 0.00/0.06s | - -> Unknown settings field detected: VSCODE.PYTHON_AUTOACTIVATE_GUARD. Registering dynamic runtime field as string.
2026-09-06 02:55:40.777 | WARNING  | amisim.setting | 0.00/0.06s | - -> Unknown settings section detected: XDG. Creating dynamic section at runtime.
2026-09-06 02:55:40.777 | WARNING  | amisim.setting | 0.00/0.06s | - -> Unknown settings field detected: XDG.DATA_DIRS. Registering dynamic runtime field as string.
2026-09-06 02:55:40.777 | WARNING  | amisim.setting | 0.00/0.06s | - -> Unknown settings field detected: XDG.RUNTIME_DIR. Registering dynamic runtime field as string.
2026-09-06 02:55:40.778 | WARNING  | amisim.setting | 0.00/0.06s | - -> Unknown settings field detected: XDG.SESSION_CLASS. Registering dynamic runtime field as string.
2026-09-06 02:55:40.778 | WARNING  | amisim.setting | 0.00/0.06s | - -> Unknown settings field detected: XDG.SESSION_ID. Registering dynamic runtime field as string.
2026-09-06 02:55:40.778 | WARNING  | amisim.setting | 0.00/0.06s | - -> Unknown settings field detected: XDG.SESSION_TYPE. Registering dynamic runtime field as string.
2026-09-06 02:55:40.800 | INFO     | amisim.application | 0.00/0.00s | - -> Settings loaded
2026-09-06 02:55:40.802 | WARNING  | amisim.setting | 0.00/0.00s | - -> Unknown settings section detected: AI. Creating dynamic section at runtime.
2026-09-06 02:55:40.802 | WARNING  | amisim.setting | 0.00/0.00s | - -> Unknown settings field detected: AI.AGENT. Registering dynamic runtime field as string.
2026-09-06 02:55:40.802 | WARNING  | amisim.setting | 0.00/0.00s | - -> Unknown settings section detected: BUNDLED. Creating dynamic section at runtime.
2026-09-06 02:55:40.803 | WARNING  | amisim.setting | 0.00/0.00s | - -> Unknown settings field detected: BUNDLED.DEBUGPY_PATH. Registering dynamic runtime field as string.
2026-09-06 02:55:40.803 | WARNING  | amisim.setting | 0.00/0.00s | - -> Unknown settings section detected: CONDA. Creating dynamic section at runtime.
2026-09-06 02:55:40.803 | WARNING  | amisim.setting | 0.00/0.00s | - -> Unknown settings field detected: CONDA.DEFAULT_ENV. Registering dynamic runtime field as string.
2026-09-06 02:55:40.803 | WARNING  | amisim.setting | 0.00/0.00s | - -> Unknown settings field detected: CONDA.EXE. Registering dynamic runtime field as string.
2026-09-06 02:55:40.803 | WARNING  | amisim.setting | 0.00/0.00s | - -> Unknown settings field detected: CONDA.PREFIX. Registering dynamic runtime field as string.
2026-09-06 02:55:40.803 | WARNING  | amisim.setting | 0.00/0.00s | - -> Unknown settings field detected: CONDA.PREFIX_1. Registering dynamic runtime field as string.
2026-09-06 02:55:40.804 | WARNING  | amisim.setting | 0.00/0.00s | - -> Unknown settings field detected: CONDA.PROMPT_MODIFIER. Registering dynamic runtime field as string.
2026-09-06 02:55:40.804 | WARNING  | amisim.setting | 0.00/0.00s | - -> Unknown settings field detected: CONDA.PYTHON_EXE. Registering dynamic runtime field as string.
2026-09-06 02:55:40.804 | WARNING  | amisim.setting | 0.00/0.00s | - -> Unknown settings field detected: CONDA.ROOT. Registering dynamic runtime field as string.
2026-09-06 02:55:40.804 | WARNING  | amisim.setting | 0.00/0.00s | - -> Unknown settings field detected: CONDA.SHLVL. Registering dynamic runtime field as string.
2026-09-06 02:55:40.804 | WARNING  | amisim.setting | 0.00/0.00s | - -> Unknown settings section detected: COPILOT. Creating dynamic section at runtime.
2026-09-06 02:55:40.804 | WARNING  | amisim.setting | 0.00/0.00s | - -> Unknown settings field detected: COPILOT.AGENT. Registering dynamic runtime field as string.
2026-09-06 02:55:40.805 | WARNING  | amisim.setting | 0.00/0.00s | - -> Unknown settings field detected: COPILOT.DEBUG_NONCE. Registering dynamic runtime field as string.
2026-09-06 02:55:40.805 | WARNING  | amisim.setting | 0.00/0.00s | - -> Unknown settings section detected: DBUS. Creating dynamic section at runtime.
2026-09-06 02:55:40.805 | WARNING  | amisim.setting | 0.00/0.00s | - -> Unknown settings field detected: DBUS.SESSION_BUS_ADDRESS. Registering dynamic runtime field as string.
2026-09-06 02:55:40.805 | WARNING  | amisim.setting | 0.00/0.01s | - -> Unknown settings section detected: DEBIAN. Creating dynamic section at runtime.
2026-09-06 02:55:40.805 | WARNING  | amisim.setting | 0.00/0.01s | - -> Unknown settings field detected: DEBIAN.FRONTEND. Registering dynamic runtime field as string.
2026-09-06 02:55:40.805 | WARNING  | amisim.setting | 0.00/0.01s | - -> Unknown settings section detected: DEBUGINFOD. Creating dynamic section at runtime.
2026-09-06 02:55:40.806 | WARNING  | amisim.setting | 0.00/0.01s | - -> Unknown settings field detected: DEBUGINFOD.URLS. Registering dynamic runtime field as string.
2026-09-06 02:55:40.806 | WARNING  | amisim.setting | 0.00/0.01s | - -> Unknown settings section detected: FNM. Creating dynamic section at runtime.
2026-09-06 02:55:40.806 | WARNING  | amisim.setting | 0.00/0.01s | - -> Unknown settings field detected: FNM.ARCH. Registering dynamic runtime field as string.
2026-09-06 02:55:40.806 | WARNING  | amisim.setting | 0.00/0.01s | - -> Unknown settings field detected: FNM.COREPACK_ENABLED. Registering dynamic runtime field as string.
2026-09-06 02:55:40.806 | WARNING  | amisim.setting | 0.00/0.01s | - -> Unknown settings field detected: FNM.DIR. Registering dynamic runtime field as string.
2026-09-06 02:55:40.806 | WARNING  | amisim.setting | 0.00/0.01s | - -> Unknown settings field detected: FNM.LOGLEVEL. Registering dynamic runtime field as string.
2026-09-06 02:55:40.806 | WARNING  | amisim.setting | 0.00/0.01s | - -> Unknown settings field detected: FNM.MULTISHELL_PATH. Registering dynamic runtime field as string.
2026-09-06 02:55:40.807 | WARNING  | amisim.setting | 0.00/0.01s | - -> Unknown settings field detected: FNM.NODE_DIST_MIRROR. Registering dynamic runtime field as string.
2026-09-06 02:55:40.807 | WARNING  | amisim.setting | 0.00/0.01s | - -> Unknown settings field detected: FNM.RESOLVE_ENGINES. Registering dynamic runtime field as string.
2026-09-06 02:55:40.807 | WARNING  | amisim.setting | 0.00/0.01s | - -> Unknown settings field detected: FNM.VERSION_FILE_STRATEGY. Registering dynamic runtime field as string.
2026-09-06 02:55:40.807 | WARNING  | amisim.setting | 0.00/0.01s | - -> Unknown settings section detected: GIT. Creating dynamic section at runtime.
2026-09-06 02:55:40.807 | WARNING  | amisim.setting | 0.00/0.01s | - -> Unknown settings field detected: GIT.ASKPASS. Registering dynamic runtime field as string.
2026-09-06 02:55:40.807 | WARNING  | amisim.setting | 0.00/0.01s | - -> Unknown settings field detected: GIT.EDITOR. Registering dynamic runtime field as string.
2026-09-06 02:55:40.808 | WARNING  | amisim.setting | 0.00/0.01s | - -> Unknown settings field detected: GIT.MERGE_AUTOEDIT. Registering dynamic runtime field as string.
2026-09-06 02:55:40.808 | WARNING  | amisim.setting | 0.00/0.01s | - -> Unknown settings field detected: GIT.PAGER. Registering dynamic runtime field as string.
2026-09-06 02:55:40.808 | WARNING  | amisim.setting | 0.00/0.01s | - -> Unknown settings section detected: HADOOP. Creating dynamic section at runtime.
2026-09-06 02:55:40.808 | WARNING  | amisim.setting | 0.00/0.01s | - -> Unknown settings field detected: HADOOP.HOME. Registering dynamic runtime field as string.
2026-09-06 02:55:40.808 | WARNING  | amisim.setting | 0.00/0.01s | - -> Unknown settings section detected: JAVA. Creating dynamic section at runtime.
2026-09-06 02:55:40.808 | WARNING  | amisim.setting | 0.00/0.01s | - -> Unknown settings field detected: JAVA.HOME. Registering dynamic runtime field as string.
2026-09-06 02:55:40.809 | WARNING  | amisim.setting | 0.00/0.01s | - -> Unknown settings section detected: LD. Creating dynamic section at runtime.
2026-09-06 02:55:40.809 | WARNING  | amisim.setting | 0.00/0.01s | - -> Unknown settings field detected: LD.LIBRARY_PATH. Registering dynamic runtime field as string.
2026-09-06 02:55:40.809 | WARNING  | amisim.setting | 0.00/0.01s | - -> Unknown settings section detected: LIBVIRT. Creating dynamic section at runtime.
2026-09-06 02:55:40.809 | WARNING  | amisim.setting | 0.00/0.01s | - -> Unknown settings field detected: LIBVIRT.DEFAULT_URI. Registering dynamic runtime field as string.
2026-09-06 02:55:40.809 | WARNING  | amisim.setting | 0.00/0.01s | - -> Unknown settings section detected: LS. Creating dynamic section at runtime.
2026-09-06 02:55:40.809 | WARNING  | amisim.setting | 0.00/0.01s | - -> Unknown settings field detected: LS.COLORS. Registering dynamic runtime field as string.
2026-09-06 02:55:40.810 | WARNING  | amisim.setting | 0.00/0.01s | - -> Unknown settings section detected: PYDEVD. Creating dynamic section at runtime.
2026-09-06 02:55:40.810 | WARNING  | amisim.setting | 0.00/0.01s | - -> Unknown settings field detected: PYDEVD.DISABLE_FILE_VALIDATION. Registering dynamic runtime field as string.
2026-09-06 02:55:40.810 | WARNING  | amisim.setting | 0.00/0.01s | - -> Unknown settings section detected: PYTEST. Creating dynamic section at runtime.
2026-09-06 02:55:40.811 | WARNING  | amisim.setting | 0.00/0.01s | - -> Unknown settings field detected: PYTEST.CURRENT_TEST. Registering dynamic runtime field as string.
2026-09-06 02:55:40.811 | WARNING  | amisim.setting | 0.00/0.01s | - -> Unknown settings field detected: PYTEST.VERSION. Registering dynamic runtime field as string.
2026-09-06 02:55:40.811 | WARNING  | amisim.setting | 0.00/0.01s | - -> Unknown settings section detected: PYTHON. Creating dynamic section at runtime.
2026-09-06 02:55:40.812 | WARNING  | amisim.setting | 0.00/0.01s | - -> Unknown settings field detected: PYTHON.BASIC_REPL. Registering dynamic runtime field as string.
2026-09-06 02:55:40.812 | WARNING  | amisim.setting | 0.00/0.01s | - -> Unknown settings section detected: QT. Creating dynamic section at runtime.
2026-09-06 02:55:40.812 | WARNING  | amisim.setting | 0.00/0.01s | - -> Unknown settings field detected: QT.XCB_GL_INTEGRATION. Registering dynamic runtime field as string.
2026-09-06 02:55:40.813 | WARNING  | amisim.setting | 0.00/0.01s | - -> Unknown settings section detected: SSH. Creating dynamic section at runtime.
2026-09-06 02:55:40.813 | WARNING  | amisim.setting | 0.00/0.01s | - -> Unknown settings field detected: SSH.CLIENT. Registering dynamic runtime field as string.
2026-09-06 02:55:40.813 | WARNING  | amisim.setting | 0.00/0.01s | - -> Unknown settings field detected: SSH.CONNECTION. Registering dynamic runtime field as string.
2026-09-06 02:55:40.814 | WARNING  | amisim.setting | 0.00/0.01s | - -> Unknown settings section detected: TERM. Creating dynamic section at runtime.
2026-09-06 02:55:40.814 | WARNING  | amisim.setting | 0.00/0.01s | - -> Unknown settings field detected: TERM.PROGRAM. Registering dynamic runtime field as string.
2026-09-06 02:55:40.815 | WARNING  | amisim.setting | 0.00/0.01s | - -> Unknown settings field detected: TERM.PROGRAM_VERSION. Registering dynamic runtime field as string.
2026-09-06 02:55:40.815 | WARNING  | amisim.setting | 0.00/0.02s | - -> Unknown settings section detected: VSCODE. Creating dynamic section at runtime.
2026-09-06 02:55:40.815 | WARNING  | amisim.setting | 0.00/0.02s | - -> Unknown settings field detected: VSCODE.DEBUGPY_ADAPTER_ENDPOINTS. Registering dynamic runtime field as string.
2026-09-06 02:55:40.815 | WARNING  | amisim.setting | 0.00/0.02s | - -> Unknown settings field detected: VSCODE.GIT_ASKPASS_EXTRA_ARGS. Registering dynamic runtime field as string.
2026-09-06 02:55:40.816 | WARNING  | amisim.setting | 0.00/0.02s | - -> Unknown settings field detected: VSCODE.GIT_ASKPASS_MAIN. Registering dynamic runtime field as string.
2026-09-06 02:55:40.816 | WARNING  | amisim.setting | 0.00/0.02s | - -> Unknown settings field detected: VSCODE.GIT_ASKPASS_NODE. Registering dynamic runtime field as string.
2026-09-06 02:55:40.817 | WARNING  | amisim.setting | 0.00/0.02s | - -> Unknown settings field detected: VSCODE.GIT_IPC_HANDLE. Registering dynamic runtime field as string.
2026-09-06 02:55:40.817 | WARNING  | amisim.setting | 0.00/0.02s | - -> Unknown settings field detected: VSCODE.IPC_HOOK_CLI. Registering dynamic runtime field as string.
2026-09-06 02:55:40.817 | WARNING  | amisim.setting | 0.00/0.02s | - -> Unknown settings field detected: VSCODE.PYTHON_AUTOACTIVATE_GUARD. Registering dynamic runtime field as string.
2026-09-06 02:55:40.817 | WARNING  | amisim.setting | 0.00/0.02s | - -> Unknown settings section detected: XDG. Creating dynamic section at runtime.
2026-09-06 02:55:40.818 | WARNING  | amisim.setting | 0.00/0.02s | - -> Unknown settings field detected: XDG.DATA_DIRS. Registering dynamic runtime field as string.
2026-09-06 02:55:40.818 | WARNING  | amisim.setting | 0.00/0.02s | - -> Unknown settings field detected: XDG.RUNTIME_DIR. Registering dynamic runtime field as string.
2026-09-06 02:55:40.819 | WARNING  | amisim.setting | 0.00/0.02s | - -> Unknown settings field detected: XDG.SESSION_CLASS. Registering dynamic runtime field as string.
2026-09-06 02:55:40.819 | WARNING  | amisim.setting | 0.00/0.02s | - -> Unknown settings field detected: XDG.SESSION_ID. Registering dynamic runtime field as string.
2026-09-06 02:55:40.819 | WARNING  | amisim.setting | 0.00/0.02s | - -> Unknown settings field detected: XDG.SESSION_TYPE. Registering dynamic runtime field as string.
2026-09-06 02:55:40.820 | WARNING  | amisim.setting | 0.00/0.02s | - -> Unknown settings section detected: AI. Creating dynamic section at runtime.
2026-09-06 02:55:40.821 | WARNING  | amisim.setting | 0.00/0.02s | - -> Unknown settings field detected: AI.AGENT. Registering dynamic runtime field as string.
2026-09-06 02:55:40.821 | WARNING  | amisim.setting | 0.00/0.02s | - -> Unknown settings section detected: BUNDLED. Creating dynamic section at runtime.
2026-09-06 02:55:40.821 | WARNING  | amisim.setting | 0.00/0.02s | - -> Unknown settings field detected: BUNDLED.DEBUGPY_PATH. Registering dynamic runtime field as string.
2026-09-06 02:55:40.822 | WARNING  | amisim.setting | 0.00/0.02s | - -> Unknown settings section detected: CONDA. Creating dynamic section at runtime.
2026-09-06 02:55:40.822 | WARNING  | amisim.setting | 0.00/0.02s | - -> Unknown settings field detected: CONDA.DEFAULT_ENV. Registering dynamic runtime field as string.
2026-09-06 02:55:40.822 | WARNING  | amisim.setting | 0.00/0.02s | - -> Unknown settings field detected: CONDA.EXE. Registering dynamic runtime field as string.
2026-09-06 02:55:40.823 | WARNING  | amisim.setting | 0.00/0.02s | - -> Unknown settings field detected: CONDA.PREFIX. Registering dynamic runtime field as string.
2026-09-06 02:55:40.823 | WARNING  | amisim.setting | 0.00/0.02s | - -> Unknown settings field detected: CONDA.PREFIX_1. Registering dynamic runtime field as string.
2026-09-06 02:55:40.823 | WARNING  | amisim.setting | 0.00/0.02s | - -> Unknown settings field detected: CONDA.PROMPT_MODIFIER. Registering dynamic runtime field as string.
2026-09-06 02:55:40.824 | WARNING  | amisim.setting | 0.00/0.02s | - -> Unknown settings field detected: CONDA.PYTHON_EXE. Registering dynamic runtime field as string.
2026-09-06 02:55:40.824 | WARNING  | amisim.setting | 0.00/0.02s | - -> Unknown settings field detected: CONDA.ROOT. Registering dynamic runtime field as string.
2026-09-06 02:55:40.824 | WARNING  | amisim.setting | 0.00/0.02s | - -> Unknown settings field detected: CONDA.SHLVL. Registering dynamic runtime field as string.
2026-09-06 02:55:40.825 | WARNING  | amisim.setting | 0.00/0.03s | - -> Unknown settings section detected: COPILOT. Creating dynamic section at runtime.
2026-09-06 02:55:40.825 | WARNING  | amisim.setting | 0.00/0.03s | - -> Unknown settings field detected: COPILOT.AGENT. Registering dynamic runtime field as string.
2026-09-06 02:55:40.825 | WARNING  | amisim.setting | 0.00/0.03s | - -> Unknown settings field detected: COPILOT.DEBUG_NONCE. Registering dynamic runtime field as string.
2026-09-06 02:55:40.826 | WARNING  | amisim.setting | 0.00/0.03s | - -> Unknown settings section detected: DBUS. Creating dynamic section at runtime.
2026-09-06 02:55:40.827 | WARNING  | amisim.setting | 0.00/0.03s | - -> Unknown settings field detected: DBUS.SESSION_BUS_ADDRESS. Registering dynamic runtime field as string.
2026-09-06 02:55:40.827 | WARNING  | amisim.setting | 0.00/0.03s | - -> Unknown settings section detected: DEBIAN. Creating dynamic section at runtime.
2026-09-06 02:55:40.828 | WARNING  | amisim.setting | 0.00/0.03s | - -> Unknown settings field detected: DEBIAN.FRONTEND. Registering dynamic runtime field as string.
2026-09-06 02:55:40.828 | WARNING  | amisim.setting | 0.00/0.03s | - -> Unknown settings section detected: DEBUGINFOD. Creating dynamic section at runtime.
2026-09-06 02:55:40.828 | WARNING  | amisim.setting | 0.00/0.03s | - -> Unknown settings field detected: DEBUGINFOD.URLS. Registering dynamic runtime field as string.
2026-09-06 02:55:40.829 | WARNING  | amisim.setting | 0.00/0.03s | - -> Unknown settings section detected: FNM. Creating dynamic section at runtime.
2026-09-06 02:55:40.829 | WARNING  | amisim.setting | 0.00/0.03s | - -> Unknown settings field detected: FNM.ARCH. Registering dynamic runtime field as string.
2026-09-06 02:55:40.829 | WARNING  | amisim.setting | 0.00/0.03s | - -> Unknown settings field detected: FNM.COREPACK_ENABLED. Registering dynamic runtime field as string.
2026-09-06 02:55:40.830 | WARNING  | amisim.setting | 0.00/0.03s | - -> Unknown settings field detected: FNM.DIR. Registering dynamic runtime field as string.
2026-09-06 02:55:40.830 | WARNING  | amisim.setting | 0.00/0.03s | - -> Unknown settings field detected: FNM.LOGLEVEL. Registering dynamic runtime field as string.
2026-09-06 02:55:40.830 | WARNING  | amisim.setting | 0.00/0.03s | - -> Unknown settings field detected: FNM.MULTISHELL_PATH. Registering dynamic runtime field as string.
2026-09-06 02:55:40.830 | WARNING  | amisim.setting | 0.00/0.03s | - -> Unknown settings field detected: FNM.NODE_DIST_MIRROR. Registering dynamic runtime field as string.
2026-09-06 02:55:40.831 | WARNING  | amisim.setting | 0.00/0.03s | - -> Unknown settings field detected: FNM.RESOLVE_ENGINES. Registering dynamic runtime field as string.
2026-09-06 02:55:40.832 | WARNING  | amisim.setting | 0.00/0.03s | - -> Unknown settings field detected: FNM.VERSION_FILE_STRATEGY. Registering dynamic runtime field as string.
2026-09-06 02:55:40.832 | WARNING  | amisim.setting | 0.00/0.03s | - -> Unknown settings section detected: GIT. Creating dynamic section at runtime.
2026-09-06 02:55:40.832 | WARNING  | amisim.setting | 0.00/0.03s | - -> Unknown settings field detected: GIT.ASKPASS. Registering dynamic runtime field as string.
2026-09-06 02:55:40.832 | WARNING  | amisim.setting | 0.00/0.03s | - -> Unknown settings field detected: GIT.EDITOR. Registering dynamic runtime field as string.
2026-09-06 02:55:40.834 | WARNING  | amisim.setting | 0.00/0.03s | - -> Unknown settings field detected: GIT.MERGE_AUTOEDIT. Registering dynamic runtime field as string.
2026-09-06 02:55:40.834 | WARNING  | amisim.setting | 0.00/0.03s | - -> Unknown settings field detected: GIT.PAGER. Registering dynamic runtime field as string.
2026-09-06 02:55:40.834 | WARNING  | amisim.setting | 0.00/0.03s | - -> Unknown settings section detected: HADOOP. Creating dynamic section at runtime.
2026-09-06 02:55:40.834 | WARNING  | amisim.setting | 0.00/0.03s | - -> Unknown settings field detected: HADOOP.HOME. Registering dynamic runtime field as string.
2026-09-06 02:55:40.835 | WARNING  | amisim.setting | 0.00/0.04s | - -> Unknown settings section detected: JAVA. Creating dynamic section at runtime.
2026-09-06 02:55:40.836 | WARNING  | amisim.setting | 0.00/0.04s | - -> Unknown settings field detected: JAVA.HOME. Registering dynamic runtime field as string.
2026-09-06 02:55:40.836 | WARNING  | amisim.setting | 0.00/0.04s | - -> Unknown settings section detected: LD. Creating dynamic section at runtime.
2026-09-06 02:55:40.836 | WARNING  | amisim.setting | 0.00/0.04s | - -> Unknown settings field detected: LD.LIBRARY_PATH. Registering dynamic runtime field as string.
2026-09-06 02:55:40.837 | WARNING  | amisim.setting | 0.00/0.04s | - -> Unknown settings section detected: LIBVIRT. Creating dynamic section at runtime.
2026-09-06 02:55:40.838 | WARNING  | amisim.setting | 0.00/0.04s | - -> Unknown settings field detected: LIBVIRT.DEFAULT_URI. Registering dynamic runtime field as string.
2026-09-06 02:55:40.838 | WARNING  | amisim.setting | 0.00/0.04s | - -> Unknown settings section detected: LS. Creating dynamic section at runtime.
2026-09-06 02:55:40.838 | WARNING  | amisim.setting | 0.00/0.04s | - -> Unknown settings field detected: LS.COLORS. Registering dynamic runtime field as string.
2026-09-06 02:55:40.840 | WARNING  | amisim.setting | 0.00/0.04s | - -> Unknown settings section detected: PYDEVD. Creating dynamic section at runtime.
2026-09-06 02:55:40.840 | WARNING  | amisim.setting | 0.00/0.04s | - -> Unknown settings field detected: PYDEVD.DISABLE_FILE_VALIDATION. Registering dynamic runtime field as string.
2026-09-06 02:55:40.840 | WARNING  | amisim.setting | 0.00/0.04s | - -> Unknown settings section detected: PYTEST. Creating dynamic section at runtime.
2026-09-06 02:55:40.840 | WARNING  | amisim.setting | 0.00/0.04s | - -> Unknown settings field detected: PYTEST.CURRENT_TEST. Registering dynamic runtime field as string.
2026-09-06 02:55:40.842 | WARNING  | amisim.setting | 0.00/0.04s | - -> Unknown settings field detected: PYTEST.VERSION. Registering dynamic runtime field as string.
2026-09-06 02:55:40.842 | WARNING  | amisim.setting | 0.00/0.04s | - -> Unknown settings section detected: PYTHON. Creating dynamic section at runtime.
2026-09-06 02:55:40.842 | WARNING  | amisim.setting | 0.00/0.04s | - -> Unknown settings field detected: PYTHON.BASIC_REPL. Registering dynamic runtime field as string.
2026-09-06 02:55:40.842 | WARNING  | amisim.setting | 0.00/0.04s | - -> Unknown settings section detected: QT. Creating dynamic section at runtime.
2026-09-06 02:55:40.844 | WARNING  | amisim.setting | 0.00/0.04s | - -> Unknown settings field detected: QT.XCB_GL_INTEGRATION. Registering dynamic runtime field as string.
2026-09-06 02:55:40.844 | WARNING  | amisim.setting | 0.00/0.04s | - -> Unknown settings section detected: SSH. Creating dynamic section at runtime.
2026-09-06 02:55:40.844 | WARNING  | amisim.setting | 0.00/0.04s | - -> Unknown settings field detected: SSH.CLIENT. Registering dynamic runtime field as string.
2026-09-06 02:55:40.844 | WARNING  | amisim.setting | 0.00/0.04s | - -> Unknown settings field detected: SSH.CONNECTION. Registering dynamic runtime field as string.
2026-09-06 02:55:40.845 | WARNING  | amisim.setting | 0.00/0.05s | - -> Unknown settings section detected: TERM. Creating dynamic section at runtime.
2026-09-06 02:55:40.845 | WARNING  | amisim.setting | 0.00/0.05s | - -> Unknown settings field detected: TERM.PROGRAM. Registering dynamic runtime field as string.
2026-09-06 02:55:40.845 | WARNING  | amisim.setting | 0.00/0.05s | - -> Unknown settings field detected: TERM.PROGRAM_VERSION. Registering dynamic runtime field as string.
2026-09-06 02:55:40.845 | WARNING  | amisim.setting | 0.00/0.05s | - -> Unknown settings section detected: VSCODE. Creating dynamic section at runtime.
2026-09-06 02:55:40.846 | WARNING  | amisim.setting | 0.00/0.05s | - -> Unknown settings field detected: VSCODE.DEBUGPY_ADAPTER_ENDPOINTS. Registering dynamic runtime field as string.
2026-09-06 02:55:40.846 | WARNING  | amisim.setting | 0.00/0.05s | - -> Unknown settings field detected: VSCODE.GIT_ASKPASS_EXTRA_ARGS. Registering dynamic runtime field as string.
2026-09-06 02:55:40.847 | WARNING  | amisim.setting | 0.00/0.05s | - -> Unknown settings field detected: VSCODE.GIT_ASKPASS_MAIN. Registering dynamic runtime field as string.
2026-09-06 02:55:40.847 | WARNING  | amisim.setting | 0.00/0.05s | - -> Unknown settings field detected: VSCODE.GIT_ASKPASS_NODE. Registering dynamic runtime field as string.
2026-09-06 02:55:40.848 | WARNING  | amisim.setting | 0.00/0.05s | - -> Unknown settings field detected: VSCODE.GIT_IPC_HANDLE. Registering dynamic runtime field as string.
2026-09-06 02:55:40.848 | WARNING  | amisim.setting | 0.00/0.05s | - -> Unknown settings field detected: VSCODE.IPC_HOOK_CLI. Registering dynamic runtime field as string.
2026-09-06 02:55:40.848 | WARNING  | amisim.setting | 0.00/0.05s | - -> Unknown settings field detected: VSCODE.PYTHON_AUTOACTIVATE_GUARD. Registering dynamic runtime field as string.
2026-09-06 02:55:40.848 | WARNING  | amisim.setting | 0.00/0.05s | - -> Unknown settings section detected: XDG. Creating dynamic section at runtime.
2026-09-06 02:55:40.849 | WARNING  | amisim.setting | 0.00/0.05s | - -> Unknown settings field detected: XDG.DATA_DIRS. Registering dynamic runtime field as string.
2026-09-06 02:55:40.849 | WARNING  | amisim.setting | 0.00/0.05s | - -> Unknown settings field detected: XDG.RUNTIME_DIR. Registering dynamic runtime field as string.
2026-09-06 02:55:40.849 | WARNING  | amisim.setting | 0.00/0.05s | - -> Unknown settings field detected: XDG.SESSION_CLASS. Registering dynamic runtime field as string.
2026-09-06 02:55:40.850 | WARNING  | amisim.setting | 0.00/0.05s | - -> Unknown settings field detected: XDG.SESSION_ID. Registering dynamic runtime field as string.
2026-09-06 02:55:40.851 | WARNING  | amisim.setting | 0.00/0.05s | - -> Unknown settings field detected: XDG.SESSION_TYPE. Registering dynamic runtime field as string.
2026-09-06 02:55:40.852 | WARNING  | amisim.setting | 0.00/0.05s | - -> Unknown settings section detected: AI. Creating dynamic section at runtime.
2026-09-06 02:55:40.853 | WARNING  | amisim.setting | 0.00/0.05s | - -> Unknown settings field detected: AI.AGENT. Registering dynamic runtime field as string.
2026-09-06 02:55:40.853 | WARNING  | amisim.setting | 0.00/0.05s | - -> Unknown settings section detected: BUNDLED. Creating dynamic section at runtime.
2026-09-06 02:55:40.853 | WARNING  | amisim.setting | 0.00/0.05s | - -> Unknown settings field detected: BUNDLED.DEBUGPY_PATH. Registering dynamic runtime field as string.
2026-09-06 02:55:40.853 | WARNING  | amisim.setting | 0.00/0.05s | - -> Unknown settings section detected: CONDA. Creating dynamic section at runtime.
2026-09-06 02:55:40.854 | WARNING  | amisim.setting | 0.00/0.05s | - -> Unknown settings field detected: CONDA.DEFAULT_ENV. Registering dynamic runtime field as string.
2026-09-06 02:55:40.854 | WARNING  | amisim.setting | 0.00/0.05s | - -> Unknown settings field detected: CONDA.EXE. Registering dynamic runtime field as string.
2026-09-06 02:55:40.854 | WARNING  | amisim.setting | 0.00/0.05s | - -> Unknown settings field detected: CONDA.PREFIX. Registering dynamic runtime field as string.
2026-09-06 02:55:40.854 | WARNING  | amisim.setting | 0.00/0.05s | - -> Unknown settings field detected: CONDA.PREFIX_1. Registering dynamic runtime field as string.
2026-09-06 02:55:40.854 | WARNING  | amisim.setting | 0.00/0.05s | - -> Unknown settings field detected: CONDA.PROMPT_MODIFIER. Registering dynamic runtime field as string.
2026-09-06 02:55:40.855 | WARNING  | amisim.setting | 0.00/0.05s | - -> Unknown settings field detected: CONDA.PYTHON_EXE. Registering dynamic runtime field as string.
2026-09-06 02:55:40.855 | WARNING  | amisim.setting | 0.00/0.06s | - -> Unknown settings field detected: CONDA.ROOT. Registering dynamic runtime field as string.
2026-09-06 02:55:40.856 | WARNING  | amisim.setting | 0.00/0.06s | - -> Unknown settings field detected: CONDA.SHLVL. Registering dynamic runtime field as string.
2026-09-06 02:55:40.856 | WARNING  | amisim.setting | 0.00/0.06s | - -> Unknown settings section detected: COPILOT. Creating dynamic section at runtime.
2026-09-06 02:55:40.856 | WARNING  | amisim.setting | 0.00/0.06s | - -> Unknown settings field detected: COPILOT.AGENT. Registering dynamic runtime field as string.
2026-09-06 02:55:40.857 | WARNING  | amisim.setting | 0.00/0.06s | - -> Unknown settings field detected: COPILOT.DEBUG_NONCE. Registering dynamic runtime field as string.
2026-09-06 02:55:40.857 | WARNING  | amisim.setting | 0.00/0.06s | - -> Unknown settings section detected: DBUS. Creating dynamic section at runtime.
2026-09-06 02:55:40.857 | WARNING  | amisim.setting | 0.00/0.06s | - -> Unknown settings field detected: DBUS.SESSION_BUS_ADDRESS. Registering dynamic runtime field as string.
2026-09-06 02:55:40.858 | WARNING  | amisim.setting | 0.00/0.06s | - -> Unknown settings section detected: DEBIAN. Creating dynamic section at runtime.
2026-09-06 02:55:40.859 | WARNING  | amisim.setting | 0.00/0.06s | - -> Unknown settings field detected: DEBIAN.FRONTEND. Registering dynamic runtime field as string.
2026-09-06 02:55:40.859 | WARNING  | amisim.setting | 0.00/0.06s | - -> Unknown settings section detected: DEBUGINFOD. Creating dynamic section at runtime.
2026-09-06 02:55:40.859 | WARNING  | amisim.setting | 0.00/0.06s | - -> Unknown settings field detected: DEBUGINFOD.URLS. Registering dynamic runtime field as string.
2026-09-06 02:55:40.859 | WARNING  | amisim.setting | 0.00/0.06s | - -> Unknown settings section detected: FNM. Creating dynamic section at runtime.
2026-09-06 02:55:40.860 | WARNING  | amisim.setting | 0.00/0.06s | - -> Unknown settings field detected: FNM.ARCH. Registering dynamic runtime field as string.
2026-09-06 02:55:40.860 | WARNING  | amisim.setting | 0.00/0.06s | - -> Unknown settings field detected: FNM.COREPACK_ENABLED. Registering dynamic runtime field as string.
2026-09-06 02:55:40.860 | WARNING  | amisim.setting | 0.00/0.06s | - -> Unknown settings field detected: FNM.DIR. Registering dynamic runtime field as string.
2026-09-06 02:55:40.860 | WARNING  | amisim.setting | 0.00/0.06s | - -> Unknown settings field detected: FNM.LOGLEVEL. Registering dynamic runtime field as string.
2026-09-06 02:55:40.861 | WARNING  | amisim.setting | 0.00/0.06s | - -> Unknown settings field detected: FNM.MULTISHELL_PATH. Registering dynamic runtime field as string.
2026-09-06 02:55:40.861 | WARNING  | amisim.setting | 0.00/0.06s | - -> Unknown settings field detected: FNM.NODE_DIST_MIRROR. Registering dynamic runtime field as string.
2026-09-06 02:55:40.861 | WARNING  | amisim.setting | 0.00/0.06s | - -> Unknown settings field detected: FNM.RESOLVE_ENGINES. Registering dynamic runtime field as string.
2026-09-06 02:55:40.862 | WARNING  | amisim.setting | 0.00/0.06s | - -> Unknown settings field detected: FNM.VERSION_FILE_STRATEGY. Registering dynamic runtime field as string.
2026-09-06 02:55:40.862 | WARNING  | amisim.setting | 0.00/0.06s | - -> Unknown settings section detected: GIT. Creating dynamic section at runtime.
2026-09-06 02:55:40.863 | WARNING  | amisim.setting | 0.00/0.06s | - -> Unknown settings field detected: GIT.ASKPASS. Registering dynamic runtime field as string.
2026-09-06 02:55:40.863 | WARNING  | amisim.setting | 0.00/0.06s | - -> Unknown settings field detected: GIT.EDITOR. Registering dynamic runtime field as string.
2026-09-06 02:55:40.863 | WARNING  | amisim.setting | 0.00/0.06s | - -> Unknown settings field detected: GIT.MERGE_AUTOEDIT. Registering dynamic runtime field as string.
2026-09-06 02:55:40.864 | WARNING  | amisim.setting | 0.00/0.06s | - -> Unknown settings field detected: GIT.PAGER. Registering dynamic runtime field as string.
2026-09-06 02:55:40.864 | WARNING  | amisim.setting | 0.00/0.06s | - -> Unknown settings section detected: HADOOP. Creating dynamic section at runtime.
2026-09-06 02:55:40.864 | WARNING  | amisim.setting | 0.00/0.06s | - -> Unknown settings field detected: HADOOP.HOME. Registering dynamic runtime field as string.
2026-09-06 02:55:40.864 | WARNING  | amisim.setting | 0.00/0.06s | - -> Unknown settings section detected: JAVA. Creating dynamic section at runtime.
2026-09-06 02:55:40.865 | WARNING  | amisim.setting | 0.00/0.07s | - -> Unknown settings field detected: JAVA.HOME. Registering dynamic runtime field as string.
2026-09-06 02:55:40.865 | WARNING  | amisim.setting | 0.00/0.07s | - -> Unknown settings section detected: LD. Creating dynamic section at runtime.
2026-09-06 02:55:40.865 | WARNING  | amisim.setting | 0.00/0.07s | - -> Unknown settings field detected: LD.LIBRARY_PATH. Registering dynamic runtime field as string.
2026-09-06 02:55:40.866 | WARNING  | amisim.setting | 0.00/0.07s | - -> Unknown settings section detected: LIBVIRT. Creating dynamic section at runtime.
2026-09-06 02:55:40.867 | WARNING  | amisim.setting | 0.00/0.07s | - -> Unknown settings field detected: LIBVIRT.DEFAULT_URI. Registering dynamic runtime field as string.
2026-09-06 02:55:40.867 | WARNING  | amisim.setting | 0.00/0.07s | - -> Unknown settings section detected: LS. Creating dynamic section at runtime.
2026-09-06 02:55:40.867 | WARNING  | amisim.setting | 0.00/0.07s | - -> Unknown settings field detected: LS.COLORS. Registering dynamic runtime field as string.
2026-09-06 02:55:40.867 | WARNING  | amisim.setting | 0.00/0.07s | - -> Unknown settings section detected: PYDEVD. Creating dynamic section at runtime.
2026-09-06 02:55:40.868 | WARNING  | amisim.setting | 0.00/0.07s | - -> Unknown settings field detected: PYDEVD.DISABLE_FILE_VALIDATION. Registering dynamic runtime field as string.
2026-09-06 02:55:40.868 | WARNING  | amisim.setting | 0.00/0.07s | - -> Unknown settings section detected: PYTEST. Creating dynamic section at runtime.
2026-09-06 02:55:40.868 | WARNING  | amisim.setting | 0.00/0.07s | - -> Unknown settings field detected: PYTEST.CURRENT_TEST. Registering dynamic runtime field as string.
2026-09-06 02:55:40.868 | WARNING  | amisim.setting | 0.00/0.07s | - -> Unknown settings field detected: PYTEST.VERSION. Registering dynamic runtime field as string.
2026-09-06 02:55:40.869 | WARNING  | amisim.setting | 0.00/0.07s | - -> Unknown settings section detected: PYTHON. Creating dynamic section at runtime.
2026-09-06 02:55:40.869 | WARNING  | amisim.setting | 0.00/0.07s | - -> Unknown settings field detected: PYTHON.BASIC_REPL. Registering dynamic runtime field as string.
2026-09-06 02:55:40.870 | WARNING  | amisim.setting | 0.00/0.07s | - -> Unknown settings section detected: QT. Creating dynamic section at runtime.
2026-09-06 02:55:40.870 | WARNING  | amisim.setting | 0.00/0.07s | - -> Unknown settings field detected: QT.XCB_GL_INTEGRATION. Registering dynamic runtime field as string.
2026-09-06 02:55:40.871 | WARNING  | amisim.setting | 0.00/0.07s | - -> Unknown settings section detected: SSH. Creating dynamic section at runtime.
2026-09-06 02:55:40.871 | WARNING  | amisim.setting | 0.00/0.07s | - -> Unknown settings field detected: SSH.CLIENT. Registering dynamic runtime field as string.
2026-09-06 02:55:40.871 | WARNING  | amisim.setting | 0.00/0.07s | - -> Unknown settings field detected: SSH.CONNECTION. Registering dynamic runtime field as string.
2026-09-06 02:55:40.871 | WARNING  | amisim.setting | 0.00/0.07s | - -> Unknown settings section detected: TERM. Creating dynamic section at runtime.
2026-09-06 02:55:40.872 | WARNING  | amisim.setting | 0.00/0.07s | - -> Unknown settings field detected: TERM.PROGRAM. Registering dynamic runtime field as string.
2026-09-06 02:55:40.872 | WARNING  | amisim.setting | 0.00/0.07s | - -> Unknown settings field detected: TERM.PROGRAM_VERSION. Registering dynamic runtime field as string.
2026-09-06 02:55:40.872 | WARNING  | amisim.setting | 0.00/0.07s | - -> Unknown settings section detected: VSCODE. Creating dynamic section at runtime.
2026-09-06 02:55:40.873 | WARNING  | amisim.setting | 0.00/0.07s | - -> Unknown settings field detected: VSCODE.DEBUGPY_ADAPTER_ENDPOINTS. Registering dynamic runtime field as string.
2026-09-06 02:55:40.873 | WARNING  | amisim.setting | 0.00/0.07s | - -> Unknown settings field detected: VSCODE.GIT_ASKPASS_EXTRA_ARGS. Registering dynamic runtime field as string.
2026-09-06 02:55:40.874 | WARNING  | amisim.setting | 0.00/0.07s | - -> Unknown settings field detected: VSCODE.GIT_ASKPASS_MAIN. Registering dynamic runtime field as string.
2026-09-06 02:55:40.874 | WARNING  | amisim.setting | 0.00/0.07s | - -> Unknown settings field detected: VSCODE.GIT_ASKPASS_NODE. Registering dynamic runtime field as string.
2026-09-06 02:55:40.874 | WARNING  | amisim.setting | 0.00/0.07s | - -> Unknown settings field detected: VSCODE.GIT_IPC_HANDLE. Registering dynamic runtime field as string.
2026-09-06 02:55:40.875 | WARNING  | amisim.setting | 0.00/0.07s | - -> Unknown settings field detected: VSCODE.IPC_HOOK_CLI. Registering dynamic runtime field as string.
2026-09-06 02:55:40.875 | WARNING  | amisim.setting | 0.00/0.07s | - -> Unknown settings field detected: VSCODE.PYTHON_AUTOACTIVATE_GUARD. Registering dynamic runtime field as string.
2026-09-06 02:55:40.875 | WARNING  | amisim.setting | 0.00/0.08s | - -> Unknown settings section detected: XDG. Creating dynamic section at runtime.
2026-09-06 02:55:40.875 | WARNING  | amisim.setting | 0.00/0.08s | - -> Unknown settings field detected: XDG.DATA_DIRS. Registering dynamic runtime field as string.
2026-09-06 02:55:40.876 | WARNING  | amisim.setting | 0.00/0.08s | - -> Unknown settings field detected: XDG.RUNTIME_DIR. Registering dynamic runtime field as string.
2026-09-06 02:55:40.876 | WARNING  | amisim.setting | 0.00/0.08s | - -> Unknown settings field detected: XDG.SESSION_CLASS. Registering dynamic runtime field as string.
2026-09-06 02:55:40.876 | WARNING  | amisim.setting | 0.00/0.08s | - -> Unknown settings field detected: XDG.SESSION_ID. Registering dynamic runtime field as string.
2026-09-06 02:55:40.877 | WARNING  | amisim.setting | 0.00/0.08s | - -> Unknown settings field detected: XDG.SESSION_TYPE. Registering dynamic runtime field as string.
2026-09-06 02:55:40.879 | WARNING  | amisim.setting | 0.00/0.08s | - -> Unknown settings section detected: AI. Creating dynamic section at runtime.
2026-09-06 02:55:40.879 | WARNING  | amisim.setting | 0.00/0.08s | - -> Unknown settings field detected: AI.AGENT. Registering dynamic runtime field as string.
2026-09-06 02:55:40.879 | WARNING  | amisim.setting | 0.00/0.08s | - -> Unknown settings section detected: BUNDLED. Creating dynamic section at runtime.
2026-09-06 02:55:40.880 | WARNING  | amisim.setting | 0.00/0.08s | - -> Unknown settings field detected: BUNDLED.DEBUGPY_PATH. Registering dynamic runtime field as string.
2026-09-06 02:55:40.880 | WARNING  | amisim.setting | 0.00/0.08s | - -> Unknown settings section detected: CONDA. Creating dynamic section at runtime.
2026-09-06 02:55:40.880 | WARNING  | amisim.setting | 0.00/0.08s | - -> Unknown settings field detected: CONDA.DEFAULT_ENV. Registering dynamic runtime field as string.
2026-09-06 02:55:40.880 | WARNING  | amisim.setting | 0.00/0.08s | - -> Unknown settings field detected: CONDA.EXE. Registering dynamic runtime field as string.
2026-09-06 02:55:40.880 | WARNING  | amisim.setting | 0.00/0.08s | - -> Unknown settings field detected: CONDA.PREFIX. Registering dynamic runtime field as string.
2026-09-06 02:55:40.880 | WARNING  | amisim.setting | 0.00/0.08s | - -> Unknown settings field detected: CONDA.PREFIX_1. Registering dynamic runtime field as string.
2026-09-06 02:55:40.881 | WARNING  | amisim.setting | 0.00/0.08s | - -> Unknown settings field detected: CONDA.PROMPT_MODIFIER. Registering dynamic runtime field as string.
2026-09-06 02:55:40.881 | WARNING  | amisim.setting | 0.00/0.08s | - -> Unknown settings field detected: CONDA.PYTHON_EXE. Registering dynamic runtime field as string.
2026-09-06 02:55:40.881 | WARNING  | amisim.setting | 0.00/0.08s | - -> Unknown settings field detected: CONDA.ROOT. Registering dynamic runtime field as string.
2026-09-06 02:55:40.882 | WARNING  | amisim.setting | 0.00/0.08s | - -> Unknown settings field detected: CONDA.SHLVL. Registering dynamic runtime field as string.
2026-09-06 02:55:40.882 | WARNING  | amisim.setting | 0.00/0.08s | - -> Unknown settings section detected: COPILOT. Creating dynamic section at runtime.
2026-09-06 02:55:40.882 | WARNING  | amisim.setting | 0.00/0.08s | - -> Unknown settings field detected: COPILOT.AGENT. Registering dynamic runtime field as string.
2026-09-06 02:55:40.882 | WARNING  | amisim.setting | 0.00/0.08s | - -> Unknown settings field detected: COPILOT.DEBUG_NONCE. Registering dynamic runtime field as string.
2026-09-06 02:55:40.883 | WARNING  | amisim.setting | 0.00/0.08s | - -> Unknown settings section detected: DBUS. Creating dynamic section at runtime.
2026-09-06 02:55:40.884 | WARNING  | amisim.setting | 0.00/0.08s | - -> Unknown settings field detected: DBUS.SESSION_BUS_ADDRESS. Registering dynamic runtime field as string.
2026-09-06 02:55:40.884 | WARNING  | amisim.setting | 0.00/0.08s | - -> Unknown settings section detected: DEBIAN. Creating dynamic section at runtime.
2026-09-06 02:55:40.884 | WARNING  | amisim.setting | 0.00/0.08s | - -> Unknown settings field detected: DEBIAN.FRONTEND. Registering dynamic runtime field as string.
2026-09-06 02:55:40.885 | WARNING  | amisim.setting | 0.00/0.09s | - -> Unknown settings section detected: DEBUGINFOD. Creating dynamic section at runtime.
2026-09-06 02:55:40.885 | WARNING  | amisim.setting | 0.00/0.09s | - -> Unknown settings field detected: DEBUGINFOD.URLS. Registering dynamic runtime field as string.
2026-09-06 02:55:40.886 | WARNING  | amisim.setting | 0.00/0.09s | - -> Unknown settings section detected: FNM. Creating dynamic section at runtime.
2026-09-06 02:55:40.886 | WARNING  | amisim.setting | 0.00/0.09s | - -> Unknown settings field detected: FNM.ARCH. Registering dynamic runtime field as string.
2026-09-06 02:55:40.887 | WARNING  | amisim.setting | 0.00/0.09s | - -> Unknown settings field detected: FNM.COREPACK_ENABLED. Registering dynamic runtime field as string.
2026-09-06 02:55:40.887 | WARNING  | amisim.setting | 0.00/0.09s | - -> Unknown settings field detected: FNM.DIR. Registering dynamic runtime field as string.
2026-09-06 02:55:40.887 | WARNING  | amisim.setting | 0.00/0.09s | - -> Unknown settings field detected: FNM.LOGLEVEL. Registering dynamic runtime field as string.
2026-09-06 02:55:40.887 | WARNING  | amisim.setting | 0.00/0.09s | - -> Unknown settings field detected: FNM.MULTISHELL_PATH. Registering dynamic runtime field as string.
2026-09-06 02:55:40.888 | WARNING  | amisim.setting | 0.00/0.09s | - -> Unknown settings field detected: FNM.NODE_DIST_MIRROR. Registering dynamic runtime field as string.
2026-09-06 02:55:40.889 | WARNING  | amisim.setting | 0.00/0.09s | - -> Unknown settings field detected: FNM.RESOLVE_ENGINES. Registering dynamic runtime field as string.
2026-09-06 02:55:40.889 | WARNING  | amisim.setting | 0.00/0.09s | - -> Unknown settings field detected: FNM.VERSION_FILE_STRATEGY. Registering dynamic runtime field as string.
2026-09-06 02:55:40.889 | WARNING  | amisim.setting | 0.00/0.09s | - -> Unknown settings section detected: GIT. Creating dynamic section at runtime.
2026-09-06 02:55:40.890 | WARNING  | amisim.setting | 0.00/0.09s | - -> Unknown settings field detected: GIT.ASKPASS. Registering dynamic runtime field as string.
2026-09-06 02:55:40.890 | WARNING  | amisim.setting | 0.00/0.09s | - -> Unknown settings field detected: GIT.EDITOR. Registering dynamic runtime field as string.
2026-09-06 02:55:40.890 | WARNING  | amisim.setting | 0.00/0.09s | - -> Unknown settings field detected: GIT.MERGE_AUTOEDIT. Registering dynamic runtime field as string.
2026-09-06 02:55:40.890 | WARNING  | amisim.setting | 0.00/0.09s | - -> Unknown settings field detected: GIT.PAGER. Registering dynamic runtime field as string.
2026-09-06 02:55:40.891 | WARNING  | amisim.setting | 0.00/0.09s | - -> Unknown settings section detected: HADOOP. Creating dynamic section at runtime.
2026-09-06 02:55:40.892 | WARNING  | amisim.setting | 0.00/0.09s | - -> Unknown settings field detected: HADOOP.HOME. Registering dynamic runtime field as string.
2026-09-06 02:55:40.892 | WARNING  | amisim.setting | 0.00/0.09s | - -> Unknown settings section detected: JAVA. Creating dynamic section at runtime.
2026-09-06 02:55:40.892 | WARNING  | amisim.setting | 0.00/0.09s | - -> Unknown settings field detected: JAVA.HOME. Registering dynamic runtime field as string.
2026-09-06 02:55:40.893 | WARNING  | amisim.setting | 0.00/0.09s | - -> Unknown settings section detected: LD. Creating dynamic section at runtime.
2026-09-06 02:55:40.893 | WARNING  | amisim.setting | 0.00/0.09s | - -> Unknown settings field detected: LD.LIBRARY_PATH. Registering dynamic runtime field as string.
2026-09-06 02:55:40.893 | WARNING  | amisim.setting | 0.00/0.09s | - -> Unknown settings section detected: LIBVIRT. Creating dynamic section at runtime.
2026-09-06 02:55:40.893 | WARNING  | amisim.setting | 0.00/0.09s | - -> Unknown settings field detected: LIBVIRT.DEFAULT_URI. Registering dynamic runtime field as string.
2026-09-06 02:55:40.894 | WARNING  | amisim.setting | 0.00/0.09s | - -> Unknown settings section detected: LS. Creating dynamic section at runtime.
2026-09-06 02:55:40.894 | WARNING  | amisim.setting | 0.00/0.09s | - -> Unknown settings field detected: LS.COLORS. Registering dynamic runtime field as string.
2026-09-06 02:55:40.895 | WARNING  | amisim.setting | 0.00/0.09s | - -> Unknown settings section detected: PYDEVD. Creating dynamic section at runtime.
2026-09-06 02:55:40.895 | WARNING  | amisim.setting | 0.00/0.09s | - -> Unknown settings field detected: PYDEVD.DISABLE_FILE_VALIDATION. Registering dynamic runtime field as string.
2026-09-06 02:55:40.896 | WARNING  | amisim.setting | 0.00/0.10s | - -> Unknown settings section detected: PYTEST. Creating dynamic section at runtime.
2026-09-06 02:55:40.896 | WARNING  | amisim.setting | 0.00/0.10s | - -> Unknown settings field detected: PYTEST.CURRENT_TEST. Registering dynamic runtime field as string.
2026-09-06 02:55:40.896 | WARNING  | amisim.setting | 0.00/0.10s | - -> Unknown settings field detected: PYTEST.VERSION. Registering dynamic runtime field as string.
2026-09-06 02:55:40.896 | WARNING  | amisim.setting | 0.00/0.10s | - -> Unknown settings section detected: PYTHON. Creating dynamic section at runtime.
2026-09-06 02:55:40.897 | WARNING  | amisim.setting | 0.00/0.10s | - -> Unknown settings field detected: PYTHON.BASIC_REPL. Registering dynamic runtime field as string.
2026-09-06 02:55:40.897 | WARNING  | amisim.setting | 0.00/0.10s | - -> Unknown settings section detected: QT. Creating dynamic section at runtime.
2026-09-06 02:55:40.897 | WARNING  | amisim.setting | 0.00/0.10s | - -> Unknown settings field detected: QT.XCB_GL_INTEGRATION. Registering dynamic runtime field as string.
2026-09-06 02:55:40.898 | WARNING  | amisim.setting | 0.00/0.10s | - -> Unknown settings section detected: SSH. Creating dynamic section at runtime.
2026-09-06 02:55:40.899 | WARNING  | amisim.setting | 0.00/0.10s | - -> Unknown settings field detected: SSH.CLIENT. Registering dynamic runtime field as string.
2026-09-06 02:55:40.899 | WARNING  | amisim.setting | 0.00/0.10s | - -> Unknown settings field detected: SSH.CONNECTION. Registering dynamic runtime field as string.
2026-09-06 02:55:40.899 | WARNING  | amisim.setting | 0.00/0.10s | - -> Unknown settings section detected: TERM. Creating dynamic section at runtime.
2026-09-06 02:55:40.899 | WARNING  | amisim.setting | 0.00/0.10s | - -> Unknown settings field detected: TERM.PROGRAM. Registering dynamic runtime field as string.
2026-09-06 02:55:40.900 | WARNING  | amisim.setting | 0.00/0.10s | - -> Unknown settings field detected: TERM.PROGRAM_VERSION. Registering dynamic runtime field as string.
2026-09-06 02:55:40.900 | WARNING  | amisim.setting | 0.00/0.10s | - -> Unknown settings section detected: VSCODE. Creating dynamic section at runtime.
2026-09-06 02:55:40.900 | WARNING  | amisim.setting | 0.00/0.10s | - -> Unknown settings field detected: VSCODE.DEBUGPY_ADAPTER_ENDPOINTS. Registering dynamic runtime field as string.
2026-09-06 02:55:40.900 | WARNING  | amisim.setting | 0.00/0.10s | - -> Unknown settings field detected: VSCODE.GIT_ASKPASS_EXTRA_ARGS. Registering dynamic runtime field as string.
2026-09-06 02:55:40.901 | WARNING  | amisim.setting | 0.00/0.10s | - -> Unknown settings field detected: VSCODE.GIT_ASKPASS_MAIN. Registering dynamic runtime field as string.
2026-09-06 02:55:40.901 | WARNING  | amisim.setting | 0.00/0.10s | - -> Unknown settings field detected: VSCODE.GIT_ASKPASS_NODE. Registering dynamic runtime field as string.
2026-09-06 02:55:40.902 | WARNING  | amisim.setting | 0.00/0.10s | - -> Unknown settings field detected: VSCODE.GIT_IPC_HANDLE. Registering dynamic runtime field as string.
2026-09-06 02:55:40.902 | WARNING  | amisim.setting | 0.00/0.10s | - -> Unknown settings field detected: VSCODE.IPC_HOOK_CLI. Registering dynamic runtime field as string.
2026-09-06 02:55:40.903 | WARNING  | amisim.setting | 0.00/0.10s | - -> Unknown settings field detected: VSCODE.PYTHON_AUTOACTIVATE_GUARD. Registering dynamic runtime field as string.
2026-09-06 02:55:40.903 | WARNING  | amisim.setting | 0.00/0.10s | - -> Unknown settings section detected: XDG. Creating dynamic section at runtime.
2026-09-06 02:55:40.903 | WARNING  | amisim.setting | 0.00/0.10s | - -> Unknown settings field detected: XDG.DATA_DIRS. Registering dynamic runtime field as string.
2026-09-06 02:55:40.903 | WARNING  | amisim.setting | 0.00/0.10s | - -> Unknown settings field detected: XDG.RUNTIME_DIR. Registering dynamic runtime field as string.
2026-09-06 02:55:40.904 | WARNING  | amisim.setting | 0.00/0.10s | - -> Unknown settings field detected: XDG.SESSION_CLASS. Registering dynamic runtime field as string.
2026-09-06 02:55:40.904 | WARNING  | amisim.setting | 0.00/0.10s | - -> Unknown settings field detected: XDG.SESSION_ID. Registering dynamic runtime field as string.
2026-09-06 02:55:40.904 | WARNING  | amisim.setting | 0.00/0.10s | - -> Unknown settings field detected: XDG.SESSION_TYPE. Registering dynamic runtime field as string.
2026-09-06 02:55:55.065 | INFO     | amisim.application | 0.00/0.00s | - -> Settings loaded
2026-09-06 02:56:06.966 | INFO     | amisim.application | 0.00/0.00s | - -> Settings loaded
2026-09-06 02:57:27.141 | INFO     | amisim.application | 0.00/0.00s | - -> Settings loaded
2026-09-06 02:57:27.148 | WARNING  | amisim.setting | 0.01/0.01s | - -> Unknown settings section detected: AI. Creating dynamic section at runtime.
2026-09-06 02:57:27.148 | WARNING  | amisim.setting | 0.00/0.01s | - -> Unknown settings field detected: AI.AGENT. Registering dynamic runtime field as string.
2026-09-06 02:57:27.148 | WARNING  | amisim.setting | 0.00/0.01s | - -> Unknown settings section detected: BUNDLED. Creating dynamic section at runtime.
2026-09-06 02:57:27.148 | WARNING  | amisim.setting | 0.00/0.01s | - -> Unknown settings field detected: BUNDLED.DEBUGPY_PATH. Registering dynamic runtime field as string.
2026-09-06 02:57:27.149 | WARNING  | amisim.setting | 0.00/0.01s | - -> Unknown settings section detected: CONDA. Creating dynamic section at runtime.
2026-09-06 02:57:27.149 | WARNING  | amisim.setting | 0.00/0.01s | - -> Unknown settings field detected: CONDA.DEFAULT_ENV. Registering dynamic runtime field as string.
2026-09-06 02:57:27.149 | WARNING  | amisim.setting | 0.00/0.01s | - -> Unknown settings field detected: CONDA.EXE. Registering dynamic runtime field as string.
2026-09-06 02:57:27.149 | WARNING  | amisim.setting | 0.00/0.01s | - -> Unknown settings field detected: CONDA.PREFIX. Registering dynamic runtime field as string.
2026-09-06 02:57:27.149 | WARNING  | amisim.setting | 0.00/0.01s | - -> Unknown settings field detected: CONDA.PREFIX_1. Registering dynamic runtime field as string.
2026-09-06 02:57:27.149 | WARNING  | amisim.setting | 0.00/0.01s | - -> Unknown settings field detected: CONDA.PROMPT_MODIFIER. Registering dynamic runtime field as string.
2026-09-06 02:57:27.150 | WARNING  | amisim.setting | 0.00/0.01s | - -> Unknown settings field detected: CONDA.PYTHON_EXE. Registering dynamic runtime field as string.
2026-09-06 02:57:27.150 | WARNING  | amisim.setting | 0.00/0.01s | - -> Unknown settings field detected: CONDA.ROOT. Registering dynamic runtime field as string.
2026-09-06 02:57:27.150 | WARNING  | amisim.setting | 0.00/0.01s | - -> Unknown settings field detected: CONDA.SHLVL. Registering dynamic runtime field as string.
2026-09-06 02:57:27.150 | WARNING  | amisim.setting | 0.00/0.01s | - -> Unknown settings section detected: COPILOT. Creating dynamic section at runtime.
2026-09-06 02:57:27.150 | WARNING  | amisim.setting | 0.00/0.01s | - -> Unknown settings field detected: COPILOT.AGENT. Registering dynamic runtime field as string.
2026-09-06 02:57:27.150 | WARNING  | amisim.setting | 0.00/0.01s | - -> Unknown settings field detected: COPILOT.DEBUG_NONCE. Registering dynamic runtime field as string.
2026-09-06 02:57:27.151 | WARNING  | amisim.setting | 0.00/0.01s | - -> Unknown settings section detected: DBUS. Creating dynamic section at runtime.
2026-09-06 02:57:27.151 | WARNING  | amisim.setting | 0.00/0.01s | - -> Unknown settings field detected: DBUS.SESSION_BUS_ADDRESS. Registering dynamic runtime field as string.
2026-09-06 02:57:27.151 | WARNING  | amisim.setting | 0.00/0.01s | - -> Unknown settings section detected: DEBIAN. Creating dynamic section at runtime.
2026-09-06 02:57:27.151 | WARNING  | amisim.setting | 0.00/0.01s | - -> Unknown settings field detected: DEBIAN.FRONTEND. Registering dynamic runtime field as string.
2026-09-06 02:57:27.151 | WARNING  | amisim.setting | 0.00/0.01s | - -> Unknown settings section detected: DEBUGINFOD. Creating dynamic section at runtime.
2026-09-06 02:57:27.151 | WARNING  | amisim.setting | 0.00/0.01s | - -> Unknown settings field detected: DEBUGINFOD.URLS. Registering dynamic runtime field as string.
2026-09-06 02:57:27.152 | WARNING  | amisim.setting | 0.00/0.01s | - -> Unknown settings section detected: FNM. Creating dynamic section at runtime.
2026-09-06 02:57:27.152 | WARNING  | amisim.setting | 0.00/0.01s | - -> Unknown settings field detected: FNM.ARCH. Registering dynamic runtime field as string.
2026-09-06 02:57:27.152 | WARNING  | amisim.setting | 0.00/0.01s | - -> Unknown settings field detected: FNM.COREPACK_ENABLED. Registering dynamic runtime field as string.
2026-09-06 02:57:27.152 | WARNING  | amisim.setting | 0.00/0.01s | - -> Unknown settings field detected: FNM.DIR. Registering dynamic runtime field as string.
2026-09-06 02:57:27.152 | WARNING  | amisim.setting | 0.00/0.01s | - -> Unknown settings field detected: FNM.LOGLEVEL. Registering dynamic runtime field as string.
2026-09-06 02:57:27.152 | WARNING  | amisim.setting | 0.00/0.01s | - -> Unknown settings field detected: FNM.MULTISHELL_PATH. Registering dynamic runtime field as string.
2026-09-06 02:57:27.153 | WARNING  | amisim.setting | 0.00/0.01s | - -> Unknown settings field detected: FNM.NODE_DIST_MIRROR. Registering dynamic runtime field as string.
2026-09-06 02:57:27.153 | WARNING  | amisim.setting | 0.00/0.01s | - -> Unknown settings field detected: FNM.RESOLVE_ENGINES. Registering dynamic runtime field as string.
2026-09-06 02:57:27.153 | WARNING  | amisim.setting | 0.00/0.01s | - -> Unknown settings field detected: FNM.VERSION_FILE_STRATEGY. Registering dynamic runtime field as string.
2026-09-06 02:57:27.153 | WARNING  | amisim.setting | 0.00/0.01s | - -> Unknown settings section detected: GIT. Creating dynamic section at runtime.
2026-09-06 02:57:27.153 | WARNING  | amisim.setting | 0.00/0.01s | - -> Unknown settings field detected: GIT.ASKPASS. Registering dynamic runtime field as string.
2026-09-06 02:57:27.153 | WARNING  | amisim.setting | 0.00/0.01s | - -> Unknown settings field detected: GIT.EDITOR. Registering dynamic runtime field as string.
2026-09-06 02:57:27.154 | WARNING  | amisim.setting | 0.00/0.01s | - -> Unknown settings field detected: GIT.MERGE_AUTOEDIT. Registering dynamic runtime field as string.
2026-09-06 02:57:27.154 | WARNING  | amisim.setting | 0.00/0.01s | - -> Unknown settings field detected: GIT.PAGER. Registering dynamic runtime field as string.
2026-09-06 02:57:27.154 | WARNING  | amisim.setting | 0.00/0.01s | - -> Unknown settings section detected: HADOOP. Creating dynamic section at runtime.
2026-09-06 02:57:27.154 | WARNING  | amisim.setting | 0.00/0.01s | - -> Unknown settings field detected: HADOOP.HOME. Registering dynamic runtime field as string.
2026-09-06 02:57:27.154 | WARNING  | amisim.setting | 0.00/0.01s | - -> Unknown settings section detected: JAVA. Creating dynamic section at runtime.
2026-09-06 02:57:27.154 | WARNING  | amisim.setting | 0.00/0.01s | - -> Unknown settings field detected: JAVA.HOME. Registering dynamic runtime field as string.
2026-09-06 02:57:27.155 | WARNING  | amisim.setting | 0.00/0.01s | - -> Unknown settings section detected: LD. Creating dynamic section at runtime.
2026-09-06 02:57:27.155 | WARNING  | amisim.setting | 0.00/0.01s | - -> Unknown settings field detected: LD.LIBRARY_PATH. Registering dynamic runtime field as string.
2026-09-06 02:57:27.155 | WARNING  | amisim.setting | 0.00/0.01s | - -> Unknown settings section detected: LIBVIRT. Creating dynamic section at runtime.
2026-09-06 02:57:27.155 | WARNING  | amisim.setting | 0.00/0.01s | - -> Unknown settings field detected: LIBVIRT.DEFAULT_URI. Registering dynamic runtime field as string.
2026-09-06 02:57:27.155 | WARNING  | amisim.setting | 0.00/0.01s | - -> Unknown settings section detected: LS. Creating dynamic section at runtime.
2026-09-06 02:57:27.155 | WARNING  | amisim.setting | 0.00/0.01s | - -> Unknown settings field detected: LS.COLORS. Registering dynamic runtime field as string.
2026-09-06 02:57:27.156 | WARNING  | amisim.setting | 0.00/0.01s | - -> Unknown settings section detected: PYDEVD. Creating dynamic section at runtime.
2026-09-06 02:57:27.156 | WARNING  | amisim.setting | 0.00/0.01s | - -> Unknown settings field detected: PYDEVD.DISABLE_FILE_VALIDATION. Registering dynamic runtime field as string.
2026-09-06 02:57:27.156 | WARNING  | amisim.setting | 0.00/0.01s | - -> Unknown settings section detected: PYTEST. Creating dynamic section at runtime.
2026-09-06 02:57:27.157 | WARNING  | amisim.setting | 0.00/0.02s | - -> Unknown settings field detected: PYTEST.CURRENT_TEST. Registering dynamic runtime field as string.
2026-09-06 02:57:27.157 | WARNING  | amisim.setting | 0.00/0.02s | - -> Unknown settings field detected: PYTEST.VERSION. Registering dynamic runtime field as string.
2026-09-06 02:57:27.158 | WARNING  | amisim.setting | 0.00/0.02s | - -> Unknown settings section detected: PYTHON. Creating dynamic section at runtime.
2026-09-06 02:57:27.158 | WARNING  | amisim.setting | 0.00/0.02s | - -> Unknown settings field detected: PYTHON.BASIC_REPL. Registering dynamic runtime field as string.
2026-09-06 02:57:27.159 | WARNING  | amisim.setting | 0.00/0.02s | - -> Unknown settings section detected: QT. Creating dynamic section at runtime.
2026-09-06 02:57:27.159 | WARNING  | amisim.setting | 0.00/0.02s | - -> Unknown settings field detected: QT.XCB_GL_INTEGRATION. Registering dynamic runtime field as string.
2026-09-06 02:57:27.159 | WARNING  | amisim.setting | 0.00/0.02s | - -> Unknown settings section detected: SSH. Creating dynamic section at runtime.
2026-09-06 02:57:27.160 | WARNING  | amisim.setting | 0.00/0.02s | - -> Unknown settings field detected: SSH.CLIENT. Registering dynamic runtime field as string.
2026-09-06 02:57:27.160 | WARNING  | amisim.setting | 0.00/0.02s | - -> Unknown settings field detected: SSH.CONNECTION. Registering dynamic runtime field as string.
2026-09-06 02:57:27.161 | WARNING  | amisim.setting | 0.00/0.02s | - -> Unknown settings section detected: TERM. Creating dynamic section at runtime.
2026-09-06 02:57:27.161 | WARNING  | amisim.setting | 0.00/0.02s | - -> Unknown settings field detected: TERM.PROGRAM. Registering dynamic runtime field as string.
2026-09-06 02:57:27.161 | WARNING  | amisim.setting | 0.00/0.02s | - -> Unknown settings field detected: TERM.PROGRAM_VERSION. Registering dynamic runtime field as string.
2026-09-06 02:57:27.162 | WARNING  | amisim.setting | 0.00/0.02s | - -> Unknown settings section detected: VSCODE. Creating dynamic section at runtime.
2026-09-06 02:57:27.162 | WARNING  | amisim.setting | 0.00/0.02s | - -> Unknown settings field detected: VSCODE.DEBUGPY_ADAPTER_ENDPOINTS. Registering dynamic runtime field as string.
2026-09-06 02:57:27.162 | WARNING  | amisim.setting | 0.00/0.02s | - -> Unknown settings field detected: VSCODE.GIT_ASKPASS_EXTRA_ARGS. Registering dynamic runtime field as string.
2026-09-06 02:57:27.163 | WARNING  | amisim.setting | 0.00/0.02s | - -> Unknown settings field detected: VSCODE.GIT_ASKPASS_MAIN. Registering dynamic runtime field as string.
2026-09-06 02:57:27.164 | WARNING  | amisim.setting | 0.00/0.02s | - -> Unknown settings field detected: VSCODE.GIT_ASKPASS_NODE. Registering dynamic runtime field as string.
2026-09-06 02:57:27.164 | WARNING  | amisim.setting | 0.00/0.02s | - -> Unknown settings field detected: VSCODE.GIT_IPC_HANDLE. Registering dynamic runtime field as string.
2026-09-06 02:57:27.164 | WARNING  | amisim.setting | 0.00/0.02s | - -> Unknown settings field detected: VSCODE.IPC_HOOK_CLI. Registering dynamic runtime field as string.
2026-09-06 02:57:27.164 | WARNING  | amisim.setting | 0.00/0.02s | - -> Unknown settings field detected: VSCODE.PYTHON_AUTOACTIVATE_GUARD. Registering dynamic runtime field as string.
2026-09-06 02:57:27.165 | WARNING  | amisim.setting | 0.00/0.02s | - -> Unknown settings section detected: XDG. Creating dynamic section at runtime.
2026-09-06 02:57:27.166 | WARNING  | amisim.setting | 0.00/0.02s | - -> Unknown settings field detected: XDG.DATA_DIRS. Registering dynamic runtime field as string.
2026-09-06 02:57:27.166 | WARNING  | amisim.setting | 0.00/0.02s | - -> Unknown settings field detected: XDG.RUNTIME_DIR. Registering dynamic runtime field as string.
2026-09-06 02:57:27.166 | WARNING  | amisim.setting | 0.00/0.03s | - -> Unknown settings field detected: XDG.SESSION_CLASS. Registering dynamic runtime field as string.
2026-09-06 02:57:27.167 | WARNING  | amisim.setting | 0.00/0.03s | - -> Unknown settings field detected: XDG.SESSION_ID. Registering dynamic runtime field as string.
2026-09-06 02:57:27.167 | WARNING  | amisim.setting | 0.00/0.03s | - -> Unknown settings field detected: XDG.SESSION_TYPE. Registering dynamic runtime field as string.
2026-09-06 02:57:27.170 | WARNING  | amisim.setting | 0.00/0.03s | - -> Unknown settings section detected: AI. Creating dynamic section at runtime.
2026-09-06 02:57:27.171 | WARNING  | amisim.setting | 0.00/0.03s | - -> Unknown settings field detected: AI.AGENT. Registering dynamic runtime field as string.
2026-09-06 02:57:27.171 | WARNING  | amisim.setting | 0.00/0.03s | - -> Unknown settings section detected: BUNDLED. Creating dynamic section at runtime.
2026-09-06 02:57:27.171 | WARNING  | amisim.setting | 0.00/0.03s | - -> Unknown settings field detected: BUNDLED.DEBUGPY_PATH. Registering dynamic runtime field as string.
2026-09-06 02:57:27.172 | WARNING  | amisim.setting | 0.00/0.03s | - -> Unknown settings section detected: CONDA. Creating dynamic section at runtime.
2026-09-06 02:57:27.172 | WARNING  | amisim.setting | 0.00/0.03s | - -> Unknown settings field detected: CONDA.DEFAULT_ENV. Registering dynamic runtime field as string.
2026-09-06 02:57:27.172 | WARNING  | amisim.setting | 0.00/0.03s | - -> Unknown settings field detected: CONDA.EXE. Registering dynamic runtime field as string.
2026-09-06 02:57:27.173 | WARNING  | amisim.setting | 0.00/0.03s | - -> Unknown settings field detected: CONDA.PREFIX. Registering dynamic runtime field as string.
2026-09-06 02:57:27.173 | WARNING  | amisim.setting | 0.00/0.03s | - -> Unknown settings field detected: CONDA.PREFIX_1. Registering dynamic runtime field as string.
2026-09-06 02:57:27.173 | WARNING  | amisim.setting | 0.00/0.03s | - -> Unknown settings field detected: CONDA.PROMPT_MODIFIER. Registering dynamic runtime field as string.
2026-09-06 02:57:27.174 | WARNING  | amisim.setting | 0.00/0.03s | - -> Unknown settings field detected: CONDA.PYTHON_EXE. Registering dynamic runtime field as string.
2026-09-06 02:57:27.174 | WARNING  | amisim.setting | 0.00/0.03s | - -> Unknown settings field detected: CONDA.ROOT. Registering dynamic runtime field as string.
2026-09-06 02:57:27.174 | WARNING  | amisim.setting | 0.00/0.03s | - -> Unknown settings field detected: CONDA.SHLVL. Registering dynamic runtime field as string.
2026-09-06 02:57:27.175 | WARNING  | amisim.setting | 0.00/0.03s | - -> Unknown settings section detected: COPILOT. Creating dynamic section at runtime.
2026-09-06 02:57:27.175 | WARNING  | amisim.setting | 0.00/0.03s | - -> Unknown settings field detected: COPILOT.AGENT. Registering dynamic runtime field as string.
2026-09-06 02:57:27.175 | WARNING  | amisim.setting | 0.00/0.03s | - -> Unknown settings field detected: COPILOT.DEBUG_NONCE. Registering dynamic runtime field as string.
2026-09-06 02:57:27.176 | WARNING  | amisim.setting | 0.00/0.04s | - -> Unknown settings section detected: DBUS. Creating dynamic section at runtime.
2026-09-06 02:57:27.177 | WARNING  | amisim.setting | 0.00/0.04s | - -> Unknown settings field detected: DBUS.SESSION_BUS_ADDRESS. Registering dynamic runtime field as string.
2026-09-06 02:57:27.177 | WARNING  | amisim.setting | 0.00/0.04s | - -> Unknown settings section detected: DEBIAN. Creating dynamic section at runtime.
2026-09-06 02:57:27.178 | WARNING  | amisim.setting | 0.00/0.04s | - -> Unknown settings field detected: DEBIAN.FRONTEND. Registering dynamic runtime field as string.
2026-09-06 02:57:27.178 | WARNING  | amisim.setting | 0.00/0.04s | - -> Unknown settings section detected: DEBUGINFOD. Creating dynamic section at runtime.
2026-09-06 02:57:27.178 | WARNING  | amisim.setting | 0.00/0.04s | - -> Unknown settings field detected: DEBUGINFOD.URLS. Registering dynamic runtime field as string.
2026-09-06 02:57:27.179 | WARNING  | amisim.setting | 0.00/0.04s | - -> Unknown settings section detected: FNM. Creating dynamic section at runtime.
2026-09-06 02:57:27.179 | WARNING  | amisim.setting | 0.00/0.04s | - -> Unknown settings field detected: FNM.ARCH. Registering dynamic runtime field as string.
2026-09-06 02:57:27.180 | WARNING  | amisim.setting | 0.00/0.04s | - -> Unknown settings field detected: FNM.COREPACK_ENABLED. Registering dynamic runtime field as string.
2026-09-06 02:57:27.180 | WARNING  | amisim.setting | 0.00/0.04s | - -> Unknown settings field detected: FNM.DIR. Registering dynamic runtime field as string.
2026-09-06 02:57:27.180 | WARNING  | amisim.setting | 0.00/0.04s | - -> Unknown settings field detected: FNM.LOGLEVEL. Registering dynamic runtime field as string.
2026-09-06 02:57:27.181 | WARNING  | amisim.setting | 0.00/0.04s | - -> Unknown settings field detected: FNM.MULTISHELL_PATH. Registering dynamic runtime field as string.
2026-09-06 02:57:27.182 | WARNING  | amisim.setting | 0.00/0.04s | - -> Unknown settings field detected: FNM.NODE_DIST_MIRROR. Registering dynamic runtime field as string.
2026-09-06 02:57:27.182 | WARNING  | amisim.setting | 0.00/0.04s | - -> Unknown settings field detected: FNM.RESOLVE_ENGINES. Registering dynamic runtime field as string.
2026-09-06 02:57:27.182 | WARNING  | amisim.setting | 0.00/0.04s | - -> Unknown settings field detected: FNM.VERSION_FILE_STRATEGY. Registering dynamic runtime field as string.
2026-09-06 02:57:27.183 | WARNING  | amisim.setting | 0.00/0.04s | - -> Unknown settings section detected: GIT. Creating dynamic section at runtime.
2026-09-06 02:57:27.183 | WARNING  | amisim.setting | 0.00/0.04s | - -> Unknown settings field detected: GIT.ASKPASS. Registering dynamic runtime field as string.
2026-09-06 02:57:27.184 | WARNING  | amisim.setting | 0.00/0.04s | - -> Unknown settings field detected: GIT.EDITOR. Registering dynamic runtime field as string.
2026-09-06 02:57:27.184 | WARNING  | amisim.setting | 0.00/0.04s | - -> Unknown settings field detected: GIT.MERGE_AUTOEDIT. Registering dynamic runtime field as string.
2026-09-06 02:57:27.185 | WARNING  | amisim.setting | 0.00/0.04s | - -> Unknown settings field detected: GIT.PAGER. Registering dynamic runtime field as string.
2026-09-06 02:57:27.185 | WARNING  | amisim.setting | 0.00/0.04s | - -> Unknown settings section detected: HADOOP. Creating dynamic section at runtime.
2026-09-06 02:57:27.186 | WARNING  | amisim.setting | 0.00/0.04s | - -> Unknown settings field detected: HADOOP.HOME. Registering dynamic runtime field as string.
2026-09-06 02:57:27.186 | WARNING  | amisim.setting | 0.00/0.04s | - -> Unknown settings section detected: JAVA. Creating dynamic section at runtime.
2026-09-06 02:57:27.186 | WARNING  | amisim.setting | 0.00/0.05s | - -> Unknown settings field detected: JAVA.HOME. Registering dynamic runtime field as string.
2026-09-06 02:57:27.186 | WARNING  | amisim.setting | 0.00/0.05s | - -> Unknown settings section detected: LD. Creating dynamic section at runtime.
2026-09-06 02:57:27.187 | WARNING  | amisim.setting | 0.00/0.05s | - -> Unknown settings field detected: LD.LIBRARY_PATH. Registering dynamic runtime field as string.
2026-09-06 02:57:27.187 | WARNING  | amisim.setting | 0.00/0.05s | - -> Unknown settings section detected: LIBVIRT. Creating dynamic section at runtime.
2026-09-06 02:57:27.188 | WARNING  | amisim.setting | 0.00/0.05s | - -> Unknown settings field detected: LIBVIRT.DEFAULT_URI. Registering dynamic runtime field as string.
2026-09-06 02:57:27.188 | WARNING  | amisim.setting | 0.00/0.05s | - -> Unknown settings section detected: LS. Creating dynamic section at runtime.
2026-09-06 02:57:27.189 | WARNING  | amisim.setting | 0.00/0.05s | - -> Unknown settings field detected: LS.COLORS. Registering dynamic runtime field as string.
2026-09-06 02:57:27.189 | WARNING  | amisim.setting | 0.00/0.05s | - -> Unknown settings section detected: PYDEVD. Creating dynamic section at runtime.
2026-09-06 02:57:27.190 | WARNING  | amisim.setting | 0.00/0.05s | - -> Unknown settings field detected: PYDEVD.DISABLE_FILE_VALIDATION. Registering dynamic runtime field as string.
2026-09-06 02:57:27.190 | WARNING  | amisim.setting | 0.00/0.05s | - -> Unknown settings section detected: PYTEST. Creating dynamic section at runtime.
2026-09-06 02:57:27.191 | WARNING  | amisim.setting | 0.00/0.05s | - -> Unknown settings field detected: PYTEST.CURRENT_TEST. Registering dynamic runtime field as string.
2026-09-06 02:57:27.191 | WARNING  | amisim.setting | 0.00/0.05s | - -> Unknown settings field detected: PYTEST.VERSION. Registering dynamic runtime field as string.
2026-09-06 02:57:27.191 | WARNING  | amisim.setting | 0.00/0.05s | - -> Unknown settings section detected: PYTHON. Creating dynamic section at runtime.
2026-09-06 02:57:27.192 | WARNING  | amisim.setting | 0.00/0.05s | - -> Unknown settings field detected: PYTHON.BASIC_REPL. Registering dynamic runtime field as string.
2026-09-06 02:57:27.192 | WARNING  | amisim.setting | 0.00/0.05s | - -> Unknown settings section detected: QT. Creating dynamic section at runtime.
2026-09-06 02:57:27.193 | WARNING  | amisim.setting | 0.00/0.05s | - -> Unknown settings field detected: QT.XCB_GL_INTEGRATION. Registering dynamic runtime field as string.
2026-09-06 02:57:27.193 | WARNING  | amisim.setting | 0.00/0.05s | - -> Unknown settings section detected: SSH. Creating dynamic section at runtime.
2026-09-06 02:57:27.194 | WARNING  | amisim.setting | 0.00/0.05s | - -> Unknown settings field detected: SSH.CLIENT. Registering dynamic runtime field as string.
2026-09-06 02:57:27.194 | WARNING  | amisim.setting | 0.00/0.05s | - -> Unknown settings field detected: SSH.CONNECTION. Registering dynamic runtime field as string.
2026-09-06 02:57:27.195 | WARNING  | amisim.setting | 0.00/0.05s | - -> Unknown settings section detected: TERM. Creating dynamic section at runtime.
2026-09-06 02:57:27.195 | WARNING  | amisim.setting | 0.00/0.05s | - -> Unknown settings field detected: TERM.PROGRAM. Registering dynamic runtime field as string.
2026-09-06 02:57:27.195 | WARNING  | amisim.setting | 0.00/0.05s | - -> Unknown settings field detected: TERM.PROGRAM_VERSION. Registering dynamic runtime field as string.
2026-09-06 02:57:27.196 | WARNING  | amisim.setting | 0.00/0.05s | - -> Unknown settings section detected: VSCODE. Creating dynamic section at runtime.
2026-09-06 02:57:27.197 | WARNING  | amisim.setting | 0.00/0.06s | - -> Unknown settings field detected: VSCODE.DEBUGPY_ADAPTER_ENDPOINTS. Registering dynamic runtime field as string.
2026-09-06 02:57:27.197 | WARNING  | amisim.setting | 0.00/0.06s | - -> Unknown settings field detected: VSCODE.GIT_ASKPASS_EXTRA_ARGS. Registering dynamic runtime field as string.
2026-09-06 02:57:27.197 | WARNING  | amisim.setting | 0.00/0.06s | - -> Unknown settings field detected: VSCODE.GIT_ASKPASS_MAIN. Registering dynamic runtime field as string.
2026-09-06 02:57:27.197 | WARNING  | amisim.setting | 0.00/0.06s | - -> Unknown settings field detected: VSCODE.GIT_ASKPASS_NODE. Registering dynamic runtime field as string.
2026-09-06 02:57:27.198 | WARNING  | amisim.setting | 0.00/0.06s | - -> Unknown settings field detected: VSCODE.GIT_IPC_HANDLE. Registering dynamic runtime field as string.
2026-09-06 02:57:27.199 | WARNING  | amisim.setting | 0.00/0.06s | - -> Unknown settings field detected: VSCODE.IPC_HOOK_CLI. Registering dynamic runtime field as string.
2026-09-06 02:57:27.199 | WARNING  | amisim.setting | 0.00/0.06s | - -> Unknown settings field detected: VSCODE.PYTHON_AUTOACTIVATE_GUARD. Registering dynamic runtime field as string.
2026-09-06 02:57:27.199 | WARNING  | amisim.setting | 0.00/0.06s | - -> Unknown settings section detected: XDG. Creating dynamic section at runtime.
2026-09-06 02:57:27.200 | WARNING  | amisim.setting | 0.00/0.06s | - -> Unknown settings field detected: XDG.DATA_DIRS. Registering dynamic runtime field as string.
2026-09-06 02:57:27.201 | WARNING  | amisim.setting | 0.00/0.06s | - -> Unknown settings field detected: XDG.RUNTIME_DIR. Registering dynamic runtime field as string.
2026-09-06 02:57:27.201 | WARNING  | amisim.setting | 0.00/0.06s | - -> Unknown settings field detected: XDG.SESSION_CLASS. Registering dynamic runtime field as string.
2026-09-06 02:57:27.201 | WARNING  | amisim.setting | 0.00/0.06s | - -> Unknown settings field detected: XDG.SESSION_ID. Registering dynamic runtime field as string.
2026-09-06 02:57:27.202 | WARNING  | amisim.setting | 0.00/0.06s | - -> Unknown settings field detected: XDG.SESSION_TYPE. Registering dynamic runtime field as string.
2026-09-06 02:57:27.230 | INFO     | amisim.application | 0.00/0.00s | - -> Settings loaded
2026-09-06 02:57:27.232 | WARNING  | amisim.setting | 0.00/0.00s | - -> Unknown settings section detected: AI. Creating dynamic section at runtime.
2026-09-06 02:57:27.232 | WARNING  | amisim.setting | 0.00/0.00s | - -> Unknown settings field detected: AI.AGENT. Registering dynamic runtime field as string.
2026-09-06 02:57:27.233 | WARNING  | amisim.setting | 0.00/0.00s | - -> Unknown settings section detected: BUNDLED. Creating dynamic section at runtime.
2026-09-06 02:57:27.233 | WARNING  | amisim.setting | 0.00/0.00s | - -> Unknown settings field detected: BUNDLED.DEBUGPY_PATH. Registering dynamic runtime field as string.
2026-09-06 02:57:27.233 | WARNING  | amisim.setting | 0.00/0.00s | - -> Unknown settings section detected: CONDA. Creating dynamic section at runtime.
2026-09-06 02:57:27.233 | WARNING  | amisim.setting | 0.00/0.00s | - -> Unknown settings field detected: CONDA.DEFAULT_ENV. Registering dynamic runtime field as string.
2026-09-06 02:57:27.233 | WARNING  | amisim.setting | 0.00/0.00s | - -> Unknown settings field detected: CONDA.EXE. Registering dynamic runtime field as string.
2026-09-06 02:57:27.234 | WARNING  | amisim.setting | 0.00/0.00s | - -> Unknown settings field detected: CONDA.PREFIX. Registering dynamic runtime field as string.
2026-09-06 02:57:27.234 | WARNING  | amisim.setting | 0.00/0.00s | - -> Unknown settings field detected: CONDA.PREFIX_1. Registering dynamic runtime field as string.
2026-09-06 02:57:27.234 | WARNING  | amisim.setting | 0.00/0.00s | - -> Unknown settings field detected: CONDA.PROMPT_MODIFIER. Registering dynamic runtime field as string.
2026-09-06 02:57:27.234 | WARNING  | amisim.setting | 0.00/0.00s | - -> Unknown settings field detected: CONDA.PYTHON_EXE. Registering dynamic runtime field as string.
2026-09-06 02:57:27.234 | WARNING  | amisim.setting | 0.00/0.00s | - -> Unknown settings field detected: CONDA.ROOT. Registering dynamic runtime field as string.
2026-09-06 02:57:27.234 | WARNING  | amisim.setting | 0.00/0.00s | - -> Unknown settings field detected: CONDA.SHLVL. Registering dynamic runtime field as string.
2026-09-06 02:57:27.234 | WARNING  | amisim.setting | 0.00/0.00s | - -> Unknown settings section detected: COPILOT. Creating dynamic section at runtime.
2026-09-06 02:57:27.235 | WARNING  | amisim.setting | 0.00/0.00s | - -> Unknown settings field detected: COPILOT.AGENT. Registering dynamic runtime field as string.
2026-09-06 02:57:27.235 | WARNING  | amisim.setting | 0.00/0.00s | - -> Unknown settings field detected: COPILOT.DEBUG_NONCE. Registering dynamic runtime field as string.
2026-09-06 02:57:27.235 | WARNING  | amisim.setting | 0.00/0.00s | - -> Unknown settings section detected: DBUS. Creating dynamic section at runtime.
2026-09-06 02:57:27.235 | WARNING  | amisim.setting | 0.00/0.00s | - -> Unknown settings field detected: DBUS.SESSION_BUS_ADDRESS. Registering dynamic runtime field as string.
2026-09-06 02:57:27.235 | WARNING  | amisim.setting | 0.00/0.01s | - -> Unknown settings section detected: DEBIAN. Creating dynamic section at runtime.
2026-09-06 02:57:27.235 | WARNING  | amisim.setting | 0.00/0.01s | - -> Unknown settings field detected: DEBIAN.FRONTEND. Registering dynamic runtime field as string.
2026-09-06 02:57:27.236 | WARNING  | amisim.setting | 0.00/0.01s | - -> Unknown settings section detected: DEBUGINFOD. Creating dynamic section at runtime.
2026-09-06 02:57:27.236 | WARNING  | amisim.setting | 0.00/0.01s | - -> Unknown settings field detected: DEBUGINFOD.URLS. Registering dynamic runtime field as string.
2026-09-06 02:57:27.236 | WARNING  | amisim.setting | 0.00/0.01s | - -> Unknown settings section detected: FNM. Creating dynamic section at runtime.
2026-09-06 02:57:27.236 | WARNING  | amisim.setting | 0.00/0.01s | - -> Unknown settings field detected: FNM.ARCH. Registering dynamic runtime field as string.
2026-09-06 02:57:27.236 | WARNING  | amisim.setting | 0.00/0.01s | - -> Unknown settings field detected: FNM.COREPACK_ENABLED. Registering dynamic runtime field as string.
2026-09-06 02:57:27.236 | WARNING  | amisim.setting | 0.00/0.01s | - -> Unknown settings field detected: FNM.DIR. Registering dynamic runtime field as string.
2026-09-06 02:57:27.237 | WARNING  | amisim.setting | 0.00/0.01s | - -> Unknown settings field detected: FNM.LOGLEVEL. Registering dynamic runtime field as string.
2026-09-06 02:57:27.237 | WARNING  | amisim.setting | 0.00/0.01s | - -> Unknown settings field detected: FNM.MULTISHELL_PATH. Registering dynamic runtime field as string.
2026-09-06 02:57:27.237 | WARNING  | amisim.setting | 0.00/0.01s | - -> Unknown settings field detected: FNM.NODE_DIST_MIRROR. Registering dynamic runtime field as string.
2026-09-06 02:57:27.237 | WARNING  | amisim.setting | 0.00/0.01s | - -> Unknown settings field detected: FNM.RESOLVE_ENGINES. Registering dynamic runtime field as string.
2026-09-06 02:57:27.237 | WARNING  | amisim.setting | 0.00/0.01s | - -> Unknown settings field detected: FNM.VERSION_FILE_STRATEGY. Registering dynamic runtime field as string.
2026-09-06 02:57:27.237 | WARNING  | amisim.setting | 0.00/0.01s | - -> Unknown settings section detected: GIT. Creating dynamic section at runtime.
2026-09-06 02:57:27.238 | WARNING  | amisim.setting | 0.00/0.01s | - -> Unknown settings field detected: GIT.ASKPASS. Registering dynamic runtime field as string.
2026-09-06 02:57:27.238 | WARNING  | amisim.setting | 0.00/0.01s | - -> Unknown settings field detected: GIT.EDITOR. Registering dynamic runtime field as string.
2026-09-06 02:57:27.238 | WARNING  | amisim.setting | 0.00/0.01s | - -> Unknown settings field detected: GIT.MERGE_AUTOEDIT. Registering dynamic runtime field as string.
2026-09-06 02:57:27.238 | WARNING  | amisim.setting | 0.00/0.01s | - -> Unknown settings field detected: GIT.PAGER. Registering dynamic runtime field as string.
2026-09-06 02:57:27.238 | WARNING  | amisim.setting | 0.00/0.01s | - -> Unknown settings section detected: HADOOP. Creating dynamic section at runtime.
2026-09-06 02:57:27.238 | WARNING  | amisim.setting | 0.00/0.01s | - -> Unknown settings field detected: HADOOP.HOME. Registering dynamic runtime field as string.
2026-09-06 02:57:27.239 | WARNING  | amisim.setting | 0.00/0.01s | - -> Unknown settings section detected: JAVA. Creating dynamic section at runtime.
2026-09-06 02:57:27.239 | WARNING  | amisim.setting | 0.00/0.01s | - -> Unknown settings field detected: JAVA.HOME. Registering dynamic runtime field as string.
2026-09-06 02:57:27.239 | WARNING  | amisim.setting | 0.00/0.01s | - -> Unknown settings section detected: LD. Creating dynamic section at runtime.
2026-09-06 02:57:27.239 | WARNING  | amisim.setting | 0.00/0.01s | - -> Unknown settings field detected: LD.LIBRARY_PATH. Registering dynamic runtime field as string.
2026-09-06 02:57:27.239 | WARNING  | amisim.setting | 0.00/0.01s | - -> Unknown settings section detected: LIBVIRT. Creating dynamic section at runtime.
2026-09-06 02:57:27.239 | WARNING  | amisim.setting | 0.00/0.01s | - -> Unknown settings field detected: LIBVIRT.DEFAULT_URI. Registering dynamic runtime field as string.
2026-09-06 02:57:27.240 | WARNING  | amisim.setting | 0.00/0.01s | - -> Unknown settings section detected: LS. Creating dynamic section at runtime.
2026-09-06 02:57:27.240 | WARNING  | amisim.setting | 0.00/0.01s | - -> Unknown settings field detected: LS.COLORS. Registering dynamic runtime field as string.
2026-09-06 02:57:27.240 | WARNING  | amisim.setting | 0.00/0.01s | - -> Unknown settings section detected: PYDEVD. Creating dynamic section at runtime.
2026-09-06 02:57:27.240 | WARNING  | amisim.setting | 0.00/0.01s | - -> Unknown settings field detected: PYDEVD.DISABLE_FILE_VALIDATION. Registering dynamic runtime field as string.
2026-09-06 02:57:27.240 | WARNING  | amisim.setting | 0.00/0.01s | - -> Unknown settings section detected: PYTEST. Creating dynamic section at runtime.
2026-09-06 02:57:27.241 | WARNING  | amisim.setting | 0.00/0.01s | - -> Unknown settings field detected: PYTEST.CURRENT_TEST. Registering dynamic runtime field as string.
2026-09-06 02:57:27.242 | WARNING  | amisim.setting | 0.00/0.01s | - -> Unknown settings field detected: PYTEST.VERSION. Registering dynamic runtime field as string.
2026-09-06 02:57:27.242 | WARNING  | amisim.setting | 0.00/0.01s | - -> Unknown settings section detected: PYTHON. Creating dynamic section at runtime.
2026-09-06 02:57:27.243 | WARNING  | amisim.setting | 0.00/0.01s | - -> Unknown settings field detected: PYTHON.BASIC_REPL. Registering dynamic runtime field as string.
2026-09-06 02:57:27.243 | WARNING  | amisim.setting | 0.00/0.01s | - -> Unknown settings section detected: QT. Creating dynamic section at runtime.
2026-09-06 02:57:27.243 | WARNING  | amisim.setting | 0.00/0.01s | - -> Unknown settings field detected: QT.XCB_GL_INTEGRATION. Registering dynamic runtime field as string.
2026-09-06 02:57:27.244 | WARNING  | amisim.setting | 0.00/0.01s | - -> Unknown settings section detected: SSH. Creating dynamic section at runtime.
2026-09-06 02:57:27.244 | WARNING  | amisim.setting | 0.00/0.01s | - -> Unknown settings field detected: SSH.CLIENT. Registering dynamic runtime field as string.
2026-09-06 02:57:27.244 | WARNING  | amisim.setting | 0.00/0.01s | - -> Unknown settings field detected: SSH.CONNECTION. Registering dynamic runtime field as string.
2026-09-06 02:57:27.245 | WARNING  | amisim.setting | 0.00/0.01s | - -> Unknown settings section detected: TERM. Creating dynamic section at runtime.
2026-09-06 02:57:27.245 | WARNING  | amisim.setting | 0.00/0.02s | - -> Unknown settings field detected: TERM.PROGRAM. Registering dynamic runtime field as string.
2026-09-06 02:57:27.245 | WARNING  | amisim.setting | 0.00/0.02s | - -> Unknown settings field detected: TERM.PROGRAM_VERSION. Registering dynamic runtime field as string.
2026-09-06 02:57:27.246 | WARNING  | amisim.setting | 0.00/0.02s | - -> Unknown settings section detected: VSCODE. Creating dynamic section at runtime.
2026-09-06 02:57:27.246 | WARNING  | amisim.setting | 0.00/0.02s | - -> Unknown settings field detected: VSCODE.DEBUGPY_ADAPTER_ENDPOINTS. Registering dynamic runtime field as string.
2026-09-06 02:57:27.246 | WARNING  | amisim.setting | 0.00/0.02s | - -> Unknown settings field detected: VSCODE.GIT_ASKPASS_EXTRA_ARGS. Registering dynamic runtime field as string.
2026-09-06 02:57:27.247 | WARNING  | amisim.setting | 0.00/0.02s | - -> Unknown settings field detected: VSCODE.GIT_ASKPASS_MAIN. Registering dynamic runtime field as string.
2026-09-06 02:57:27.247 | WARNING  | amisim.setting | 0.00/0.02s | - -> Unknown settings field detected: VSCODE.GIT_ASKPASS_NODE. Registering dynamic runtime field as string.
2026-09-06 02:57:27.248 | WARNING  | amisim.setting | 0.00/0.02s | - -> Unknown settings field detected: VSCODE.GIT_IPC_HANDLE. Registering dynamic runtime field as string.
2026-09-06 02:57:27.248 | WARNING  | amisim.setting | 0.00/0.02s | - -> Unknown settings field detected: VSCODE.IPC_HOOK_CLI. Registering dynamic runtime field as string.
2026-09-06 02:57:27.248 | WARNING  | amisim.setting | 0.00/0.02s | - -> Unknown settings field detected: VSCODE.PYTHON_AUTOACTIVATE_GUARD. Registering dynamic runtime field as string.
2026-09-06 02:57:27.249 | WARNING  | amisim.setting | 0.00/0.02s | - -> Unknown settings section detected: XDG. Creating dynamic section at runtime.
2026-09-06 02:57:27.249 | WARNING  | amisim.setting | 0.00/0.02s | - -> Unknown settings field detected: XDG.DATA_DIRS. Registering dynamic runtime field as string.
2026-09-06 02:57:27.250 | WARNING  | amisim.setting | 0.00/0.02s | - -> Unknown settings field detected: XDG.RUNTIME_DIR. Registering dynamic runtime field as string.
2026-09-06 02:57:27.250 | WARNING  | amisim.setting | 0.00/0.02s | - -> Unknown settings field detected: XDG.SESSION_CLASS. Registering dynamic runtime field as string.
2026-09-06 02:57:27.250 | WARNING  | amisim.setting | 0.00/0.02s | - -> Unknown settings field detected: XDG.SESSION_ID. Registering dynamic runtime field as string.
2026-09-06 02:57:27.250 | WARNING  | amisim.setting | 0.00/0.02s | - -> Unknown settings field detected: XDG.SESSION_TYPE. Registering dynamic runtime field as string.
2026-09-06 02:57:27.251 | WARNING  | amisim.setting | 0.00/0.02s | - -> Unknown settings section detected: AI. Creating dynamic section at runtime.
2026-09-06 02:57:27.252 | WARNING  | amisim.setting | 0.00/0.02s | - -> Unknown settings field detected: AI.AGENT. Registering dynamic runtime field as string.
2026-09-06 02:57:27.252 | WARNING  | amisim.setting | 0.00/0.02s | - -> Unknown settings section detected: BUNDLED. Creating dynamic section at runtime.
2026-09-06 02:57:27.252 | WARNING  | amisim.setting | 0.00/0.02s | - -> Unknown settings field detected: BUNDLED.DEBUGPY_PATH. Registering dynamic runtime field as string.
2026-09-06 02:57:27.253 | WARNING  | amisim.setting | 0.00/0.02s | - -> Unknown settings section detected: CONDA. Creating dynamic section at runtime.
2026-09-06 02:57:27.253 | WARNING  | amisim.setting | 0.00/0.02s | - -> Unknown settings field detected: CONDA.DEFAULT_ENV. Registering dynamic runtime field as string.
2026-09-06 02:57:27.253 | WARNING  | amisim.setting | 0.00/0.02s | - -> Unknown settings field detected: CONDA.EXE. Registering dynamic runtime field as string.
2026-09-06 02:57:27.254 | WARNING  | amisim.setting | 0.00/0.02s | - -> Unknown settings field detected: CONDA.PREFIX. Registering dynamic runtime field as string.
2026-09-06 02:57:27.254 | WARNING  | amisim.setting | 0.00/0.02s | - -> Unknown settings field detected: CONDA.PREFIX_1. Registering dynamic runtime field as string.
2026-09-06 02:57:27.254 | WARNING  | amisim.setting | 0.00/0.02s | - -> Unknown settings field detected: CONDA.PROMPT_MODIFIER. Registering dynamic runtime field as string.
2026-09-06 02:57:27.255 | WARNING  | amisim.setting | 0.00/0.02s | - -> Unknown settings field detected: CONDA.PYTHON_EXE. Registering dynamic runtime field as string.
2026-09-06 02:57:27.255 | WARNING  | amisim.setting | 0.00/0.03s | - -> Unknown settings field detected: CONDA.ROOT. Registering dynamic runtime field as string.
2026-09-06 02:57:27.255 | WARNING  | amisim.setting | 0.00/0.03s | - -> Unknown settings field detected: CONDA.SHLVL. Registering dynamic runtime field as string.
2026-09-06 02:57:27.256 | WARNING  | amisim.setting | 0.00/0.03s | - -> Unknown settings section detected: COPILOT. Creating dynamic section at runtime.
2026-09-06 02:57:27.256 | WARNING  | amisim.setting | 0.00/0.03s | - -> Unknown settings field detected: COPILOT.AGENT. Registering dynamic runtime field as string.
2026-09-06 02:57:27.256 | WARNING  | amisim.setting | 0.00/0.03s | - -> Unknown settings field detected: COPILOT.DEBUG_NONCE. Registering dynamic runtime field as string.
2026-09-06 02:57:27.257 | WARNING  | amisim.setting | 0.00/0.03s | - -> Unknown settings section detected: DBUS. Creating dynamic section at runtime.
2026-09-06 02:57:27.257 | WARNING  | amisim.setting | 0.00/0.03s | - -> Unknown settings field detected: DBUS.SESSION_BUS_ADDRESS. Registering dynamic runtime field as string.
2026-09-06 02:57:27.258 | WARNING  | amisim.setting | 0.00/0.03s | - -> Unknown settings section detected: DEBIAN. Creating dynamic section at runtime.
2026-09-06 02:57:27.258 | WARNING  | amisim.setting | 0.00/0.03s | - -> Unknown settings field detected: DEBIAN.FRONTEND. Registering dynamic runtime field as string.
2026-09-06 02:57:27.258 | WARNING  | amisim.setting | 0.00/0.03s | - -> Unknown settings section detected: DEBUGINFOD. Creating dynamic section at runtime.
2026-09-06 02:57:27.259 | WARNING  | amisim.setting | 0.00/0.03s | - -> Unknown settings field detected: DEBUGINFOD.URLS. Registering dynamic runtime field as string.
2026-09-06 02:57:27.259 | WARNING  | amisim.setting | 0.00/0.03s | - -> Unknown settings section detected: FNM. Creating dynamic section at runtime.
2026-09-06 02:57:27.259 | WARNING  | amisim.setting | 0.00/0.03s | - -> Unknown settings field detected: FNM.ARCH. Registering dynamic runtime field as string.
2026-09-06 02:57:27.260 | WARNING  | amisim.setting | 0.00/0.03s | - -> Unknown settings field detected: FNM.COREPACK_ENABLED. Registering dynamic runtime field as string.
2026-09-06 02:57:27.260 | WARNING  | amisim.setting | 0.00/0.03s | - -> Unknown settings field detected: FNM.DIR. Registering dynamic runtime field as string.
2026-09-06 02:57:27.261 | WARNING  | amisim.setting | 0.00/0.03s | - -> Unknown settings field detected: FNM.LOGLEVEL. Registering dynamic runtime field as string.
2026-09-06 02:57:27.261 | WARNING  | amisim.setting | 0.00/0.03s | - -> Unknown settings field detected: FNM.MULTISHELL_PATH. Registering dynamic runtime field as string.
2026-09-06 02:57:27.262 | WARNING  | amisim.setting | 0.00/0.03s | - -> Unknown settings field detected: FNM.NODE_DIST_MIRROR. Registering dynamic runtime field as string.
2026-09-06 02:57:27.263 | WARNING  | amisim.setting | 0.00/0.03s | - -> Unknown settings field detected: FNM.RESOLVE_ENGINES. Registering dynamic runtime field as string.
2026-09-06 02:57:27.263 | WARNING  | amisim.setting | 0.00/0.03s | - -> Unknown settings field detected: FNM.VERSION_FILE_STRATEGY. Registering dynamic runtime field as string.
2026-09-06 02:57:27.265 | WARNING  | amisim.setting | 0.00/0.03s | - -> Unknown settings section detected: GIT. Creating dynamic section at runtime.
2026-09-06 02:57:27.265 | WARNING  | amisim.setting | 0.00/0.04s | - -> Unknown settings field detected: GIT.ASKPASS. Registering dynamic runtime field as string.
2026-09-06 02:57:27.266 | WARNING  | amisim.setting | 0.00/0.04s | - -> Unknown settings field detected: GIT.EDITOR. Registering dynamic runtime field as string.
2026-09-06 02:57:27.267 | WARNING  | amisim.setting | 0.00/0.04s | - -> Unknown settings field detected: GIT.MERGE_AUTOEDIT. Registering dynamic runtime field as string.
2026-09-06 02:57:27.268 | WARNING  | amisim.setting | 0.00/0.04s | - -> Unknown settings field detected: GIT.PAGER. Registering dynamic runtime field as string.
2026-09-06 02:57:27.268 | WARNING  | amisim.setting | 0.00/0.04s | - -> Unknown settings section detected: HADOOP. Creating dynamic section at runtime.
2026-09-06 02:57:27.269 | WARNING  | amisim.setting | 0.00/0.04s | - -> Unknown settings field detected: HADOOP.HOME. Registering dynamic runtime field as string.
2026-09-06 02:57:27.271 | WARNING  | amisim.setting | 0.00/0.04s | - -> Unknown settings section detected: JAVA. Creating dynamic section at runtime.
2026-09-06 02:57:27.271 | WARNING  | amisim.setting | 0.00/0.04s | - -> Unknown settings field detected: JAVA.HOME. Registering dynamic runtime field as string.
2026-09-06 02:57:27.272 | WARNING  | amisim.setting | 0.00/0.04s | - -> Unknown settings section detected: LD. Creating dynamic section at runtime.
2026-09-06 02:57:27.272 | WARNING  | amisim.setting | 0.00/0.04s | - -> Unknown settings field detected: LD.LIBRARY_PATH. Registering dynamic runtime field as string.
2026-09-06 02:57:27.274 | WARNING  | amisim.setting | 0.00/0.04s | - -> Unknown settings section detected: LIBVIRT. Creating dynamic section at runtime.
2026-09-06 02:57:27.274 | WARNING  | amisim.setting | 0.00/0.04s | - -> Unknown settings field detected: LIBVIRT.DEFAULT_URI. Registering dynamic runtime field as string.
2026-09-06 02:57:27.275 | WARNING  | amisim.setting | 0.00/0.04s | - -> Unknown settings section detected: LS. Creating dynamic section at runtime.
2026-09-06 02:57:27.275 | WARNING  | amisim.setting | 0.00/0.05s | - -> Unknown settings field detected: LS.COLORS. Registering dynamic runtime field as string.
2026-09-06 02:57:27.277 | WARNING  | amisim.setting | 0.00/0.05s | - -> Unknown settings section detected: PYDEVD. Creating dynamic section at runtime.
2026-09-06 02:57:27.277 | WARNING  | amisim.setting | 0.00/0.05s | - -> Unknown settings field detected: PYDEVD.DISABLE_FILE_VALIDATION. Registering dynamic runtime field as string.
2026-09-06 02:57:27.278 | WARNING  | amisim.setting | 0.00/0.05s | - -> Unknown settings section detected: PYTEST. Creating dynamic section at runtime.
2026-09-06 02:57:27.278 | WARNING  | amisim.setting | 0.00/0.05s | - -> Unknown settings field detected: PYTEST.CURRENT_TEST. Registering dynamic runtime field as string.
2026-09-06 02:57:27.280 | WARNING  | amisim.setting | 0.00/0.05s | - -> Unknown settings field detected: PYTEST.VERSION. Registering dynamic runtime field as string.
2026-09-06 02:57:27.281 | WARNING  | amisim.setting | 0.00/0.05s | - -> Unknown settings section detected: PYTHON. Creating dynamic section at runtime.
2026-09-06 02:57:27.281 | WARNING  | amisim.setting | 0.00/0.05s | - -> Unknown settings field detected: PYTHON.BASIC_REPL. Registering dynamic runtime field as string.
2026-09-06 02:57:27.282 | WARNING  | amisim.setting | 0.00/0.05s | - -> Unknown settings section detected: QT. Creating dynamic section at runtime.
2026-09-06 02:57:27.283 | WARNING  | amisim.setting | 0.00/0.05s | - -> Unknown settings field detected: QT.XCB_GL_INTEGRATION. Registering dynamic runtime field as string.
2026-09-06 02:57:27.283 | WARNING  | amisim.setting | 0.00/0.05s | - -> Unknown settings section detected: SSH. Creating dynamic section at runtime.
2026-09-06 02:57:27.283 | WARNING  | amisim.setting | 0.00/0.05s | - -> Unknown settings field detected: SSH.CLIENT. Registering dynamic runtime field as string.
2026-09-06 02:57:27.283 | WARNING  | amisim.setting | 0.00/0.05s | - -> Unknown settings field detected: SSH.CONNECTION. Registering dynamic runtime field as string.
2026-09-06 02:57:27.286 | WARNING  | amisim.setting | 0.00/0.06s | - -> Unknown settings section detected: TERM. Creating dynamic section at runtime.
2026-09-06 02:57:27.286 | WARNING  | amisim.setting | 0.00/0.06s | - -> Unknown settings field detected: TERM.PROGRAM. Registering dynamic runtime field as string.
2026-09-06 02:57:27.286 | WARNING  | amisim.setting | 0.00/0.06s | - -> Unknown settings field detected: TERM.PROGRAM_VERSION. Registering dynamic runtime field as string.
2026-09-06 02:57:27.287 | WARNING  | amisim.setting | 0.00/0.06s | - -> Unknown settings section detected: VSCODE. Creating dynamic section at runtime.
2026-09-06 02:57:27.288 | WARNING  | amisim.setting | 0.00/0.06s | - -> Unknown settings field detected: VSCODE.DEBUGPY_ADAPTER_ENDPOINTS. Registering dynamic runtime field as string.
2026-09-06 02:57:27.288 | WARNING  | amisim.setting | 0.00/0.06s | - -> Unknown settings field detected: VSCODE.GIT_ASKPASS_EXTRA_ARGS. Registering dynamic runtime field as string.
2026-09-06 02:57:27.288 | WARNING  | amisim.setting | 0.00/0.06s | - -> Unknown settings field detected: VSCODE.GIT_ASKPASS_MAIN. Registering dynamic runtime field as string.
2026-09-06 02:57:27.288 | WARNING  | amisim.setting | 0.00/0.06s | - -> Unknown settings field detected: VSCODE.GIT_ASKPASS_NODE. Registering dynamic runtime field as string.
2026-09-06 02:57:27.290 | WARNING  | amisim.setting | 0.00/0.06s | - -> Unknown settings field detected: VSCODE.GIT_IPC_HANDLE. Registering dynamic runtime field as string.
2026-09-06 02:57:27.290 | WARNING  | amisim.setting | 0.00/0.06s | - -> Unknown settings field detected: VSCODE.IPC_HOOK_CLI. Registering dynamic runtime field as string.
2026-09-06 02:57:27.290 | WARNING  | amisim.setting | 0.00/0.06s | - -> Unknown settings field detected: VSCODE.PYTHON_AUTOACTIVATE_GUARD. Registering dynamic runtime field as string.
2026-09-06 02:57:27.290 | WARNING  | amisim.setting | 0.00/0.06s | - -> Unknown settings section detected: XDG. Creating dynamic section at runtime.
2026-09-06 02:57:27.292 | WARNING  | amisim.setting | 0.00/0.06s | - -> Unknown settings field detected: XDG.DATA_DIRS. Registering dynamic runtime field as string.
2026-09-06 02:57:27.292 | WARNING  | amisim.setting | 0.00/0.06s | - -> Unknown settings field detected: XDG.RUNTIME_DIR. Registering dynamic runtime field as string.
2026-09-06 02:57:27.292 | WARNING  | amisim.setting | 0.00/0.06s | - -> Unknown settings field detected: XDG.SESSION_CLASS. Registering dynamic runtime field as string.
2026-09-06 02:57:27.292 | WARNING  | amisim.setting | 0.00/0.06s | - -> Unknown settings field detected: XDG.SESSION_ID. Registering dynamic runtime field as string.
2026-09-06 02:57:27.293 | WARNING  | amisim.setting | 0.00/0.06s | - -> Unknown settings field detected: XDG.SESSION_TYPE. Registering dynamic runtime field as string.
2026-09-06 02:57:27.317 | INFO     | amisim.application | 0.00/0.00s | - -> Default settings model loaded
2026-09-06 02:57:27.319 | WARNING  | amisim.setting | 0.00/0.00s | - -> Unknown settings section detected: AI. Creating dynamic section at runtime.
2026-09-06 02:57:27.319 | WARNING  | amisim.setting | 0.00/0.00s | - -> Unknown settings field detected: AI.AGENT. Registering dynamic runtime field as string.
2026-09-06 02:57:27.319 | WARNING  | amisim.setting | 0.00/0.00s | - -> Unknown settings section detected: BUNDLED. Creating dynamic section at runtime.
2026-09-06 02:57:27.319 | WARNING  | amisim.setting | 0.00/0.00s | - -> Unknown settings field detected: BUNDLED.DEBUGPY_PATH. Registering dynamic runtime field as string.
2026-09-06 02:57:27.320 | WARNING  | amisim.setting | 0.00/0.00s | - -> Unknown settings section detected: CONDA. Creating dynamic section at runtime.
2026-09-06 02:57:27.320 | WARNING  | amisim.setting | 0.00/0.00s | - -> Unknown settings field detected: CONDA.DEFAULT_ENV. Registering dynamic runtime field as string.
2026-09-06 02:57:27.320 | WARNING  | amisim.setting | 0.00/0.00s | - -> Unknown settings field detected: CONDA.EXE. Registering dynamic runtime field as string.
2026-09-06 02:57:27.320 | WARNING  | amisim.setting | 0.00/0.00s | - -> Unknown settings field detected: CONDA.PREFIX. Registering dynamic runtime field as string.
2026-09-06 02:57:27.320 | WARNING  | amisim.setting | 0.00/0.00s | - -> Unknown settings field detected: CONDA.PREFIX_1. Registering dynamic runtime field as string.
2026-09-06 02:57:27.320 | WARNING  | amisim.setting | 0.00/0.00s | - -> Unknown settings field detected: CONDA.PROMPT_MODIFIER. Registering dynamic runtime field as string.
2026-09-06 02:57:27.321 | WARNING  | amisim.setting | 0.00/0.00s | - -> Unknown settings field detected: CONDA.PYTHON_EXE. Registering dynamic runtime field as string.
2026-09-06 02:57:27.321 | WARNING  | amisim.setting | 0.00/0.00s | - -> Unknown settings field detected: CONDA.ROOT. Registering dynamic runtime field as string.
2026-09-06 02:57:27.321 | WARNING  | amisim.setting | 0.00/0.00s | - -> Unknown settings field detected: CONDA.SHLVL. Registering dynamic runtime field as string.
2026-09-06 02:57:27.321 | WARNING  | amisim.setting | 0.00/0.00s | - -> Unknown settings section detected: COPILOT. Creating dynamic section at runtime.
2026-09-06 02:57:27.321 | WARNING  | amisim.setting | 0.00/0.00s | - -> Unknown settings field detected: COPILOT.AGENT. Registering dynamic runtime field as string.
2026-09-06 02:57:27.321 | WARNING  | amisim.setting | 0.00/0.00s | - -> Unknown settings field detected: COPILOT.DEBUG_NONCE. Registering dynamic runtime field as string.
2026-09-06 02:57:27.322 | WARNING  | amisim.setting | 0.00/0.00s | - -> Unknown settings section detected: DBUS. Creating dynamic section at runtime.
2026-09-06 02:57:27.322 | WARNING  | amisim.setting | 0.00/0.01s | - -> Unknown settings field detected: DBUS.SESSION_BUS_ADDRESS. Registering dynamic runtime field as string.
2026-09-06 02:57:27.322 | WARNING  | amisim.setting | 0.00/0.01s | - -> Unknown settings section detected: DEBIAN. Creating dynamic section at runtime.
2026-09-06 02:57:27.322 | WARNING  | amisim.setting | 0.00/0.01s | - -> Unknown settings field detected: DEBIAN.FRONTEND. Registering dynamic runtime field as string.
2026-09-06 02:57:27.322 | WARNING  | amisim.setting | 0.00/0.01s | - -> Unknown settings section detected: DEBUGINFOD. Creating dynamic section at runtime.
2026-09-06 02:57:27.322 | WARNING  | amisim.setting | 0.00/0.01s | - -> Unknown settings field detected: DEBUGINFOD.URLS. Registering dynamic runtime field as string.
2026-09-06 02:57:27.323 | WARNING  | amisim.setting | 0.00/0.01s | - -> Unknown settings section detected: FNM. Creating dynamic section at runtime.
2026-09-06 02:57:27.323 | WARNING  | amisim.setting | 0.00/0.01s | - -> Unknown settings field detected: FNM.ARCH. Registering dynamic runtime field as string.
2026-09-06 02:57:27.323 | WARNING  | amisim.setting | 0.00/0.01s | - -> Unknown settings field detected: FNM.COREPACK_ENABLED. Registering dynamic runtime field as string.
2026-09-06 02:57:27.323 | WARNING  | amisim.setting | 0.00/0.01s | - -> Unknown settings field detected: FNM.DIR. Registering dynamic runtime field as string.
2026-09-06 02:57:27.323 | WARNING  | amisim.setting | 0.00/0.01s | - -> Unknown settings field detected: FNM.LOGLEVEL. Registering dynamic runtime field as string.
2026-09-06 02:57:27.323 | WARNING  | amisim.setting | 0.00/0.01s | - -> Unknown settings field detected: FNM.MULTISHELL_PATH. Registering dynamic runtime field as string.
2026-09-06 02:57:27.324 | WARNING  | amisim.setting | 0.00/0.01s | - -> Unknown settings field detected: FNM.NODE_DIST_MIRROR. Registering dynamic runtime field as string.
2026-09-06 02:57:27.324 | WARNING  | amisim.setting | 0.00/0.01s | - -> Unknown settings field detected: FNM.RESOLVE_ENGINES. Registering dynamic runtime field as string.
2026-09-06 02:57:27.324 | WARNING  | amisim.setting | 0.00/0.01s | - -> Unknown settings field detected: FNM.VERSION_FILE_STRATEGY. Registering dynamic runtime field as string.
2026-09-06 02:57:27.324 | WARNING  | amisim.setting | 0.00/0.01s | - -> Unknown settings section detected: GIT. Creating dynamic section at runtime.
2026-09-06 02:57:27.324 | WARNING  | amisim.setting | 0.00/0.01s | - -> Unknown settings field detected: GIT.ASKPASS. Registering dynamic runtime field as string.
2026-09-06 02:57:27.325 | WARNING  | amisim.setting | 0.00/0.01s | - -> Unknown settings field detected: GIT.EDITOR. Registering dynamic runtime field as string.
2026-09-06 02:57:27.325 | WARNING  | amisim.setting | 0.00/0.01s | - -> Unknown settings field detected: GIT.MERGE_AUTOEDIT. Registering dynamic runtime field as string.
2026-09-06 02:57:27.325 | WARNING  | amisim.setting | 0.00/0.01s | - -> Unknown settings field detected: GIT.PAGER. Registering dynamic runtime field as string.
2026-09-06 02:57:27.325 | WARNING  | amisim.setting | 0.00/0.01s | - -> Unknown settings section detected: HADOOP. Creating dynamic section at runtime.
2026-09-06 02:57:27.325 | WARNING  | amisim.setting | 0.00/0.01s | - -> Unknown settings field detected: HADOOP.HOME. Registering dynamic runtime field as string.
2026-09-06 02:57:27.326 | WARNING  | amisim.setting | 0.00/0.01s | - -> Unknown settings section detected: JAVA. Creating dynamic section at runtime.
2026-09-06 02:57:27.326 | WARNING  | amisim.setting | 0.00/0.01s | - -> Unknown settings field detected: JAVA.HOME. Registering dynamic runtime field as string.
2026-09-06 02:57:27.326 | WARNING  | amisim.setting | 0.00/0.01s | - -> Unknown settings section detected: LD. Creating dynamic section at runtime.
2026-09-06 02:57:27.326 | WARNING  | amisim.setting | 0.00/0.01s | - -> Unknown settings field detected: LD.LIBRARY_PATH. Registering dynamic runtime field as string.
2026-09-06 02:57:27.326 | WARNING  | amisim.setting | 0.00/0.01s | - -> Unknown settings section detected: LIBVIRT. Creating dynamic section at runtime.
2026-09-06 02:57:27.326 | WARNING  | amisim.setting | 0.00/0.01s | - -> Unknown settings field detected: LIBVIRT.DEFAULT_URI. Registering dynamic runtime field as string.
2026-09-06 02:57:27.327 | WARNING  | amisim.setting | 0.00/0.01s | - -> Unknown settings section detected: LS. Creating dynamic section at runtime.
2026-09-06 02:57:27.327 | WARNING  | amisim.setting | 0.00/0.01s | - -> Unknown settings field detected: LS.COLORS. Registering dynamic runtime field as string.
2026-09-06 02:57:27.327 | WARNING  | amisim.setting | 0.00/0.01s | - -> Unknown settings section detected: PYDEVD. Creating dynamic section at runtime.
2026-09-06 02:57:27.327 | WARNING  | amisim.setting | 0.00/0.01s | - -> Unknown settings field detected: PYDEVD.DISABLE_FILE_VALIDATION. Registering dynamic runtime field as string.
2026-09-06 02:57:27.327 | WARNING  | amisim.setting | 0.00/0.01s | - -> Unknown settings section detected: PYTEST. Creating dynamic section at runtime.
2026-09-06 02:57:27.328 | WARNING  | amisim.setting | 0.00/0.01s | - -> Unknown settings field detected: PYTEST.CURRENT_TEST. Registering dynamic runtime field as string.
2026-09-06 02:57:27.329 | WARNING  | amisim.setting | 0.00/0.01s | - -> Unknown settings field detected: PYTEST.VERSION. Registering dynamic runtime field as string.
2026-09-06 02:57:27.329 | WARNING  | amisim.setting | 0.00/0.01s | - -> Unknown settings section detected: PYTHON. Creating dynamic section at runtime.
2026-09-06 02:57:27.329 | WARNING  | amisim.setting | 0.00/0.01s | - -> Unknown settings field detected: PYTHON.BASIC_REPL. Registering dynamic runtime field as string.
2026-09-06 02:57:27.329 | WARNING  | amisim.setting | 0.00/0.01s | - -> Unknown settings section detected: QT. Creating dynamic section at runtime.
2026-09-06 02:57:27.330 | WARNING  | amisim.setting | 0.00/0.01s | - -> Unknown settings field detected: QT.XCB_GL_INTEGRATION. Registering dynamic runtime field as string.
2026-09-06 02:57:27.331 | WARNING  | amisim.setting | 0.00/0.01s | - -> Unknown settings section detected: SSH. Creating dynamic section at runtime.
2026-09-06 02:57:27.331 | WARNING  | amisim.setting | 0.00/0.01s | - -> Unknown settings field detected: SSH.CLIENT. Registering dynamic runtime field as string.
2026-09-06 02:57:27.331 | WARNING  | amisim.setting | 0.00/0.01s | - -> Unknown settings field detected: SSH.CONNECTION. Registering dynamic runtime field as string.
2026-09-06 02:57:27.332 | WARNING  | amisim.setting | 0.00/0.02s | - -> Unknown settings section detected: TERM. Creating dynamic section at runtime.
2026-09-06 02:57:27.332 | WARNING  | amisim.setting | 0.00/0.02s | - -> Unknown settings field detected: TERM.PROGRAM. Registering dynamic runtime field as string.
2026-09-06 02:57:27.332 | WARNING  | amisim.setting | 0.00/0.02s | - -> Unknown settings field detected: TERM.PROGRAM_VERSION. Registering dynamic runtime field as string.
2026-09-06 02:57:27.333 | WARNING  | amisim.setting | 0.00/0.02s | - -> Unknown settings section detected: VSCODE. Creating dynamic section at runtime.
2026-09-06 02:57:27.333 | WARNING  | amisim.setting | 0.00/0.02s | - -> Unknown settings field detected: VSCODE.DEBUGPY_ADAPTER_ENDPOINTS. Registering dynamic runtime field as string.
2026-09-06 02:57:27.333 | WARNING  | amisim.setting | 0.00/0.02s | - -> Unknown settings field detected: VSCODE.GIT_ASKPASS_EXTRA_ARGS. Registering dynamic runtime field as string.
2026-09-06 02:57:27.334 | WARNING  | amisim.setting | 0.00/0.02s | - -> Unknown settings field detected: VSCODE.GIT_ASKPASS_MAIN. Registering dynamic runtime field as string.
2026-09-06 02:57:27.334 | WARNING  | amisim.setting | 0.00/0.02s | - -> Unknown settings field detected: VSCODE.GIT_ASKPASS_NODE. Registering dynamic runtime field as string.
2026-09-06 02:57:27.334 | WARNING  | amisim.setting | 0.00/0.02s | - -> Unknown settings field detected: VSCODE.GIT_IPC_HANDLE. Registering dynamic runtime field as string.
2026-09-06 02:57:27.335 | WARNING  | amisim.setting | 0.00/0.02s | - -> Unknown settings field detected: VSCODE.IPC_HOOK_CLI. Registering dynamic runtime field as string.
2026-09-06 02:57:27.335 | WARNING  | amisim.setting | 0.00/0.02s | - -> Unknown settings field detected: VSCODE.PYTHON_AUTOACTIVATE_GUARD. Registering dynamic runtime field as string.
2026-09-06 02:57:27.335 | WARNING  | amisim.setting | 0.00/0.02s | - -> Unknown settings section detected: XDG. Creating dynamic section at runtime.
2026-09-06 02:57:27.336 | WARNING  | amisim.setting | 0.00/0.02s | - -> Unknown settings field detected: XDG.DATA_DIRS. Registering dynamic runtime field as string.
2026-09-06 02:57:27.336 | WARNING  | amisim.setting | 0.00/0.02s | - -> Unknown settings field detected: XDG.RUNTIME_DIR. Registering dynamic runtime field as string.
2026-09-06 02:57:27.336 | WARNING  | amisim.setting | 0.00/0.02s | - -> Unknown settings field detected: XDG.SESSION_CLASS. Registering dynamic runtime field as string.
2026-09-06 02:57:27.337 | WARNING  | amisim.setting | 0.00/0.02s | - -> Unknown settings field detected: XDG.SESSION_ID. Registering dynamic runtime field as string.
2026-09-06 02:57:27.337 | WARNING  | amisim.setting | 0.00/0.02s | - -> Unknown settings field detected: XDG.SESSION_TYPE. Registering dynamic runtime field as string.
2026-09-06 02:57:27.338 | WARNING  | amisim.setting | 0.00/0.02s | - -> Unknown settings section detected: AI. Creating dynamic section at runtime.
2026-09-06 02:57:27.339 | WARNING  | amisim.setting | 0.00/0.02s | - -> Unknown settings field detected: AI.AGENT. Registering dynamic runtime field as string.
2026-09-06 02:57:27.339 | WARNING  | amisim.setting | 0.00/0.02s | - -> Unknown settings section detected: BUNDLED. Creating dynamic section at runtime.
2026-09-06 02:57:27.339 | WARNING  | amisim.setting | 0.00/0.02s | - -> Unknown settings field detected: BUNDLED.DEBUGPY_PATH. Registering dynamic runtime field as string.
2026-09-06 02:57:27.340 | WARNING  | amisim.setting | 0.00/0.02s | - -> Unknown settings section detected: CONDA. Creating dynamic section at runtime.
2026-09-06 02:57:27.340 | WARNING  | amisim.setting | 0.00/0.02s | - -> Unknown settings field detected: CONDA.DEFAULT_ENV. Registering dynamic runtime field as string.
2026-09-06 02:57:27.340 | WARNING  | amisim.setting | 0.00/0.02s | - -> Unknown settings field detected: CONDA.EXE. Registering dynamic runtime field as string.
2026-09-06 02:57:27.341 | WARNING  | amisim.setting | 0.00/0.02s | - -> Unknown settings field detected: CONDA.PREFIX. Registering dynamic runtime field as string.
2026-09-06 02:57:27.341 | WARNING  | amisim.setting | 0.00/0.02s | - -> Unknown settings field detected: CONDA.PREFIX_1. Registering dynamic runtime field as string.
2026-09-06 02:57:27.341 | WARNING  | amisim.setting | 0.00/0.02s | - -> Unknown settings field detected: CONDA.PROMPT_MODIFIER. Registering dynamic runtime field as string.
2026-09-06 02:57:27.342 | WARNING  | amisim.setting | 0.00/0.03s | - -> Unknown settings field detected: CONDA.PYTHON_EXE. Registering dynamic runtime field as string.
2026-09-06 02:57:27.342 | WARNING  | amisim.setting | 0.00/0.03s | - -> Unknown settings field detected: CONDA.ROOT. Registering dynamic runtime field as string.
2026-09-06 02:57:27.342 | WARNING  | amisim.setting | 0.00/0.03s | - -> Unknown settings field detected: CONDA.SHLVL. Registering dynamic runtime field as string.
2026-09-06 02:57:27.343 | WARNING  | amisim.setting | 0.00/0.03s | - -> Unknown settings section detected: COPILOT. Creating dynamic section at runtime.
2026-09-06 02:57:27.343 | WARNING  | amisim.setting | 0.00/0.03s | - -> Unknown settings field detected: COPILOT.AGENT. Registering dynamic runtime field as string.
2026-09-06 02:57:27.343 | WARNING  | amisim.setting | 0.00/0.03s | - -> Unknown settings field detected: COPILOT.DEBUG_NONCE. Registering dynamic runtime field as string.
2026-09-06 02:57:27.344 | WARNING  | amisim.setting | 0.00/0.03s | - -> Unknown settings section detected: DBUS. Creating dynamic section at runtime.
2026-09-06 02:57:27.344 | WARNING  | amisim.setting | 0.00/0.03s | - -> Unknown settings field detected: DBUS.SESSION_BUS_ADDRESS. Registering dynamic runtime field as string.
2026-09-06 02:57:27.345 | WARNING  | amisim.setting | 0.00/0.03s | - -> Unknown settings section detected: DEBIAN. Creating dynamic section at runtime.
2026-09-06 02:57:27.346 | WARNING  | amisim.setting | 0.00/0.03s | - -> Unknown settings field detected: DEBIAN.FRONTEND. Registering dynamic runtime field as string.
2026-09-06 02:57:27.346 | WARNING  | amisim.setting | 0.00/0.03s | - -> Unknown settings section detected: DEBUGINFOD. Creating dynamic section at runtime.
2026-09-06 02:57:27.346 | WARNING  | amisim.setting | 0.00/0.03s | - -> Unknown settings field detected: DEBUGINFOD.URLS. Registering dynamic runtime field as string.
2026-09-06 02:57:27.347 | WARNING  | amisim.setting | 0.00/0.03s | - -> Unknown settings section detected: FNM. Creating dynamic section at runtime.
2026-09-06 02:57:27.347 | WARNING  | amisim.setting | 0.00/0.03s | - -> Unknown settings field detected: FNM.ARCH. Registering dynamic runtime field as string.
2026-09-06 02:57:27.347 | WARNING  | amisim.setting | 0.00/0.03s | - -> Unknown settings field detected: FNM.COREPACK_ENABLED. Registering dynamic runtime field as string.
2026-09-06 02:57:27.348 | WARNING  | amisim.setting | 0.00/0.03s | - -> Unknown settings field detected: FNM.DIR. Registering dynamic runtime field as string.
2026-09-06 02:57:27.348 | WARNING  | amisim.setting | 0.00/0.03s | - -> Unknown settings field detected: FNM.LOGLEVEL. Registering dynamic runtime field as string.
2026-09-06 02:57:27.348 | WARNING  | amisim.setting | 0.00/0.03s | - -> Unknown settings field detected: FNM.MULTISHELL_PATH. Registering dynamic runtime field as string.
2026-09-06 02:57:27.349 | WARNING  | amisim.setting | 0.00/0.03s | - -> Unknown settings field detected: FNM.NODE_DIST_MIRROR. Registering dynamic runtime field as string.
2026-09-06 02:57:27.349 | WARNING  | amisim.setting | 0.00/0.03s | - -> Unknown settings field detected: FNM.RESOLVE_ENGINES. Registering dynamic runtime field as string.
2026-09-06 02:57:27.349 | WARNING  | amisim.setting | 0.00/0.03s | - -> Unknown settings field detected: FNM.VERSION_FILE_STRATEGY. Registering dynamic runtime field as string.
2026-09-06 02:57:27.350 | WARNING  | amisim.setting | 0.00/0.03s | - -> Unknown settings section detected: GIT. Creating dynamic section at runtime.
2026-09-06 02:57:27.350 | WARNING  | amisim.setting | 0.00/0.03s | - -> Unknown settings field detected: GIT.ASKPASS. Registering dynamic runtime field as string.
2026-09-06 02:57:27.350 | WARNING  | amisim.setting | 0.00/0.03s | - -> Unknown settings field detected: GIT.EDITOR. Registering dynamic runtime field as string.
2026-09-06 02:57:27.351 | WARNING  | amisim.setting | 0.00/0.03s | - -> Unknown settings field detected: GIT.MERGE_AUTOEDIT. Registering dynamic runtime field as string.
2026-09-06 02:57:27.351 | WARNING  | amisim.setting | 0.00/0.03s | - -> Unknown settings field detected: GIT.PAGER. Registering dynamic runtime field as string.
2026-09-06 02:57:27.352 | WARNING  | amisim.setting | 0.00/0.03s | - -> Unknown settings section detected: HADOOP. Creating dynamic section at runtime.
2026-09-06 02:57:27.352 | WARNING  | amisim.setting | 0.00/0.04s | - -> Unknown settings field detected: HADOOP.HOME. Registering dynamic runtime field as string.
2026-09-06 02:57:27.352 | WARNING  | amisim.setting | 0.00/0.04s | - -> Unknown settings section detected: JAVA. Creating dynamic section at runtime.
2026-09-06 02:57:27.353 | WARNING  | amisim.setting | 0.00/0.04s | - -> Unknown settings field detected: JAVA.HOME. Registering dynamic runtime field as string.
2026-09-06 02:57:27.353 | WARNING  | amisim.setting | 0.00/0.04s | - -> Unknown settings section detected: LD. Creating dynamic section at runtime.
2026-09-06 02:57:27.353 | WARNING  | amisim.setting | 0.00/0.04s | - -> Unknown settings field detected: LD.LIBRARY_PATH. Registering dynamic runtime field as string.
2026-09-06 02:57:27.354 | WARNING  | amisim.setting | 0.00/0.04s | - -> Unknown settings section detected: LIBVIRT. Creating dynamic section at runtime.
2026-09-06 02:57:27.354 | WARNING  | amisim.setting | 0.00/0.04s | - -> Unknown settings field detected: LIBVIRT.DEFAULT_URI. Registering dynamic runtime field as string.
2026-09-06 02:57:27.354 | WARNING  | amisim.setting | 0.00/0.04s | - -> Unknown settings section detected: LS. Creating dynamic section at runtime.
2026-09-06 02:57:27.355 | WARNING  | amisim.setting | 0.00/0.04s | - -> Unknown settings field detected: LS.COLORS. Registering dynamic runtime field as string.
2026-09-06 02:57:27.356 | WARNING  | amisim.setting | 0.00/0.04s | - -> Unknown settings section detected: PYDEVD. Creating dynamic section at runtime.
2026-09-06 02:57:27.356 | WARNING  | amisim.setting | 0.00/0.04s | - -> Unknown settings field detected: PYDEVD.DISABLE_FILE_VALIDATION. Registering dynamic runtime field as string.
2026-09-06 02:57:27.356 | WARNING  | amisim.setting | 0.00/0.04s | - -> Unknown settings section detected: PYTEST. Creating dynamic section at runtime.
2026-09-06 02:57:27.357 | WARNING  | amisim.setting | 0.00/0.04s | - -> Unknown settings field detected: PYTEST.CURRENT_TEST. Registering dynamic runtime field as string.
2026-09-06 02:57:27.357 | WARNING  | amisim.setting | 0.00/0.04s | - -> Unknown settings field detected: PYTEST.VERSION. Registering dynamic runtime field as string.
2026-09-06 02:57:27.357 | WARNING  | amisim.setting | 0.00/0.04s | - -> Unknown settings section detected: PYTHON. Creating dynamic section at runtime.
2026-09-06 02:57:27.358 | WARNING  | amisim.setting | 0.00/0.04s | - -> Unknown settings field detected: PYTHON.BASIC_REPL. Registering dynamic runtime field as string.
2026-09-06 02:57:27.358 | WARNING  | amisim.setting | 0.00/0.04s | - -> Unknown settings section detected: QT. Creating dynamic section at runtime.
2026-09-06 02:57:27.359 | WARNING  | amisim.setting | 0.00/0.04s | - -> Unknown settings field detected: QT.XCB_GL_INTEGRATION. Registering dynamic runtime field as string.
2026-09-06 02:57:27.359 | WARNING  | amisim.setting | 0.00/0.04s | - -> Unknown settings section detected: SSH. Creating dynamic section at runtime.
2026-09-06 02:57:27.359 | WARNING  | amisim.setting | 0.00/0.04s | - -> Unknown settings field detected: SSH.CLIENT. Registering dynamic runtime field as string.
2026-09-06 02:57:27.359 | WARNING  | amisim.setting | 0.00/0.04s | - -> Unknown settings field detected: SSH.CONNECTION. Registering dynamic runtime field as string.
2026-09-06 02:57:27.360 | WARNING  | amisim.setting | 0.00/0.04s | - -> Unknown settings section detected: TERM. Creating dynamic section at runtime.
2026-09-06 02:57:27.360 | WARNING  | amisim.setting | 0.00/0.04s | - -> Unknown settings field detected: TERM.PROGRAM. Registering dynamic runtime field as string.
2026-09-06 02:57:27.361 | WARNING  | amisim.setting | 0.00/0.04s | - -> Unknown settings field detected: TERM.PROGRAM_VERSION. Registering dynamic runtime field as string.
2026-09-06 02:57:27.361 | WARNING  | amisim.setting | 0.00/0.04s | - -> Unknown settings section detected: VSCODE. Creating dynamic section at runtime.
2026-09-06 02:57:27.362 | WARNING  | amisim.setting | 0.00/0.05s | - -> Unknown settings field detected: VSCODE.DEBUGPY_ADAPTER_ENDPOINTS. Registering dynamic runtime field as string.
2026-09-06 02:57:27.362 | WARNING  | amisim.setting | 0.00/0.05s | - -> Unknown settings field detected: VSCODE.GIT_ASKPASS_EXTRA_ARGS. Registering dynamic runtime field as string.
2026-09-06 02:57:27.362 | WARNING  | amisim.setting | 0.00/0.05s | - -> Unknown settings field detected: VSCODE.GIT_ASKPASS_MAIN. Registering dynamic runtime field as string.
2026-09-06 02:57:27.363 | WARNING  | amisim.setting | 0.00/0.05s | - -> Unknown settings field detected: VSCODE.GIT_ASKPASS_NODE. Registering dynamic runtime field as string.
2026-09-06 02:57:27.365 | WARNING  | amisim.setting | 0.00/0.05s | - -> Unknown settings field detected: VSCODE.GIT_IPC_HANDLE. Registering dynamic runtime field as string.
2026-09-06 02:57:27.366 | WARNING  | amisim.setting | 0.00/0.05s | - -> Unknown settings field detected: VSCODE.IPC_HOOK_CLI. Registering dynamic runtime field as string.
2026-09-06 02:57:27.366 | WARNING  | amisim.setting | 0.00/0.05s | - -> Unknown settings field detected: VSCODE.PYTHON_AUTOACTIVATE_GUARD. Registering dynamic runtime field as string.
2026-09-06 02:57:27.366 | WARNING  | amisim.setting | 0.00/0.05s | - -> Unknown settings section detected: XDG. Creating dynamic section at runtime.
2026-09-06 02:57:27.368 | WARNING  | amisim.setting | 0.00/0.05s | - -> Unknown settings field detected: XDG.DATA_DIRS. Registering dynamic runtime field as string.
2026-09-06 02:57:27.368 | WARNING  | amisim.setting | 0.00/0.05s | - -> Unknown settings field detected: XDG.RUNTIME_DIR. Registering dynamic runtime field as string.
2026-09-06 02:57:27.368 | WARNING  | amisim.setting | 0.00/0.05s | - -> Unknown settings field detected: XDG.SESSION_CLASS. Registering dynamic runtime field as string.
2026-09-06 02:57:27.368 | WARNING  | amisim.setting | 0.00/0.05s | - -> Unknown settings field detected: XDG.SESSION_ID. Registering dynamic runtime field as string.
2026-09-06 02:57:27.370 | WARNING  | amisim.setting | 0.00/0.05s | - -> Unknown settings field detected: XDG.SESSION_TYPE. Registering dynamic runtime field as string.
2026-09-06 02:57:27.437 | INFO     | amisim.application | 0.00/0.00s | - -> Settings loaded
2026-09-06 02:57:27.440 | WARNING  | amisim.setting | 0.00/0.00s | - -> Unknown settings section detected: AI. Creating dynamic section at runtime.
2026-09-06 02:57:27.440 | WARNING  | amisim.setting | 0.00/0.00s | - -> Unknown settings field detected: AI.AGENT. Registering dynamic runtime field as string.
2026-09-06 02:57:27.440 | WARNING  | amisim.setting | 0.00/0.00s | - -> Unknown settings section detected: BUNDLED. Creating dynamic section at runtime.
2026-09-06 02:57:27.440 | WARNING  | amisim.setting | 0.00/0.00s | - -> Unknown settings field detected: BUNDLED.DEBUGPY_PATH. Registering dynamic runtime field as string.
2026-09-06 02:57:27.440 | WARNING  | amisim.setting | 0.00/0.00s | - -> Unknown settings section detected: CONDA. Creating dynamic section at runtime.
2026-09-06 02:57:27.441 | WARNING  | amisim.setting | 0.00/0.00s | - -> Unknown settings field detected: CONDA.DEFAULT_ENV. Registering dynamic runtime field as string.
2026-09-06 02:57:27.441 | WARNING  | amisim.setting | 0.00/0.00s | - -> Unknown settings field detected: CONDA.EXE. Registering dynamic runtime field as string.
2026-09-06 02:57:27.441 | WARNING  | amisim.setting | 0.00/0.00s | - -> Unknown settings field detected: CONDA.PREFIX. Registering dynamic runtime field as string.
2026-09-06 02:57:27.441 | WARNING  | amisim.setting | 0.00/0.00s | - -> Unknown settings field detected: CONDA.PREFIX_1. Registering dynamic runtime field as string.
2026-09-06 02:57:27.441 | WARNING  | amisim.setting | 0.00/0.00s | - -> Unknown settings field detected: CONDA.PROMPT_MODIFIER. Registering dynamic runtime field as string.
2026-09-06 02:57:27.441 | WARNING  | amisim.setting | 0.00/0.00s | - -> Unknown settings field detected: CONDA.PYTHON_EXE. Registering dynamic runtime field as string.
2026-09-06 02:57:27.442 | WARNING  | amisim.setting | 0.00/0.00s | - -> Unknown settings field detected: CONDA.ROOT. Registering dynamic runtime field as string.
2026-09-06 02:57:27.442 | WARNING  | amisim.setting | 0.00/0.00s | - -> Unknown settings field detected: CONDA.SHLVL. Registering dynamic runtime field as string.
2026-09-06 02:57:27.442 | WARNING  | amisim.setting | 0.00/0.00s | - -> Unknown settings section detected: COPILOT. Creating dynamic section at runtime.
2026-09-06 02:57:27.442 | WARNING  | amisim.setting | 0.00/0.00s | - -> Unknown settings field detected: COPILOT.AGENT. Registering dynamic runtime field as string.
2026-09-06 02:57:27.442 | WARNING  | amisim.setting | 0.00/0.00s | - -> Unknown settings field detected: COPILOT.DEBUG_NONCE. Registering dynamic runtime field as string.
2026-09-06 02:57:27.442 | WARNING  | amisim.setting | 0.00/0.00s | - -> Unknown settings section detected: DBUS. Creating dynamic section at runtime.
2026-09-06 02:57:27.443 | WARNING  | amisim.setting | 0.00/0.01s | - -> Unknown settings field detected: DBUS.SESSION_BUS_ADDRESS. Registering dynamic runtime field as string.
2026-09-06 02:57:27.443 | WARNING  | amisim.setting | 0.00/0.01s | - -> Unknown settings section detected: DEBIAN. Creating dynamic section at runtime.
2026-09-06 02:57:27.443 | WARNING  | amisim.setting | 0.00/0.01s | - -> Unknown settings field detected: DEBIAN.FRONTEND. Registering dynamic runtime field as string.
2026-09-06 02:57:27.443 | WARNING  | amisim.setting | 0.00/0.01s | - -> Unknown settings section detected: DEBUGINFOD. Creating dynamic section at runtime.
2026-09-06 02:57:27.443 | WARNING  | amisim.setting | 0.00/0.01s | - -> Unknown settings field detected: DEBUGINFOD.URLS. Registering dynamic runtime field as string.
2026-09-06 02:57:27.443 | WARNING  | amisim.setting | 0.00/0.01s | - -> Unknown settings section detected: FNM. Creating dynamic section at runtime.
2026-09-06 02:57:27.444 | WARNING  | amisim.setting | 0.00/0.01s | - -> Unknown settings field detected: FNM.ARCH. Registering dynamic runtime field as string.
2026-09-06 02:57:27.444 | WARNING  | amisim.setting | 0.00/0.01s | - -> Unknown settings field detected: FNM.COREPACK_ENABLED. Registering dynamic runtime field as string.
2026-09-06 02:57:27.444 | WARNING  | amisim.setting | 0.00/0.01s | - -> Unknown settings field detected: FNM.DIR. Registering dynamic runtime field as string.
2026-09-06 02:57:27.444 | WARNING  | amisim.setting | 0.00/0.01s | - -> Unknown settings field detected: FNM.LOGLEVEL. Registering dynamic runtime field as string.
2026-09-06 02:57:27.444 | WARNING  | amisim.setting | 0.00/0.01s | - -> Unknown settings field detected: FNM.MULTISHELL_PATH. Registering dynamic runtime field as string.
2026-09-06 02:57:27.444 | WARNING  | amisim.setting | 0.00/0.01s | - -> Unknown settings field detected: FNM.NODE_DIST_MIRROR. Registering dynamic runtime field as string.
2026-09-06 02:57:27.445 | WARNING  | amisim.setting | 0.00/0.01s | - -> Unknown settings field detected: FNM.RESOLVE_ENGINES. Registering dynamic runtime field as string.
2026-09-06 02:57:27.445 | WARNING  | amisim.setting | 0.00/0.01s | - -> Unknown settings field detected: FNM.VERSION_FILE_STRATEGY. Registering dynamic runtime field as string.
2026-09-06 02:57:27.445 | WARNING  | amisim.setting | 0.00/0.01s | - -> Unknown settings section detected: GIT. Creating dynamic section at runtime.
2026-09-06 02:57:27.445 | WARNING  | amisim.setting | 0.00/0.01s | - -> Unknown settings field detected: GIT.ASKPASS. Registering dynamic runtime field as string.
2026-09-06 02:57:27.445 | WARNING  | amisim.setting | 0.00/0.01s | - -> Unknown settings field detected: GIT.EDITOR. Registering dynamic runtime field as string.
2026-09-06 02:57:27.445 | WARNING  | amisim.setting | 0.00/0.01s | - -> Unknown settings field detected: GIT.MERGE_AUTOEDIT. Registering dynamic runtime field as string.
2026-09-06 02:57:27.446 | WARNING  | amisim.setting | 0.00/0.01s | - -> Unknown settings field detected: GIT.PAGER. Registering dynamic runtime field as string.
2026-09-06 02:57:27.446 | WARNING  | amisim.setting | 0.00/0.01s | - -> Unknown settings section detected: HADOOP. Creating dynamic section at runtime.
2026-09-06 02:57:27.446 | WARNING  | amisim.setting | 0.00/0.01s | - -> Unknown settings field detected: HADOOP.HOME. Registering dynamic runtime field as string.
2026-09-06 02:57:27.446 | WARNING  | amisim.setting | 0.00/0.01s | - -> Unknown settings section detected: JAVA. Creating dynamic section at runtime.
2026-09-06 02:57:27.446 | WARNING  | amisim.setting | 0.00/0.01s | - -> Unknown settings field detected: JAVA.HOME. Registering dynamic runtime field as string.
2026-09-06 02:57:27.446 | WARNING  | amisim.setting | 0.00/0.01s | - -> Unknown settings section detected: LD. Creating dynamic section at runtime.
2026-09-06 02:57:27.447 | WARNING  | amisim.setting | 0.00/0.01s | - -> Unknown settings field detected: LD.LIBRARY_PATH. Registering dynamic runtime field as string.
2026-09-06 02:57:27.447 | WARNING  | amisim.setting | 0.00/0.01s | - -> Unknown settings section detected: LIBVIRT. Creating dynamic section at runtime.
2026-09-06 02:57:27.447 | WARNING  | amisim.setting | 0.00/0.01s | - -> Unknown settings field detected: LIBVIRT.DEFAULT_URI. Registering dynamic runtime field as string.
2026-09-06 02:57:27.447 | WARNING  | amisim.setting | 0.00/0.01s | - -> Unknown settings section detected: LS. Creating dynamic section at runtime.
2026-09-06 02:57:27.447 | WARNING  | amisim.setting | 0.00/0.01s | - -> Unknown settings field detected: LS.COLORS. Registering dynamic runtime field as string.
2026-09-06 02:57:27.447 | WARNING  | amisim.setting | 0.00/0.01s | - -> Unknown settings section detected: PYDEVD. Creating dynamic section at runtime.
2026-09-06 02:57:27.448 | WARNING  | amisim.setting | 0.00/0.01s | - -> Unknown settings field detected: PYDEVD.DISABLE_FILE_VALIDATION. Registering dynamic runtime field as string.
2026-09-06 02:57:27.448 | WARNING  | amisim.setting | 0.00/0.01s | - -> Unknown settings section detected: PYTEST. Creating dynamic section at runtime.
2026-09-06 02:57:27.449 | WARNING  | amisim.setting | 0.00/0.01s | - -> Unknown settings field detected: PYTEST.CURRENT_TEST. Registering dynamic runtime field as string.
2026-09-06 02:57:27.449 | WARNING  | amisim.setting | 0.00/0.01s | - -> Unknown settings field detected: PYTEST.VERSION. Registering dynamic runtime field as string.
2026-09-06 02:57:27.449 | WARNING  | amisim.setting | 0.00/0.01s | - -> Unknown settings section detected: PYTHON. Creating dynamic section at runtime.
2026-09-06 02:57:27.450 | WARNING  | amisim.setting | 0.00/0.01s | - -> Unknown settings field detected: PYTHON.BASIC_REPL. Registering dynamic runtime field as string.
2026-09-06 02:57:27.450 | WARNING  | amisim.setting | 0.00/0.01s | - -> Unknown settings section detected: QT. Creating dynamic section at runtime.
2026-09-06 02:57:27.451 | WARNING  | amisim.setting | 0.00/0.01s | - -> Unknown settings field detected: QT.XCB_GL_INTEGRATION. Registering dynamic runtime field as string.
2026-09-06 02:57:27.452 | WARNING  | amisim.setting | 0.00/0.01s | - -> Unknown settings section detected: SSH. Creating dynamic section at runtime.
2026-09-06 02:57:27.452 | WARNING  | amisim.setting | 0.00/0.01s | - -> Unknown settings field detected: SSH.CLIENT. Registering dynamic runtime field as string.
2026-09-06 02:57:27.452 | WARNING  | amisim.setting | 0.00/0.01s | - -> Unknown settings field detected: SSH.CONNECTION. Registering dynamic runtime field as string.
2026-09-06 02:57:27.453 | WARNING  | amisim.setting | 0.00/0.02s | - -> Unknown settings section detected: TERM. Creating dynamic section at runtime.
2026-09-06 02:57:27.453 | WARNING  | amisim.setting | 0.00/0.02s | - -> Unknown settings field detected: TERM.PROGRAM. Registering dynamic runtime field as string.
2026-09-06 02:57:27.453 | WARNING  | amisim.setting | 0.00/0.02s | - -> Unknown settings field detected: TERM.PROGRAM_VERSION. Registering dynamic runtime field as string.
2026-09-06 02:57:27.454 | WARNING  | amisim.setting | 0.00/0.02s | - -> Unknown settings section detected: VSCODE. Creating dynamic section at runtime.
2026-09-06 02:57:27.454 | WARNING  | amisim.setting | 0.00/0.02s | - -> Unknown settings field detected: VSCODE.DEBUGPY_ADAPTER_ENDPOINTS. Registering dynamic runtime field as string.
2026-09-06 02:57:27.454 | WARNING  | amisim.setting | 0.00/0.02s | - -> Unknown settings field detected: VSCODE.GIT_ASKPASS_EXTRA_ARGS. Registering dynamic runtime field as string.
2026-09-06 02:57:27.455 | WARNING  | amisim.setting | 0.00/0.02s | - -> Unknown settings field detected: VSCODE.GIT_ASKPASS_MAIN. Registering dynamic runtime field as string.
2026-09-06 02:57:27.455 | WARNING  | amisim.setting | 0.00/0.02s | - -> Unknown settings field detected: VSCODE.GIT_ASKPASS_NODE. Registering dynamic runtime field as string.
2026-09-06 02:57:27.455 | WARNING  | amisim.setting | 0.00/0.02s | - -> Unknown settings field detected: VSCODE.GIT_IPC_HANDLE. Registering dynamic runtime field as string.
2026-09-06 02:57:27.456 | WARNING  | amisim.setting | 0.00/0.02s | - -> Unknown settings field detected: VSCODE.IPC_HOOK_CLI. Registering dynamic runtime field as string.
2026-09-06 02:57:27.456 | WARNING  | amisim.setting | 0.00/0.02s | - -> Unknown settings field detected: VSCODE.PYTHON_AUTOACTIVATE_GUARD. Registering dynamic runtime field as string.
2026-09-06 02:57:27.456 | WARNING  | amisim.setting | 0.00/0.02s | - -> Unknown settings section detected: XDG. Creating dynamic section at runtime.
2026-09-06 02:57:27.457 | WARNING  | amisim.setting | 0.00/0.02s | - -> Unknown settings field detected: XDG.DATA_DIRS. Registering dynamic runtime field as string.
2026-09-06 02:57:27.457 | WARNING  | amisim.setting | 0.00/0.02s | - -> Unknown settings field detected: XDG.RUNTIME_DIR. Registering dynamic runtime field as string.
2026-09-06 02:57:27.457 | WARNING  | amisim.setting | 0.00/0.02s | - -> Unknown settings field detected: XDG.SESSION_CLASS. Registering dynamic runtime field as string.
2026-09-06 02:57:27.458 | WARNING  | amisim.setting | 0.00/0.02s | - -> Unknown settings field detected: XDG.SESSION_ID. Registering dynamic runtime field as string.
2026-09-06 02:57:27.458 | WARNING  | amisim.setting | 0.00/0.02s | - -> Unknown settings field detected: XDG.SESSION_TYPE. Registering dynamic runtime field as string.
2026-09-06 02:57:27.459 | WARNING  | amisim.setting | 0.00/0.02s | - -> Unknown settings section detected: AI. Creating dynamic section at runtime.
2026-09-06 02:57:27.460 | WARNING  | amisim.setting | 0.00/0.02s | - -> Unknown settings field detected: AI.AGENT. Registering dynamic runtime field as string.
2026-09-06 02:57:27.460 | WARNING  | amisim.setting | 0.00/0.02s | - -> Unknown settings section detected: BUNDLED. Creating dynamic section at runtime.
2026-09-06 02:57:27.460 | WARNING  | amisim.setting | 0.00/0.02s | - -> Unknown settings field detected: BUNDLED.DEBUGPY_PATH. Registering dynamic runtime field as string.
2026-09-06 02:57:27.461 | WARNING  | amisim.setting | 0.00/0.02s | - -> Unknown settings section detected: CONDA. Creating dynamic section at runtime.
2026-09-06 02:57:27.461 | WARNING  | amisim.setting | 0.00/0.02s | - -> Unknown settings field detected: CONDA.DEFAULT_ENV. Registering dynamic runtime field as string.
2026-09-06 02:57:27.461 | WARNING  | amisim.setting | 0.00/0.02s | - -> Unknown settings field detected: CONDA.EXE. Registering dynamic runtime field as string.
2026-09-06 02:57:27.462 | WARNING  | amisim.setting | 0.00/0.02s | - -> Unknown settings field detected: CONDA.PREFIX. Registering dynamic runtime field as string.
2026-09-06 02:57:27.462 | WARNING  | amisim.setting | 0.00/0.02s | - -> Unknown settings field detected: CONDA.PREFIX_1. Registering dynamic runtime field as string.
2026-09-06 02:57:27.462 | WARNING  | amisim.setting | 0.00/0.03s | - -> Unknown settings field detected: CONDA.PROMPT_MODIFIER. Registering dynamic runtime field as string.
2026-09-06 02:57:27.463 | WARNING  | amisim.setting | 0.00/0.03s | - -> Unknown settings field detected: CONDA.PYTHON_EXE. Registering dynamic runtime field as string.
2026-09-06 02:57:27.463 | WARNING  | amisim.setting | 0.00/0.03s | - -> Unknown settings field detected: CONDA.ROOT. Registering dynamic runtime field as string.
2026-09-06 02:57:27.463 | WARNING  | amisim.setting | 0.00/0.03s | - -> Unknown settings field detected: CONDA.SHLVL. Registering dynamic runtime field as string.
2026-09-06 02:57:27.464 | WARNING  | amisim.setting | 0.00/0.03s | - -> Unknown settings section detected: COPILOT. Creating dynamic section at runtime.
2026-09-06 02:57:27.464 | WARNING  | amisim.setting | 0.00/0.03s | - -> Unknown settings field detected: COPILOT.AGENT. Registering dynamic runtime field as string.
2026-09-06 02:57:27.464 | WARNING  | amisim.setting | 0.00/0.03s | - -> Unknown settings field detected: COPILOT.DEBUG_NONCE. Registering dynamic runtime field as string.
2026-09-06 02:57:27.465 | WARNING  | amisim.setting | 0.00/0.03s | - -> Unknown settings section detected: DBUS. Creating dynamic section at runtime.
2026-09-06 02:57:27.465 | WARNING  | amisim.setting | 0.00/0.03s | - -> Unknown settings field detected: DBUS.SESSION_BUS_ADDRESS. Registering dynamic runtime field as string.
2026-09-06 02:57:27.465 | WARNING  | amisim.setting | 0.00/0.03s | - -> Unknown settings section detected: DEBIAN. Creating dynamic section at runtime.
2026-09-06 02:57:27.466 | WARNING  | amisim.setting | 0.00/0.03s | - -> Unknown settings field detected: DEBIAN.FRONTEND. Registering dynamic runtime field as string.
2026-09-06 02:57:27.466 | WARNING  | amisim.setting | 0.00/0.03s | - -> Unknown settings section detected: DEBUGINFOD. Creating dynamic section at runtime.
2026-09-06 02:57:27.467 | WARNING  | amisim.setting | 0.00/0.03s | - -> Unknown settings field detected: DEBUGINFOD.URLS. Registering dynamic runtime field as string.
2026-09-06 02:57:27.467 | WARNING  | amisim.setting | 0.00/0.03s | - -> Unknown settings section detected: FNM. Creating dynamic section at runtime.
2026-09-06 02:57:27.467 | WARNING  | amisim.setting | 0.00/0.03s | - -> Unknown settings field detected: FNM.ARCH. Registering dynamic runtime field as string.
2026-09-06 02:57:27.468 | WARNING  | amisim.setting | 0.00/0.03s | - -> Unknown settings field detected: FNM.COREPACK_ENABLED. Registering dynamic runtime field as string.
2026-09-06 02:57:27.468 | WARNING  | amisim.setting | 0.00/0.03s | - -> Unknown settings field detected: FNM.DIR. Registering dynamic runtime field as string.
2026-09-06 02:57:27.468 | WARNING  | amisim.setting | 0.00/0.03s | - -> Unknown settings field detected: FNM.LOGLEVEL. Registering dynamic runtime field as string.
2026-09-06 02:57:27.469 | WARNING  | amisim.setting | 0.00/0.03s | - -> Unknown settings field detected: FNM.MULTISHELL_PATH. Registering dynamic runtime field as string.
2026-09-06 02:57:27.469 | WARNING  | amisim.setting | 0.00/0.03s | - -> Unknown settings field detected: FNM.NODE_DIST_MIRROR. Registering dynamic runtime field as string.
2026-09-06 02:57:27.470 | WARNING  | amisim.setting | 0.00/0.03s | - -> Unknown settings field detected: FNM.RESOLVE_ENGINES. Registering dynamic runtime field as string.
2026-09-06 02:57:27.470 | WARNING  | amisim.setting | 0.00/0.03s | - -> Unknown settings field detected: FNM.VERSION_FILE_STRATEGY. Registering dynamic runtime field as string.
2026-09-06 02:57:27.471 | WARNING  | amisim.setting | 0.00/0.03s | - -> Unknown settings section detected: GIT. Creating dynamic section at runtime.
2026-09-06 02:57:27.471 | WARNING  | amisim.setting | 0.00/0.03s | - -> Unknown settings field detected: GIT.ASKPASS. Registering dynamic runtime field as string.
2026-09-06 02:57:27.471 | WARNING  | amisim.setting | 0.00/0.03s | - -> Unknown settings field detected: GIT.EDITOR. Registering dynamic runtime field as string.
2026-09-06 02:57:27.472 | WARNING  | amisim.setting | 0.00/0.03s | - -> Unknown settings field detected: GIT.MERGE_AUTOEDIT. Registering dynamic runtime field as string.
2026-09-06 02:57:27.472 | WARNING  | amisim.setting | 0.00/0.03s | - -> Unknown settings field detected: GIT.PAGER. Registering dynamic runtime field as string.
2026-09-06 02:57:27.472 | WARNING  | amisim.setting | 0.00/0.03s | - -> Unknown settings section detected: HADOOP. Creating dynamic section at runtime.
2026-09-06 02:57:27.474 | WARNING  | amisim.setting | 0.00/0.04s | - -> Unknown settings field detected: HADOOP.HOME. Registering dynamic runtime field as string.
2026-09-06 02:57:27.474 | WARNING  | amisim.setting | 0.00/0.04s | - -> Unknown settings section detected: JAVA. Creating dynamic section at runtime.
2026-09-06 02:57:27.475 | WARNING  | amisim.setting | 0.00/0.04s | - -> Unknown settings field detected: JAVA.HOME. Registering dynamic runtime field as string.
2026-09-06 02:57:27.475 | WARNING  | amisim.setting | 0.00/0.04s | - -> Unknown settings section detected: LD. Creating dynamic section at runtime.
2026-09-06 02:57:27.476 | WARNING  | amisim.setting | 0.00/0.04s | - -> Unknown settings field detected: LD.LIBRARY_PATH. Registering dynamic runtime field as string.
2026-09-06 02:57:27.476 | WARNING  | amisim.setting | 0.00/0.04s | - -> Unknown settings section detected: LIBVIRT. Creating dynamic section at runtime.
2026-09-06 02:57:27.477 | WARNING  | amisim.setting | 0.00/0.04s | - -> Unknown settings field detected: LIBVIRT.DEFAULT_URI. Registering dynamic runtime field as string.
2026-09-06 02:57:27.477 | WARNING  | amisim.setting | 0.00/0.04s | - -> Unknown settings section detected: LS. Creating dynamic section at runtime.
2026-09-06 02:57:27.477 | WARNING  | amisim.setting | 0.00/0.04s | - -> Unknown settings field detected: LS.COLORS. Registering dynamic runtime field as string.
2026-09-06 02:57:27.478 | WARNING  | amisim.setting | 0.00/0.04s | - -> Unknown settings section detected: PYDEVD. Creating dynamic section at runtime.
2026-09-06 02:57:27.478 | WARNING  | amisim.setting | 0.00/0.04s | - -> Unknown settings field detected: PYDEVD.DISABLE_FILE_VALIDATION. Registering dynamic runtime field as string.
2026-09-06 02:57:27.478 | WARNING  | amisim.setting | 0.00/0.04s | - -> Unknown settings section detected: PYTEST. Creating dynamic section at runtime.
2026-09-06 02:57:27.479 | WARNING  | amisim.setting | 0.00/0.04s | - -> Unknown settings field detected: PYTEST.CURRENT_TEST. Registering dynamic runtime field as string.
2026-09-06 02:57:27.479 | WARNING  | amisim.setting | 0.00/0.04s | - -> Unknown settings field detected: PYTEST.VERSION. Registering dynamic runtime field as string.
2026-09-06 02:57:27.479 | WARNING  | amisim.setting | 0.00/0.04s | - -> Unknown settings section detected: PYTHON. Creating dynamic section at runtime.
2026-09-06 02:57:27.480 | WARNING  | amisim.setting | 0.00/0.04s | - -> Unknown settings field detected: PYTHON.BASIC_REPL. Registering dynamic runtime field as string.
2026-09-06 02:57:27.480 | WARNING  | amisim.setting | 0.00/0.04s | - -> Unknown settings section detected: QT. Creating dynamic section at runtime.
2026-09-06 02:57:27.480 | WARNING  | amisim.setting | 0.00/0.04s | - -> Unknown settings field detected: QT.XCB_GL_INTEGRATION. Registering dynamic runtime field as string.
2026-09-06 02:57:27.481 | WARNING  | amisim.setting | 0.00/0.04s | - -> Unknown settings section detected: SSH. Creating dynamic section at runtime.
2026-09-06 02:57:27.481 | WARNING  | amisim.setting | 0.00/0.04s | - -> Unknown settings field detected: SSH.CLIENT. Registering dynamic runtime field as string.
2026-09-06 02:57:27.481 | WARNING  | amisim.setting | 0.00/0.04s | - -> Unknown settings field detected: SSH.CONNECTION. Registering dynamic runtime field as string.
2026-09-06 02:57:27.482 | WARNING  | amisim.setting | 0.00/0.04s | - -> Unknown settings section detected: TERM. Creating dynamic section at runtime.
2026-09-06 02:57:27.482 | WARNING  | amisim.setting | 0.00/0.04s | - -> Unknown settings field detected: TERM.PROGRAM. Registering dynamic runtime field as string.
2026-09-06 02:57:27.482 | WARNING  | amisim.setting | 0.00/0.04s | - -> Unknown settings field detected: TERM.PROGRAM_VERSION. Registering dynamic runtime field as string.
2026-09-06 02:57:27.483 | WARNING  | amisim.setting | 0.00/0.05s | - -> Unknown settings section detected: VSCODE. Creating dynamic section at runtime.
2026-09-06 02:57:27.483 | WARNING  | amisim.setting | 0.00/0.05s | - -> Unknown settings field detected: VSCODE.DEBUGPY_ADAPTER_ENDPOINTS. Registering dynamic runtime field as string.
2026-09-06 02:57:27.483 | WARNING  | amisim.setting | 0.00/0.05s | - -> Unknown settings field detected: VSCODE.GIT_ASKPASS_EXTRA_ARGS. Registering dynamic runtime field as string.
2026-09-06 02:57:27.484 | WARNING  | amisim.setting | 0.00/0.05s | - -> Unknown settings field detected: VSCODE.GIT_ASKPASS_MAIN. Registering dynamic runtime field as string.
2026-09-06 02:57:27.484 | WARNING  | amisim.setting | 0.00/0.05s | - -> Unknown settings field detected: VSCODE.GIT_ASKPASS_NODE. Registering dynamic runtime field as string.
2026-09-06 02:57:27.485 | WARNING  | amisim.setting | 0.00/0.05s | - -> Unknown settings field detected: VSCODE.GIT_IPC_HANDLE. Registering dynamic runtime field as string.
2026-09-06 02:57:27.485 | WARNING  | amisim.setting | 0.00/0.05s | - -> Unknown settings field detected: VSCODE.IPC_HOOK_CLI. Registering dynamic runtime field as string.
2026-09-06 02:57:27.485 | WARNING  | amisim.setting | 0.00/0.05s | - -> Unknown settings field detected: VSCODE.PYTHON_AUTOACTIVATE_GUARD. Registering dynamic runtime field as string.
2026-09-06 02:57:27.485 | WARNING  | amisim.setting | 0.00/0.05s | - -> Unknown settings section detected: XDG. Creating dynamic section at runtime.
2026-09-06 02:57:27.486 | WARNING  | amisim.setting | 0.00/0.05s | - -> Unknown settings field detected: XDG.DATA_DIRS. Registering dynamic runtime field as string.
2026-09-06 02:57:27.487 | WARNING  | amisim.setting | 0.00/0.05s | - -> Unknown settings field detected: XDG.RUNTIME_DIR. Registering dynamic runtime field as string.
2026-09-06 02:57:27.487 | WARNING  | amisim.setting | 0.00/0.05s | - -> Unknown settings field detected: XDG.SESSION_CLASS. Registering dynamic runtime field as string.
2026-09-06 02:57:27.487 | WARNING  | amisim.setting | 0.00/0.05s | - -> Unknown settings field detected: XDG.SESSION_ID. Registering dynamic runtime field as string.
2026-09-06 02:57:27.488 | WARNING  | amisim.setting | 0.00/0.05s | - -> Unknown settings field detected: XDG.SESSION_TYPE. Registering dynamic runtime field as string.
2026-09-06 02:57:27.492 | WARNING  | amisim.setting | 0.00/0.05s | - -> Unknown settings section detected: AI. Creating dynamic section at runtime.
2026-09-06 02:57:27.492 | WARNING  | amisim.setting | 0.00/0.05s | - -> Unknown settings field detected: AI.AGENT. Registering dynamic runtime field as string.
2026-09-06 02:57:27.492 | WARNING  | amisim.setting | 0.00/0.05s | - -> Unknown settings section detected: BUNDLED. Creating dynamic section at runtime.
2026-09-06 02:57:27.492 | WARNING  | amisim.setting | 0.00/0.05s | - -> Unknown settings field detected: BUNDLED.DEBUGPY_PATH. Registering dynamic runtime field as string.
2026-09-06 02:57:27.492 | WARNING  | amisim.setting | 0.00/0.06s | - -> Unknown settings section detected: CONDA. Creating dynamic section at runtime.
2026-09-06 02:57:27.493 | WARNING  | amisim.setting | 0.00/0.06s | - -> Unknown settings field detected: CONDA.DEFAULT_ENV. Registering dynamic runtime field as string.
2026-09-06 02:57:27.493 | WARNING  | amisim.setting | 0.00/0.06s | - -> Unknown settings field detected: CONDA.EXE. Registering dynamic runtime field as string.
2026-09-06 02:57:27.493 | WARNING  | amisim.setting | 0.00/0.06s | - -> Unknown settings field detected: CONDA.PREFIX. Registering dynamic runtime field as string.
2026-09-06 02:57:27.493 | WARNING  | amisim.setting | 0.00/0.06s | - -> Unknown settings field detected: CONDA.PREFIX_1. Registering dynamic runtime field as string.
2026-09-06 02:57:27.493 | WARNING  | amisim.setting | 0.00/0.06s | - -> Unknown settings field detected: CONDA.PROMPT_MODIFIER. Registering dynamic runtime field as string.
2026-09-06 02:57:27.493 | WARNING  | amisim.setting | 0.00/0.06s | - -> Unknown settings field detected: CONDA.PYTHON_EXE. Registering dynamic runtime field as string.
2026-09-06 02:57:27.494 | WARNING  | amisim.setting | 0.00/0.06s | - -> Unknown settings field detected: CONDA.ROOT. Registering dynamic runtime field as string.
2026-09-06 02:57:27.494 | WARNING  | amisim.setting | 0.00/0.06s | - -> Unknown settings field detected: CONDA.SHLVL. Registering dynamic runtime field as string.
2026-09-06 02:57:27.494 | WARNING  | amisim.setting | 0.00/0.06s | - -> Unknown settings section detected: COPILOT. Creating dynamic section at runtime.
2026-09-06 02:57:27.495 | WARNING  | amisim.setting | 0.00/0.06s | - -> Unknown settings field detected: COPILOT.AGENT. Registering dynamic runtime field as string.
2026-09-06 02:57:27.496 | WARNING  | amisim.setting | 0.00/0.06s | - -> Unknown settings field detected: COPILOT.DEBUG_NONCE. Registering dynamic runtime field as string.
2026-09-06 02:57:27.496 | WARNING  | amisim.setting | 0.00/0.06s | - -> Unknown settings section detected: DBUS. Creating dynamic section at runtime.
2026-09-06 02:57:27.496 | WARNING  | amisim.setting | 0.00/0.06s | - -> Unknown settings field detected: DBUS.SESSION_BUS_ADDRESS. Registering dynamic runtime field as string.
2026-09-06 02:57:27.496 | WARNING  | amisim.setting | 0.00/0.06s | - -> Unknown settings section detected: DEBIAN. Creating dynamic section at runtime.
2026-09-06 02:57:27.498 | WARNING  | amisim.setting | 0.00/0.06s | - -> Unknown settings field detected: DEBIAN.FRONTEND. Registering dynamic runtime field as string.
2026-09-06 02:57:27.498 | WARNING  | amisim.setting | 0.00/0.06s | - -> Unknown settings section detected: DEBUGINFOD. Creating dynamic section at runtime.
2026-09-06 02:57:27.498 | WARNING  | amisim.setting | 0.00/0.06s | - -> Unknown settings field detected: DEBUGINFOD.URLS. Registering dynamic runtime field as string.
2026-09-06 02:57:27.498 | WARNING  | amisim.setting | 0.00/0.06s | - -> Unknown settings section detected: FNM. Creating dynamic section at runtime.
2026-09-06 02:57:27.500 | WARNING  | amisim.setting | 0.00/0.06s | - -> Unknown settings field detected: FNM.ARCH. Registering dynamic runtime field as string.
2026-09-06 02:57:27.500 | WARNING  | amisim.setting | 0.00/0.06s | - -> Unknown settings field detected: FNM.COREPACK_ENABLED. Registering dynamic runtime field as string.
2026-09-06 02:57:27.500 | WARNING  | amisim.setting | 0.00/0.06s | - -> Unknown settings field detected: FNM.DIR. Registering dynamic runtime field as string.
2026-09-06 02:57:27.500 | WARNING  | amisim.setting | 0.00/0.06s | - -> Unknown settings field detected: FNM.LOGLEVEL. Registering dynamic runtime field as string.
2026-09-06 02:57:27.501 | WARNING  | amisim.setting | 0.00/0.06s | - -> Unknown settings field detected: FNM.MULTISHELL_PATH. Registering dynamic runtime field as string.
2026-09-06 02:57:27.502 | WARNING  | amisim.setting | 0.00/0.06s | - -> Unknown settings field detected: FNM.NODE_DIST_MIRROR. Registering dynamic runtime field as string.
2026-09-06 02:57:27.502 | WARNING  | amisim.setting | 0.00/0.06s | - -> Unknown settings field detected: FNM.RESOLVE_ENGINES. Registering dynamic runtime field as string.
2026-09-06 02:57:27.502 | WARNING  | amisim.setting | 0.00/0.06s | - -> Unknown settings field detected: FNM.VERSION_FILE_STRATEGY. Registering dynamic runtime field as string.
2026-09-06 02:57:27.503 | WARNING  | amisim.setting | 0.00/0.07s | - -> Unknown settings section detected: GIT. Creating dynamic section at runtime.
2026-09-06 02:57:27.504 | WARNING  | amisim.setting | 0.00/0.07s | - -> Unknown settings field detected: GIT.ASKPASS. Registering dynamic runtime field as string.
2026-09-06 02:57:27.504 | WARNING  | amisim.setting | 0.00/0.07s | - -> Unknown settings field detected: GIT.EDITOR. Registering dynamic runtime field as string.
2026-09-06 02:57:27.504 | WARNING  | amisim.setting | 0.00/0.07s | - -> Unknown settings field detected: GIT.MERGE_AUTOEDIT. Registering dynamic runtime field as string.
2026-09-06 02:57:27.505 | WARNING  | amisim.setting | 0.00/0.07s | - -> Unknown settings field detected: GIT.PAGER. Registering dynamic runtime field as string.
2026-09-06 02:57:27.505 | WARNING  | amisim.setting | 0.00/0.07s | - -> Unknown settings section detected: HADOOP. Creating dynamic section at runtime.
2026-09-06 02:57:27.505 | WARNING  | amisim.setting | 0.00/0.07s | - -> Unknown settings field detected: HADOOP.HOME. Registering dynamic runtime field as string.
2026-09-06 02:57:27.505 | WARNING  | amisim.setting | 0.00/0.07s | - -> Unknown settings section detected: JAVA. Creating dynamic section at runtime.
2026-09-06 02:57:27.506 | WARNING  | amisim.setting | 0.00/0.07s | - -> Unknown settings field detected: JAVA.HOME. Registering dynamic runtime field as string.
2026-09-06 02:57:27.506 | WARNING  | amisim.setting | 0.00/0.07s | - -> Unknown settings section detected: LD. Creating dynamic section at runtime.
2026-09-06 02:57:27.507 | WARNING  | amisim.setting | 0.00/0.07s | - -> Unknown settings field detected: LD.LIBRARY_PATH. Registering dynamic runtime field as string.
2026-09-06 02:57:27.507 | WARNING  | amisim.setting | 0.00/0.07s | - -> Unknown settings section detected: LIBVIRT. Creating dynamic section at runtime.
2026-09-06 02:57:27.508 | WARNING  | amisim.setting | 0.00/0.07s | - -> Unknown settings field detected: LIBVIRT.DEFAULT_URI. Registering dynamic runtime field as string.
2026-09-06 02:57:27.508 | WARNING  | amisim.setting | 0.00/0.07s | - -> Unknown settings section detected: LS. Creating dynamic section at runtime.
2026-09-06 02:57:27.508 | WARNING  | amisim.setting | 0.00/0.07s | - -> Unknown settings field detected: LS.COLORS. Registering dynamic runtime field as string.
2026-09-06 02:57:27.508 | WARNING  | amisim.setting | 0.00/0.07s | - -> Unknown settings section detected: PYDEVD. Creating dynamic section at runtime.
2026-09-06 02:57:27.509 | WARNING  | amisim.setting | 0.00/0.07s | - -> Unknown settings field detected: PYDEVD.DISABLE_FILE_VALIDATION. Registering dynamic runtime field as string.
2026-09-06 02:57:27.509 | WARNING  | amisim.setting | 0.00/0.07s | - -> Unknown settings section detected: PYTEST. Creating dynamic section at runtime.
2026-09-06 02:57:27.509 | WARNING  | amisim.setting | 0.00/0.07s | - -> Unknown settings field detected: PYTEST.CURRENT_TEST. Registering dynamic runtime field as string.
2026-09-06 02:57:27.509 | WARNING  | amisim.setting | 0.00/0.07s | - -> Unknown settings field detected: PYTEST.VERSION. Registering dynamic runtime field as string.
2026-09-06 02:57:27.510 | WARNING  | amisim.setting | 0.00/0.07s | - -> Unknown settings section detected: PYTHON. Creating dynamic section at runtime.
2026-09-06 02:57:27.510 | WARNING  | amisim.setting | 0.00/0.07s | - -> Unknown settings field detected: PYTHON.BASIC_REPL. Registering dynamic runtime field as string.
2026-09-06 02:57:27.511 | WARNING  | amisim.setting | 0.00/0.07s | - -> Unknown settings section detected: QT. Creating dynamic section at runtime.
2026-09-06 02:57:27.511 | WARNING  | amisim.setting | 0.00/0.07s | - -> Unknown settings field detected: QT.XCB_GL_INTEGRATION. Registering dynamic runtime field as string.
2026-09-06 02:57:27.512 | WARNING  | amisim.setting | 0.00/0.07s | - -> Unknown settings section detected: SSH. Creating dynamic section at runtime.
2026-09-06 02:57:27.512 | WARNING  | amisim.setting | 0.00/0.07s | - -> Unknown settings field detected: SSH.CLIENT. Registering dynamic runtime field as string.
2026-09-06 02:57:27.512 | WARNING  | amisim.setting | 0.00/0.07s | - -> Unknown settings field detected: SSH.CONNECTION. Registering dynamic runtime field as string.
2026-09-06 02:57:27.512 | WARNING  | amisim.setting | 0.00/0.07s | - -> Unknown settings section detected: TERM. Creating dynamic section at runtime.
2026-09-06 02:57:27.513 | WARNING  | amisim.setting | 0.00/0.08s | - -> Unknown settings field detected: TERM.PROGRAM. Registering dynamic runtime field as string.
2026-09-06 02:57:27.513 | WARNING  | amisim.setting | 0.00/0.08s | - -> Unknown settings field detected: TERM.PROGRAM_VERSION. Registering dynamic runtime field as string.
2026-09-06 02:57:27.513 | WARNING  | amisim.setting | 0.00/0.08s | - -> Unknown settings section detected: VSCODE. Creating dynamic section at runtime.
2026-09-06 02:57:27.513 | WARNING  | amisim.setting | 0.00/0.08s | - -> Unknown settings field detected: VSCODE.DEBUGPY_ADAPTER_ENDPOINTS. Registering dynamic runtime field as string.
2026-09-06 02:57:27.514 | WARNING  | amisim.setting | 0.00/0.08s | - -> Unknown settings field detected: VSCODE.GIT_ASKPASS_EXTRA_ARGS. Registering dynamic runtime field as string.
2026-09-06 02:57:27.514 | WARNING  | amisim.setting | 0.00/0.08s | - -> Unknown settings field detected: VSCODE.GIT_ASKPASS_MAIN. Registering dynamic runtime field as string.
2026-09-06 02:57:27.515 | WARNING  | amisim.setting | 0.00/0.08s | - -> Unknown settings field detected: VSCODE.GIT_ASKPASS_NODE. Registering dynamic runtime field as string.
2026-09-06 02:57:27.515 | WARNING  | amisim.setting | 0.00/0.08s | - -> Unknown settings field detected: VSCODE.GIT_IPC_HANDLE. Registering dynamic runtime field as string.
2026-09-06 02:57:27.515 | WARNING  | amisim.setting | 0.00/0.08s | - -> Unknown settings field detected: VSCODE.IPC_HOOK_CLI. Registering dynamic runtime field as string.
2026-09-06 02:57:27.516 | WARNING  | amisim.setting | 0.00/0.08s | - -> Unknown settings field detected: VSCODE.PYTHON_AUTOACTIVATE_GUARD. Registering dynamic runtime field as string.
2026-09-06 02:57:27.516 | WARNING  | amisim.setting | 0.00/0.08s | - -> Unknown settings section detected: XDG. Creating dynamic section at runtime.
2026-09-06 02:57:27.516 | WARNING  | amisim.setting | 0.00/0.08s | - -> Unknown settings field detected: XDG.DATA_DIRS. Registering dynamic runtime field as string.
2026-09-06 02:57:27.517 | WARNING  | amisim.setting | 0.00/0.08s | - -> Unknown settings field detected: XDG.RUNTIME_DIR. Registering dynamic runtime field as string.
2026-09-06 02:57:27.517 | WARNING  | amisim.setting | 0.00/0.08s | - -> Unknown settings field detected: XDG.SESSION_CLASS. Registering dynamic runtime field as string.
2026-09-06 02:57:27.517 | WARNING  | amisim.setting | 0.00/0.08s | - -> Unknown settings field detected: XDG.SESSION_ID. Registering dynamic runtime field as string.
2026-09-06 02:57:27.517 | WARNING  | amisim.setting | 0.00/0.08s | - -> Unknown settings field detected: XDG.SESSION_TYPE. Registering dynamic runtime field as string.
2026-09-06 02:57:27.520 | WARNING  | amisim.setting | 0.00/0.08s | - -> Unknown settings section detected: AI. Creating dynamic section at runtime.
2026-09-06 02:57:27.520 | WARNING  | amisim.setting | 0.00/0.08s | - -> Unknown settings field detected: AI.AGENT. Registering dynamic runtime field as string.
2026-09-06 02:57:27.520 | WARNING  | amisim.setting | 0.00/0.08s | - -> Unknown settings section detected: BUNDLED. Creating dynamic section at runtime.
2026-09-06 02:57:27.520 | WARNING  | amisim.setting | 0.00/0.08s | - -> Unknown settings field detected: BUNDLED.DEBUGPY_PATH. Registering dynamic runtime field as string.
2026-09-06 02:57:27.521 | WARNING  | amisim.setting | 0.00/0.08s | - -> Unknown settings section detected: CONDA. Creating dynamic section at runtime.
2026-09-06 02:57:27.521 | WARNING  | amisim.setting | 0.00/0.08s | - -> Unknown settings field detected: CONDA.DEFAULT_ENV. Registering dynamic runtime field as string.
2026-09-06 02:57:27.521 | WARNING  | amisim.setting | 0.00/0.08s | - -> Unknown settings field detected: CONDA.EXE. Registering dynamic runtime field as string.
2026-09-06 02:57:27.521 | WARNING  | amisim.setting | 0.00/0.08s | - -> Unknown settings field detected: CONDA.PREFIX. Registering dynamic runtime field as string.
2026-09-06 02:57:27.522 | WARNING  | amisim.setting | 0.00/0.08s | - -> Unknown settings field detected: CONDA.PREFIX_1. Registering dynamic runtime field as string.
2026-09-06 02:57:27.522 | WARNING  | amisim.setting | 0.00/0.08s | - -> Unknown settings field detected: CONDA.PROMPT_MODIFIER. Registering dynamic runtime field as string.
2026-09-06 02:57:27.522 | WARNING  | amisim.setting | 0.00/0.08s | - -> Unknown settings field detected: CONDA.PYTHON_EXE. Registering dynamic runtime field as string.
2026-09-06 02:57:27.522 | WARNING  | amisim.setting | 0.00/0.08s | - -> Unknown settings field detected: CONDA.ROOT. Registering dynamic runtime field as string.
2026-09-06 02:57:27.523 | WARNING  | amisim.setting | 0.00/0.09s | - -> Unknown settings field detected: CONDA.SHLVL. Registering dynamic runtime field as string.
2026-09-06 02:57:27.524 | WARNING  | amisim.setting | 0.00/0.09s | - -> Unknown settings section detected: COPILOT. Creating dynamic section at runtime.
2026-09-06 02:57:27.524 | WARNING  | amisim.setting | 0.00/0.09s | - -> Unknown settings field detected: COPILOT.AGENT. Registering dynamic runtime field as string.
2026-09-06 02:57:27.524 | WARNING  | amisim.setting | 0.00/0.09s | - -> Unknown settings field detected: COPILOT.DEBUG_NONCE. Registering dynamic runtime field as string.
2026-09-06 02:57:27.525 | WARNING  | amisim.setting | 0.00/0.09s | - -> Unknown settings section detected: DBUS. Creating dynamic section at runtime.
2026-09-06 02:57:27.525 | WARNING  | amisim.setting | 0.00/0.09s | - -> Unknown settings field detected: DBUS.SESSION_BUS_ADDRESS. Registering dynamic runtime field as string.
2026-09-06 02:57:27.525 | WARNING  | amisim.setting | 0.00/0.09s | - -> Unknown settings section detected: DEBIAN. Creating dynamic section at runtime.
2026-09-06 02:57:27.526 | WARNING  | amisim.setting | 0.00/0.09s | - -> Unknown settings field detected: DEBIAN.FRONTEND. Registering dynamic runtime field as string.
2026-09-06 02:57:27.526 | WARNING  | amisim.setting | 0.00/0.09s | - -> Unknown settings section detected: DEBUGINFOD. Creating dynamic section at runtime.
2026-09-06 02:57:27.527 | WARNING  | amisim.setting | 0.00/0.09s | - -> Unknown settings field detected: DEBUGINFOD.URLS. Registering dynamic runtime field as string.
2026-09-06 02:57:27.527 | WARNING  | amisim.setting | 0.00/0.09s | - -> Unknown settings section detected: FNM. Creating dynamic section at runtime.
2026-09-06 02:57:27.527 | WARNING  | amisim.setting | 0.00/0.09s | - -> Unknown settings field detected: FNM.ARCH. Registering dynamic runtime field as string.
2026-09-06 02:57:27.528 | WARNING  | amisim.setting | 0.00/0.09s | - -> Unknown settings field detected: FNM.COREPACK_ENABLED. Registering dynamic runtime field as string.
2026-09-06 02:57:27.528 | WARNING  | amisim.setting | 0.00/0.09s | - -> Unknown settings field detected: FNM.DIR. Registering dynamic runtime field as string.
2026-09-06 02:57:27.528 | WARNING  | amisim.setting | 0.00/0.09s | - -> Unknown settings field detected: FNM.LOGLEVEL. Registering dynamic runtime field as string.
2026-09-06 02:57:27.528 | WARNING  | amisim.setting | 0.00/0.09s | - -> Unknown settings field detected: FNM.MULTISHELL_PATH. Registering dynamic runtime field as string.
2026-09-06 02:57:27.529 | WARNING  | amisim.setting | 0.00/0.09s | - -> Unknown settings field detected: FNM.NODE_DIST_MIRROR. Registering dynamic runtime field as string.
2026-09-06 02:57:27.529 | WARNING  | amisim.setting | 0.00/0.09s | - -> Unknown settings field detected: FNM.RESOLVE_ENGINES. Registering dynamic runtime field as string.
2026-09-06 02:57:27.530 | WARNING  | amisim.setting | 0.00/0.09s | - -> Unknown settings field detected: FNM.VERSION_FILE_STRATEGY. Registering dynamic runtime field as string.
2026-09-06 02:57:27.530 | WARNING  | amisim.setting | 0.00/0.09s | - -> Unknown settings section detected: GIT. Creating dynamic section at runtime.
2026-09-06 02:57:27.531 | WARNING  | amisim.setting | 0.00/0.09s | - -> Unknown settings field detected: GIT.ASKPASS. Registering dynamic runtime field as string.
2026-09-06 02:57:27.531 | WARNING  | amisim.setting | 0.00/0.09s | - -> Unknown settings field detected: GIT.EDITOR. Registering dynamic runtime field as string.
2026-09-06 02:57:27.531 | WARNING  | amisim.setting | 0.00/0.09s | - -> Unknown settings field detected: GIT.MERGE_AUTOEDIT. Registering dynamic runtime field as string.
2026-09-06 02:57:27.531 | WARNING  | amisim.setting | 0.00/0.09s | - -> Unknown settings field detected: GIT.PAGER. Registering dynamic runtime field as string.
2026-09-06 02:57:27.532 | WARNING  | amisim.setting | 0.00/0.09s | - -> Unknown settings section detected: HADOOP. Creating dynamic section at runtime.
2026-09-06 02:57:27.532 | WARNING  | amisim.setting | 0.00/0.10s | - -> Unknown settings field detected: HADOOP.HOME. Registering dynamic runtime field as string.
2026-09-06 02:57:27.533 | WARNING  | amisim.setting | 0.00/0.10s | - -> Unknown settings section detected: JAVA. Creating dynamic section at runtime.
2026-09-06 02:57:27.533 | WARNING  | amisim.setting | 0.00/0.10s | - -> Unknown settings field detected: JAVA.HOME. Registering dynamic runtime field as string.
2026-09-06 02:57:27.534 | WARNING  | amisim.setting | 0.00/0.10s | - -> Unknown settings section detected: LD. Creating dynamic section at runtime.
2026-09-06 02:57:27.534 | WARNING  | amisim.setting | 0.00/0.10s | - -> Unknown settings field detected: LD.LIBRARY_PATH. Registering dynamic runtime field as string.
2026-09-06 02:57:27.534 | WARNING  | amisim.setting | 0.00/0.10s | - -> Unknown settings section detected: LIBVIRT. Creating dynamic section at runtime.
2026-09-06 02:57:27.534 | WARNING  | amisim.setting | 0.00/0.10s | - -> Unknown settings field detected: LIBVIRT.DEFAULT_URI. Registering dynamic runtime field as string.
2026-09-06 02:57:27.535 | WARNING  | amisim.setting | 0.00/0.10s | - -> Unknown settings section detected: LS. Creating dynamic section at runtime.
2026-09-06 02:57:27.536 | WARNING  | amisim.setting | 0.00/0.10s | - -> Unknown settings field detected: LS.COLORS. Registering dynamic runtime field as string.
2026-09-06 02:57:27.536 | WARNING  | amisim.setting | 0.00/0.10s | - -> Unknown settings section detected: PYDEVD. Creating dynamic section at runtime.
2026-09-06 02:57:27.536 | WARNING  | amisim.setting | 0.00/0.10s | - -> Unknown settings field detected: PYDEVD.DISABLE_FILE_VALIDATION. Registering dynamic runtime field as string.
2026-09-06 02:57:27.537 | WARNING  | amisim.setting | 0.00/0.10s | - -> Unknown settings section detected: PYTEST. Creating dynamic section at runtime.
2026-09-06 02:57:27.537 | WARNING  | amisim.setting | 0.00/0.10s | - -> Unknown settings field detected: PYTEST.CURRENT_TEST. Registering dynamic runtime field as string.
2026-09-06 02:57:27.537 | WARNING  | amisim.setting | 0.00/0.10s | - -> Unknown settings field detected: PYTEST.VERSION. Registering dynamic runtime field as string.
2026-09-06 02:57:27.537 | WARNING  | amisim.setting | 0.00/0.10s | - -> Unknown settings section detected: PYTHON. Creating dynamic section at runtime.
2026-09-06 02:57:27.538 | WARNING  | amisim.setting | 0.00/0.10s | - -> Unknown settings field detected: PYTHON.BASIC_REPL. Registering dynamic runtime field as string.
2026-09-06 02:57:27.539 | WARNING  | amisim.setting | 0.00/0.10s | - -> Unknown settings section detected: QT. Creating dynamic section at runtime.
2026-09-06 02:57:27.539 | WARNING  | amisim.setting | 0.00/0.10s | - -> Unknown settings field detected: QT.XCB_GL_INTEGRATION. Registering dynamic runtime field as string.
2026-09-06 02:57:27.539 | WARNING  | amisim.setting | 0.00/0.10s | - -> Unknown settings section detected: SSH. Creating dynamic section at runtime.
2026-09-06 02:57:27.540 | WARNING  | amisim.setting | 0.00/0.10s | - -> Unknown settings field detected: SSH.CLIENT. Registering dynamic runtime field as string.
2026-09-06 02:57:27.540 | WARNING  | amisim.setting | 0.00/0.10s | - -> Unknown settings field detected: SSH.CONNECTION. Registering dynamic runtime field as string.
2026-09-06 02:57:27.540 | WARNING  | amisim.setting | 0.00/0.10s | - -> Unknown settings section detected: TERM. Creating dynamic section at runtime.
2026-09-06 02:57:27.541 | WARNING  | amisim.setting | 0.00/0.10s | - -> Unknown settings field detected: TERM.PROGRAM. Registering dynamic runtime field as string.
2026-09-06 02:57:27.541 | WARNING  | amisim.setting | 0.00/0.10s | - -> Unknown settings field detected: TERM.PROGRAM_VERSION. Registering dynamic runtime field as string.
2026-09-06 02:57:27.542 | WARNING  | amisim.setting | 0.00/0.10s | - -> Unknown settings section detected: VSCODE. Creating dynamic section at runtime.
2026-09-06 02:57:27.542 | WARNING  | amisim.setting | 0.00/0.10s | - -> Unknown settings field detected: VSCODE.DEBUGPY_ADAPTER_ENDPOINTS. Registering dynamic runtime field as string.
2026-09-06 02:57:27.542 | WARNING  | amisim.setting | 0.00/0.10s | - -> Unknown settings field detected: VSCODE.GIT_ASKPASS_EXTRA_ARGS. Registering dynamic runtime field as string.
2026-09-06 02:57:27.543 | WARNING  | amisim.setting | 0.00/0.11s | - -> Unknown settings field detected: VSCODE.GIT_ASKPASS_MAIN. Registering dynamic runtime field as string.
2026-09-06 02:57:27.543 | WARNING  | amisim.setting | 0.00/0.11s | - -> Unknown settings field detected: VSCODE.GIT_ASKPASS_NODE. Registering dynamic runtime field as string.
2026-09-06 02:57:27.543 | WARNING  | amisim.setting | 0.00/0.11s | - -> Unknown settings field detected: VSCODE.GIT_IPC_HANDLE. Registering dynamic runtime field as string.
2026-09-06 02:57:27.543 | WARNING  | amisim.setting | 0.00/0.11s | - -> Unknown settings field detected: VSCODE.IPC_HOOK_CLI. Registering dynamic runtime field as string.
2026-09-06 02:57:27.545 | WARNING  | amisim.setting | 0.00/0.11s | - -> Unknown settings field detected: VSCODE.PYTHON_AUTOACTIVATE_GUARD. Registering dynamic runtime field as string.
2026-09-06 02:57:27.545 | WARNING  | amisim.setting | 0.00/0.11s | - -> Unknown settings section detected: XDG. Creating dynamic section at runtime.
2026-09-06 02:57:27.546 | WARNING  | amisim.setting | 0.00/0.11s | - -> Unknown settings field detected: XDG.DATA_DIRS. Registering dynamic runtime field as string.
2026-09-06 02:57:27.547 | WARNING  | amisim.setting | 0.00/0.11s | - -> Unknown settings field detected: XDG.RUNTIME_DIR. Registering dynamic runtime field as string.
2026-09-06 02:57:27.549 | WARNING  | amisim.setting | 0.00/0.11s | - -> Unknown settings field detected: XDG.SESSION_CLASS. Registering dynamic runtime field as string.
2026-09-06 02:57:27.549 | WARNING  | amisim.setting | 0.00/0.11s | - -> Unknown settings field detected: XDG.SESSION_ID. Registering dynamic runtime field as string.
2026-09-06 02:57:27.550 | WARNING  | amisim.setting | 0.00/0.11s | - -> Unknown settings field detected: XDG.SESSION_TYPE. Registering dynamic runtime field as string.
2026-09-06 03:01:20.282 | INFO     | amisim.application | 0.00/0.00s | - -> Settings loaded
2026-09-06 03:01:20.289 | WARNING  | amisim.ini_model | 0.01/0.01s | - -> Unknown settings section detected: AI. Creating dynamic section at runtime.
2026-09-06 03:01:20.289 | WARNING  | amisim.ini_model | 0.00/0.01s | - -> Unknown settings field detected: AI.AGENT. Registering dynamic runtime field as string.
2026-09-06 03:01:20.289 | WARNING  | amisim.ini_model | 0.00/0.01s | - -> Unknown settings section detected: BUNDLED. Creating dynamic section at runtime.
2026-09-06 03:01:20.290 | WARNING  | amisim.ini_model | 0.00/0.01s | - -> Unknown settings field detected: BUNDLED.DEBUGPY_PATH. Registering dynamic runtime field as string.
2026-09-06 03:01:20.290 | WARNING  | amisim.ini_model | 0.00/0.01s | - -> Unknown settings section detected: CONDA. Creating dynamic section at runtime.
2026-09-06 03:01:20.290 | WARNING  | amisim.ini_model | 0.00/0.01s | - -> Unknown settings field detected: CONDA.DEFAULT_ENV. Registering dynamic runtime field as string.
2026-09-06 03:01:20.290 | WARNING  | amisim.ini_model | 0.00/0.01s | - -> Unknown settings field detected: CONDA.EXE. Registering dynamic runtime field as string.
2026-09-06 03:01:20.290 | WARNING  | amisim.ini_model | 0.00/0.01s | - -> Unknown settings field detected: CONDA.PREFIX. Registering dynamic runtime field as string.
2026-09-06 03:01:20.290 | WARNING  | amisim.ini_model | 0.00/0.01s | - -> Unknown settings field detected: CONDA.PREFIX_1. Registering dynamic runtime field as string.
2026-09-06 03:01:20.291 | WARNING  | amisim.ini_model | 0.00/0.01s | - -> Unknown settings field detected: CONDA.PROMPT_MODIFIER. Registering dynamic runtime field as string.
2026-09-06 03:01:20.291 | WARNING  | amisim.ini_model | 0.00/0.01s | - -> Unknown settings field detected: CONDA.PYTHON_EXE. Registering dynamic runtime field as string.
2026-09-06 03:01:20.291 | WARNING  | amisim.ini_model | 0.00/0.01s | - -> Unknown settings field detected: CONDA.ROOT. Registering dynamic runtime field as string.
2026-09-06 03:01:20.291 | WARNING  | amisim.ini_model | 0.00/0.01s | - -> Unknown settings field detected: CONDA.SHLVL. Registering dynamic runtime field as string.
2026-09-06 03:01:20.291 | WARNING  | amisim.ini_model | 0.00/0.01s | - -> Unknown settings section detected: COPILOT. Creating dynamic section at runtime.
2026-09-06 03:01:20.291 | WARNING  | amisim.ini_model | 0.00/0.01s | - -> Unknown settings field detected: COPILOT.AGENT. Registering dynamic runtime field as string.
2026-09-06 03:01:20.292 | WARNING  | amisim.ini_model | 0.00/0.01s | - -> Unknown settings field detected: COPILOT.DEBUG_NONCE. Registering dynamic runtime field as string.
2026-09-06 03:01:20.292 | WARNING  | amisim.ini_model | 0.00/0.01s | - -> Unknown settings section detected: DBUS. Creating dynamic section at runtime.
2026-09-06 03:01:20.292 | WARNING  | amisim.ini_model | 0.00/0.01s | - -> Unknown settings field detected: DBUS.SESSION_BUS_ADDRESS. Registering dynamic runtime field as string.
2026-09-06 03:01:20.292 | WARNING  | amisim.ini_model | 0.00/0.01s | - -> Unknown settings section detected: DEBIAN. Creating dynamic section at runtime.
2026-09-06 03:01:20.292 | WARNING  | amisim.ini_model | 0.00/0.01s | - -> Unknown settings field detected: DEBIAN.FRONTEND. Registering dynamic runtime field as string.
2026-09-06 03:01:20.293 | WARNING  | amisim.ini_model | 0.00/0.01s | - -> Unknown settings section detected: DEBUGINFOD. Creating dynamic section at runtime.
2026-09-06 03:01:20.293 | WARNING  | amisim.ini_model | 0.00/0.01s | - -> Unknown settings field detected: DEBUGINFOD.URLS. Registering dynamic runtime field as string.
2026-09-06 03:01:20.293 | WARNING  | amisim.ini_model | 0.00/0.01s | - -> Unknown settings section detected: FNM. Creating dynamic section at runtime.
2026-09-06 03:01:20.293 | WARNING  | amisim.ini_model | 0.00/0.01s | - -> Unknown settings field detected: FNM.ARCH. Registering dynamic runtime field as string.
2026-09-06 03:01:20.293 | WARNING  | amisim.ini_model | 0.00/0.01s | - -> Unknown settings field detected: FNM.COREPACK_ENABLED. Registering dynamic runtime field as string.
2026-09-06 03:01:20.293 | WARNING  | amisim.ini_model | 0.00/0.01s | - -> Unknown settings field detected: FNM.DIR. Registering dynamic runtime field as string.
2026-09-06 03:01:20.294 | WARNING  | amisim.ini_model | 0.00/0.01s | - -> Unknown settings field detected: FNM.LOGLEVEL. Registering dynamic runtime field as string.
2026-09-06 03:01:20.294 | WARNING  | amisim.ini_model | 0.00/0.01s | - -> Unknown settings field detected: FNM.MULTISHELL_PATH. Registering dynamic runtime field as string.
2026-09-06 03:01:20.294 | WARNING  | amisim.ini_model | 0.00/0.01s | - -> Unknown settings field detected: FNM.NODE_DIST_MIRROR. Registering dynamic runtime field as string.
2026-09-06 03:01:20.294 | WARNING  | amisim.ini_model | 0.00/0.01s | - -> Unknown settings field detected: FNM.RESOLVE_ENGINES. Registering dynamic runtime field as string.
2026-09-06 03:01:20.294 | WARNING  | amisim.ini_model | 0.00/0.01s | - -> Unknown settings field detected: FNM.VERSION_FILE_STRATEGY. Registering dynamic runtime field as string.
2026-09-06 03:01:20.294 | WARNING  | amisim.ini_model | 0.00/0.01s | - -> Unknown settings section detected: GIT. Creating dynamic section at runtime.
2026-09-06 03:01:20.294 | WARNING  | amisim.ini_model | 0.00/0.01s | - -> Unknown settings field detected: GIT.ASKPASS. Registering dynamic runtime field as string.
2026-09-06 03:01:20.295 | WARNING  | amisim.ini_model | 0.00/0.01s | - -> Unknown settings field detected: GIT.EDITOR. Registering dynamic runtime field as string.
2026-09-06 03:01:20.295 | WARNING  | amisim.ini_model | 0.00/0.01s | - -> Unknown settings field detected: GIT.MERGE_AUTOEDIT. Registering dynamic runtime field as string.
2026-09-06 03:01:20.295 | WARNING  | amisim.ini_model | 0.00/0.01s | - -> Unknown settings field detected: GIT.PAGER. Registering dynamic runtime field as string.
2026-09-06 03:01:20.295 | WARNING  | amisim.ini_model | 0.00/0.01s | - -> Unknown settings section detected: HADOOP. Creating dynamic section at runtime.
2026-09-06 03:01:20.295 | WARNING  | amisim.ini_model | 0.00/0.01s | - -> Unknown settings field detected: HADOOP.HOME. Registering dynamic runtime field as string.
2026-09-06 03:01:20.296 | WARNING  | amisim.ini_model | 0.00/0.01s | - -> Unknown settings section detected: JAVA. Creating dynamic section at runtime.
2026-09-06 03:01:20.296 | WARNING  | amisim.ini_model | 0.00/0.01s | - -> Unknown settings field detected: JAVA.HOME. Registering dynamic runtime field as string.
2026-09-06 03:01:20.296 | WARNING  | amisim.ini_model | 0.00/0.01s | - -> Unknown settings section detected: LD. Creating dynamic section at runtime.
2026-09-06 03:01:20.296 | WARNING  | amisim.ini_model | 0.00/0.01s | - -> Unknown settings field detected: LD.LIBRARY_PATH. Registering dynamic runtime field as string.
2026-09-06 03:01:20.296 | WARNING  | amisim.ini_model | 0.00/0.01s | - -> Unknown settings section detected: LIBVIRT. Creating dynamic section at runtime.
2026-09-06 03:01:20.296 | WARNING  | amisim.ini_model | 0.00/0.01s | - -> Unknown settings field detected: LIBVIRT.DEFAULT_URI. Registering dynamic runtime field as string.
2026-09-06 03:01:20.297 | WARNING  | amisim.ini_model | 0.00/0.01s | - -> Unknown settings section detected: LS. Creating dynamic section at runtime.
2026-09-06 03:01:20.297 | WARNING  | amisim.ini_model | 0.00/0.01s | - -> Unknown settings field detected: LS.COLORS. Registering dynamic runtime field as string.
2026-09-06 03:01:20.297 | WARNING  | amisim.ini_model | 0.00/0.01s | - -> Unknown settings section detected: PYDEVD. Creating dynamic section at runtime.
2026-09-06 03:01:20.297 | WARNING  | amisim.ini_model | 0.00/0.02s | - -> Unknown settings field detected: PYDEVD.DISABLE_FILE_VALIDATION. Registering dynamic runtime field as string.
2026-09-06 03:01:20.297 | WARNING  | amisim.ini_model | 0.00/0.02s | - -> Unknown settings section detected: PYTEST. Creating dynamic section at runtime.
2026-09-06 03:01:20.298 | WARNING  | amisim.ini_model | 0.00/0.02s | - -> Unknown settings field detected: PYTEST.CURRENT_TEST. Registering dynamic runtime field as string.
2026-09-06 03:01:20.298 | WARNING  | amisim.ini_model | 0.00/0.02s | - -> Unknown settings field detected: PYTEST.VERSION. Registering dynamic runtime field as string.
2026-09-06 03:01:20.299 | WARNING  | amisim.ini_model | 0.00/0.02s | - -> Unknown settings section detected: PYTHON. Creating dynamic section at runtime.
2026-09-06 03:01:20.299 | WARNING  | amisim.ini_model | 0.00/0.02s | - -> Unknown settings field detected: PYTHON.BASIC_REPL. Registering dynamic runtime field as string.
2026-09-06 03:01:20.299 | WARNING  | amisim.ini_model | 0.00/0.02s | - -> Unknown settings section detected: QT. Creating dynamic section at runtime.
2026-09-06 03:01:20.300 | WARNING  | amisim.ini_model | 0.00/0.02s | - -> Unknown settings field detected: QT.XCB_GL_INTEGRATION. Registering dynamic runtime field as string.
2026-09-06 03:01:20.300 | WARNING  | amisim.ini_model | 0.00/0.02s | - -> Unknown settings section detected: SSH. Creating dynamic section at runtime.
2026-09-06 03:01:20.300 | WARNING  | amisim.ini_model | 0.00/0.02s | - -> Unknown settings field detected: SSH.CLIENT. Registering dynamic runtime field as string.
2026-09-06 03:01:20.301 | WARNING  | amisim.ini_model | 0.00/0.02s | - -> Unknown settings field detected: SSH.CONNECTION. Registering dynamic runtime field as string.
2026-09-06 03:01:20.301 | WARNING  | amisim.ini_model | 0.00/0.02s | - -> Unknown settings section detected: TERM. Creating dynamic section at runtime.
2026-09-06 03:01:20.302 | WARNING  | amisim.ini_model | 0.00/0.02s | - -> Unknown settings field detected: TERM.PROGRAM. Registering dynamic runtime field as string.
2026-09-06 03:01:20.302 | WARNING  | amisim.ini_model | 0.00/0.02s | - -> Unknown settings field detected: TERM.PROGRAM_VERSION. Registering dynamic runtime field as string.
2026-09-06 03:01:20.302 | WARNING  | amisim.ini_model | 0.00/0.02s | - -> Unknown settings section detected: VSCODE. Creating dynamic section at runtime.
2026-09-06 03:01:20.303 | WARNING  | amisim.ini_model | 0.00/0.02s | - -> Unknown settings field detected: VSCODE.DEBUGPY_ADAPTER_ENDPOINTS. Registering dynamic runtime field as string.
2026-09-06 03:01:20.303 | WARNING  | amisim.ini_model | 0.00/0.02s | - -> Unknown settings field detected: VSCODE.GIT_ASKPASS_EXTRA_ARGS. Registering dynamic runtime field as string.
2026-09-06 03:01:20.304 | WARNING  | amisim.ini_model | 0.00/0.02s | - -> Unknown settings field detected: VSCODE.GIT_ASKPASS_MAIN. Registering dynamic runtime field as string.
2026-09-06 03:01:20.304 | WARNING  | amisim.ini_model | 0.00/0.02s | - -> Unknown settings field detected: VSCODE.GIT_ASKPASS_NODE. Registering dynamic runtime field as string.
2026-09-06 03:01:20.304 | WARNING  | amisim.ini_model | 0.00/0.02s | - -> Unknown settings field detected: VSCODE.GIT_IPC_HANDLE. Registering dynamic runtime field as string.
2026-09-06 03:01:20.304 | WARNING  | amisim.ini_model | 0.00/0.02s | - -> Unknown settings field detected: VSCODE.IPC_HOOK_CLI. Registering dynamic runtime field as string.
2026-09-06 03:01:20.305 | WARNING  | amisim.ini_model | 0.00/0.02s | - -> Unknown settings field detected: VSCODE.PYTHON_AUTOACTIVATE_GUARD. Registering dynamic runtime field as string.
2026-09-06 03:01:20.305 | WARNING  | amisim.ini_model | 0.00/0.02s | - -> Unknown settings section detected: XDG. Creating dynamic section at runtime.
2026-09-06 03:01:20.305 | WARNING  | amisim.ini_model | 0.00/0.02s | - -> Unknown settings field detected: XDG.DATA_DIRS. Registering dynamic runtime field as string.
2026-09-06 03:01:20.306 | WARNING  | amisim.ini_model | 0.00/0.02s | - -> Unknown settings field detected: XDG.RUNTIME_DIR. Registering dynamic runtime field as string.
2026-09-06 03:01:20.306 | WARNING  | amisim.ini_model | 0.00/0.02s | - -> Unknown settings field detected: XDG.SESSION_CLASS. Registering dynamic runtime field as string.
2026-09-06 03:01:20.306 | WARNING  | amisim.ini_model | 0.00/0.02s | - -> Unknown settings field detected: XDG.SESSION_ID. Registering dynamic runtime field as string.
2026-09-06 03:01:20.306 | WARNING  | amisim.ini_model | 0.00/0.02s | - -> Unknown settings field detected: XDG.SESSION_TYPE. Registering dynamic runtime field as string.
2026-09-06 03:01:20.309 | WARNING  | amisim.ini_model | 0.00/0.03s | - -> Unknown settings section detected: AI. Creating dynamic section at runtime.
2026-09-06 03:01:20.310 | WARNING  | amisim.ini_model | 0.00/0.03s | - -> Unknown settings field detected: AI.AGENT. Registering dynamic runtime field as string.
2026-09-06 03:01:20.310 | WARNING  | amisim.ini_model | 0.00/0.03s | - -> Unknown settings section detected: BUNDLED. Creating dynamic section at runtime.
2026-09-06 03:01:20.311 | WARNING  | amisim.ini_model | 0.00/0.03s | - -> Unknown settings field detected: BUNDLED.DEBUGPY_PATH. Registering dynamic runtime field as string.
2026-09-06 03:01:20.311 | WARNING  | amisim.ini_model | 0.00/0.03s | - -> Unknown settings section detected: CONDA. Creating dynamic section at runtime.
2026-09-06 03:01:20.311 | WARNING  | amisim.ini_model | 0.00/0.03s | - -> Unknown settings field detected: CONDA.DEFAULT_ENV. Registering dynamic runtime field as string.
2026-09-06 03:01:20.312 | WARNING  | amisim.ini_model | 0.00/0.03s | - -> Unknown settings field detected: CONDA.EXE. Registering dynamic runtime field as string.
2026-09-06 03:01:20.312 | WARNING  | amisim.ini_model | 0.00/0.03s | - -> Unknown settings field detected: CONDA.PREFIX. Registering dynamic runtime field as string.
2026-09-06 03:01:20.312 | WARNING  | amisim.ini_model | 0.00/0.03s | - -> Unknown settings field detected: CONDA.PREFIX_1. Registering dynamic runtime field as string.
2026-09-06 03:01:20.312 | WARNING  | amisim.ini_model | 0.00/0.03s | - -> Unknown settings field detected: CONDA.PROMPT_MODIFIER. Registering dynamic runtime field as string.
2026-09-06 03:01:20.314 | WARNING  | amisim.ini_model | 0.00/0.03s | - -> Unknown settings field detected: CONDA.PYTHON_EXE. Registering dynamic runtime field as string.
2026-09-06 03:01:20.314 | WARNING  | amisim.ini_model | 0.00/0.03s | - -> Unknown settings field detected: CONDA.ROOT. Registering dynamic runtime field as string.
2026-09-06 03:01:20.314 | WARNING  | amisim.ini_model | 0.00/0.03s | - -> Unknown settings field detected: CONDA.SHLVL. Registering dynamic runtime field as string.
2026-09-06 03:01:20.314 | WARNING  | amisim.ini_model | 0.00/0.03s | - -> Unknown settings section detected: COPILOT. Creating dynamic section at runtime.
2026-09-06 03:01:20.316 | WARNING  | amisim.ini_model | 0.00/0.03s | - -> Unknown settings field detected: COPILOT.AGENT. Registering dynamic runtime field as string.
2026-09-06 03:01:20.316 | WARNING  | amisim.ini_model | 0.00/0.03s | - -> Unknown settings field detected: COPILOT.DEBUG_NONCE. Registering dynamic runtime field as string.
2026-09-06 03:01:20.317 | WARNING  | amisim.ini_model | 0.00/0.03s | - -> Unknown settings section detected: DBUS. Creating dynamic section at runtime.
2026-09-06 03:01:20.317 | WARNING  | amisim.ini_model | 0.00/0.04s | - -> Unknown settings field detected: DBUS.SESSION_BUS_ADDRESS. Registering dynamic runtime field as string.
2026-09-06 03:01:20.319 | WARNING  | amisim.ini_model | 0.00/0.04s | - -> Unknown settings section detected: DEBIAN. Creating dynamic section at runtime.
2026-09-06 03:01:20.319 | WARNING  | amisim.ini_model | 0.00/0.04s | - -> Unknown settings field detected: DEBIAN.FRONTEND. Registering dynamic runtime field as string.
2026-09-06 03:01:20.319 | WARNING  | amisim.ini_model | 0.00/0.04s | - -> Unknown settings section detected: DEBUGINFOD. Creating dynamic section at runtime.
2026-09-06 03:01:20.320 | WARNING  | amisim.ini_model | 0.00/0.04s | - -> Unknown settings field detected: DEBUGINFOD.URLS. Registering dynamic runtime field as string.
2026-09-06 03:01:20.320 | WARNING  | amisim.ini_model | 0.00/0.04s | - -> Unknown settings section detected: FNM. Creating dynamic section at runtime.
2026-09-06 03:01:20.321 | WARNING  | amisim.ini_model | 0.00/0.04s | - -> Unknown settings field detected: FNM.ARCH. Registering dynamic runtime field as string.
2026-09-06 03:01:20.321 | WARNING  | amisim.ini_model | 0.00/0.04s | - -> Unknown settings field detected: FNM.COREPACK_ENABLED. Registering dynamic runtime field as string.
2026-09-06 03:01:20.321 | WARNING  | amisim.ini_model | 0.00/0.04s | - -> Unknown settings field detected: FNM.DIR. Registering dynamic runtime field as string.
2026-09-06 03:01:20.322 | WARNING  | amisim.ini_model | 0.00/0.04s | - -> Unknown settings field detected: FNM.LOGLEVEL. Registering dynamic runtime field as string.
2026-09-06 03:01:20.323 | WARNING  | amisim.ini_model | 0.00/0.04s | - -> Unknown settings field detected: FNM.MULTISHELL_PATH. Registering dynamic runtime field as string.
2026-09-06 03:01:20.323 | WARNING  | amisim.ini_model | 0.00/0.04s | - -> Unknown settings field detected: FNM.NODE_DIST_MIRROR. Registering dynamic runtime field as string.
2026-09-06 03:01:20.323 | WARNING  | amisim.ini_model | 0.00/0.04s | - -> Unknown settings field detected: FNM.RESOLVE_ENGINES. Registering dynamic runtime field as string.
2026-09-06 03:01:20.325 | WARNING  | amisim.ini_model | 0.00/0.04s | - -> Unknown settings field detected: FNM.VERSION_FILE_STRATEGY. Registering dynamic runtime field as string.
2026-09-06 03:01:20.325 | WARNING  | amisim.ini_model | 0.00/0.04s | - -> Unknown settings section detected: GIT. Creating dynamic section at runtime.
2026-09-06 03:01:20.326 | WARNING  | amisim.ini_model | 0.00/0.04s | - -> Unknown settings field detected: GIT.ASKPASS. Registering dynamic runtime field as string.
2026-09-06 03:01:20.326 | WARNING  | amisim.ini_model | 0.00/0.04s | - -> Unknown settings field detected: GIT.EDITOR. Registering dynamic runtime field as string.
2026-09-06 03:01:20.327 | WARNING  | amisim.ini_model | 0.00/0.04s | - -> Unknown settings field detected: GIT.MERGE_AUTOEDIT. Registering dynamic runtime field as string.
2026-09-06 03:01:20.327 | WARNING  | amisim.ini_model | 0.00/0.04s | - -> Unknown settings field detected: GIT.PAGER. Registering dynamic runtime field as string.
2026-09-06 03:01:20.327 | WARNING  | amisim.ini_model | 0.00/0.04s | - -> Unknown settings section detected: HADOOP. Creating dynamic section at runtime.
2026-09-06 03:01:20.327 | WARNING  | amisim.ini_model | 0.00/0.05s | - -> Unknown settings field detected: HADOOP.HOME. Registering dynamic runtime field as string.
2026-09-06 03:01:20.329 | WARNING  | amisim.ini_model | 0.00/0.05s | - -> Unknown settings section detected: JAVA. Creating dynamic section at runtime.
2026-09-06 03:01:20.329 | WARNING  | amisim.ini_model | 0.00/0.05s | - -> Unknown settings field detected: JAVA.HOME. Registering dynamic runtime field as string.
2026-09-06 03:01:20.329 | WARNING  | amisim.ini_model | 0.00/0.05s | - -> Unknown settings section detected: LD. Creating dynamic section at runtime.
2026-09-06 03:01:20.330 | WARNING  | amisim.ini_model | 0.00/0.05s | - -> Unknown settings field detected: LD.LIBRARY_PATH. Registering dynamic runtime field as string.
2026-09-06 03:01:20.331 | WARNING  | amisim.ini_model | 0.00/0.05s | - -> Unknown settings section detected: LIBVIRT. Creating dynamic section at runtime.
2026-09-06 03:01:20.331 | WARNING  | amisim.ini_model | 0.00/0.05s | - -> Unknown settings field detected: LIBVIRT.DEFAULT_URI. Registering dynamic runtime field as string.
2026-09-06 03:01:20.331 | WARNING  | amisim.ini_model | 0.00/0.05s | - -> Unknown settings section detected: LS. Creating dynamic section at runtime.
2026-09-06 03:01:20.332 | WARNING  | amisim.ini_model | 0.00/0.05s | - -> Unknown settings field detected: LS.COLORS. Registering dynamic runtime field as string.
2026-09-06 03:01:20.333 | WARNING  | amisim.ini_model | 0.00/0.05s | - -> Unknown settings section detected: PYDEVD. Creating dynamic section at runtime.
2026-09-06 03:01:20.333 | WARNING  | amisim.ini_model | 0.00/0.05s | - -> Unknown settings field detected: PYDEVD.DISABLE_FILE_VALIDATION. Registering dynamic runtime field as string.
2026-09-06 03:01:20.334 | WARNING  | amisim.ini_model | 0.00/0.05s | - -> Unknown settings section detected: PYTEST. Creating dynamic section at runtime.
2026-09-06 03:01:20.334 | WARNING  | amisim.ini_model | 0.00/0.05s | - -> Unknown settings field detected: PYTEST.CURRENT_TEST. Registering dynamic runtime field as string.
2026-09-06 03:01:20.335 | WARNING  | amisim.ini_model | 0.00/0.05s | - -> Unknown settings field detected: PYTEST.VERSION. Registering dynamic runtime field as string.
2026-09-06 03:01:20.335 | WARNING  | amisim.ini_model | 0.00/0.05s | - -> Unknown settings section detected: PYTHON. Creating dynamic section at runtime.
2026-09-06 03:01:20.336 | WARNING  | amisim.ini_model | 0.00/0.05s | - -> Unknown settings field detected: PYTHON.BASIC_REPL. Registering dynamic runtime field as string.
2026-09-06 03:01:20.336 | WARNING  | amisim.ini_model | 0.00/0.05s | - -> Unknown settings section detected: QT. Creating dynamic section at runtime.
2026-09-06 03:01:20.337 | WARNING  | amisim.ini_model | 0.00/0.05s | - -> Unknown settings field detected: QT.XCB_GL_INTEGRATION. Registering dynamic runtime field as string.
2026-09-06 03:01:20.337 | WARNING  | amisim.ini_model | 0.00/0.06s | - -> Unknown settings section detected: SSH. Creating dynamic section at runtime.
2026-09-06 03:01:20.338 | WARNING  | amisim.ini_model | 0.00/0.06s | - -> Unknown settings field detected: SSH.CLIENT. Registering dynamic runtime field as string.
2026-09-06 03:01:20.338 | WARNING  | amisim.ini_model | 0.00/0.06s | - -> Unknown settings field detected: SSH.CONNECTION. Registering dynamic runtime field as string.
2026-09-06 03:01:20.339 | WARNING  | amisim.ini_model | 0.00/0.06s | - -> Unknown settings section detected: TERM. Creating dynamic section at runtime.
2026-09-06 03:01:20.339 | WARNING  | amisim.ini_model | 0.00/0.06s | - -> Unknown settings field detected: TERM.PROGRAM. Registering dynamic runtime field as string.
2026-09-06 03:01:20.339 | WARNING  | amisim.ini_model | 0.00/0.06s | - -> Unknown settings field detected: TERM.PROGRAM_VERSION. Registering dynamic runtime field as string.
2026-09-06 03:01:20.340 | WARNING  | amisim.ini_model | 0.00/0.06s | - -> Unknown settings section detected: VSCODE. Creating dynamic section at runtime.
2026-09-06 03:01:20.341 | WARNING  | amisim.ini_model | 0.00/0.06s | - -> Unknown settings field detected: VSCODE.DEBUGPY_ADAPTER_ENDPOINTS. Registering dynamic runtime field as string.
2026-09-06 03:01:20.341 | WARNING  | amisim.ini_model | 0.00/0.06s | - -> Unknown settings field detected: VSCODE.GIT_ASKPASS_EXTRA_ARGS. Registering dynamic runtime field as string.
2026-09-06 03:01:20.341 | WARNING  | amisim.ini_model | 0.00/0.06s | - -> Unknown settings field detected: VSCODE.GIT_ASKPASS_MAIN. Registering dynamic runtime field as string.
2026-09-06 03:01:20.341 | WARNING  | amisim.ini_model | 0.00/0.06s | - -> Unknown settings field detected: VSCODE.GIT_ASKPASS_NODE. Registering dynamic runtime field as string.
2026-09-06 03:01:20.342 | WARNING  | amisim.ini_model | 0.00/0.06s | - -> Unknown settings field detected: VSCODE.GIT_IPC_HANDLE. Registering dynamic runtime field as string.
2026-09-06 03:01:20.342 | WARNING  | amisim.ini_model | 0.00/0.06s | - -> Unknown settings field detected: VSCODE.IPC_HOOK_CLI. Registering dynamic runtime field as string.
2026-09-06 03:01:20.342 | WARNING  | amisim.ini_model | 0.00/0.06s | - -> Unknown settings field detected: VSCODE.PYTHON_AUTOACTIVATE_GUARD. Registering dynamic runtime field as string.
2026-09-06 03:01:20.342 | WARNING  | amisim.ini_model | 0.00/0.06s | - -> Unknown settings section detected: XDG. Creating dynamic section at runtime.
2026-09-06 03:01:20.344 | WARNING  | amisim.ini_model | 0.00/0.06s | - -> Unknown settings field detected: XDG.DATA_DIRS. Registering dynamic runtime field as string.
2026-09-06 03:01:20.344 | WARNING  | amisim.ini_model | 0.00/0.06s | - -> Unknown settings field detected: XDG.RUNTIME_DIR. Registering dynamic runtime field as string.
2026-09-06 03:01:20.344 | WARNING  | amisim.ini_model | 0.00/0.06s | - -> Unknown settings field detected: XDG.SESSION_CLASS. Registering dynamic runtime field as string.
2026-09-06 03:01:20.344 | WARNING  | amisim.ini_model | 0.00/0.06s | - -> Unknown settings field detected: XDG.SESSION_ID. Registering dynamic runtime field as string.
2026-09-06 03:01:20.345 | WARNING  | amisim.ini_model | 0.00/0.06s | - -> Unknown settings field detected: XDG.SESSION_TYPE. Registering dynamic runtime field as string.
2026-09-06 03:01:20.369 | INFO     | amisim.application | 0.00/0.00s | - -> Settings loaded
2026-09-06 03:01:20.371 | WARNING  | amisim.ini_model | 0.00/0.00s | - -> Unknown settings section detected: AI. Creating dynamic section at runtime.
2026-09-06 03:01:20.371 | WARNING  | amisim.ini_model | 0.00/0.00s | - -> Unknown settings field detected: AI.AGENT. Registering dynamic runtime field as string.
2026-09-06 03:01:20.371 | WARNING  | amisim.ini_model | 0.00/0.00s | - -> Unknown settings section detected: BUNDLED. Creating dynamic section at runtime.
2026-09-06 03:01:20.371 | WARNING  | amisim.ini_model | 0.00/0.00s | - -> Unknown settings field detected: BUNDLED.DEBUGPY_PATH. Registering dynamic runtime field as string.
2026-09-06 03:01:20.372 | WARNING  | amisim.ini_model | 0.00/0.00s | - -> Unknown settings section detected: CONDA. Creating dynamic section at runtime.
2026-09-06 03:01:20.372 | WARNING  | amisim.ini_model | 0.00/0.00s | - -> Unknown settings field detected: CONDA.DEFAULT_ENV. Registering dynamic runtime field as string.
2026-09-06 03:01:20.372 | WARNING  | amisim.ini_model | 0.00/0.00s | - -> Unknown settings field detected: CONDA.EXE. Registering dynamic runtime field as string.
2026-09-06 03:01:20.372 | WARNING  | amisim.ini_model | 0.00/0.00s | - -> Unknown settings field detected: CONDA.PREFIX. Registering dynamic runtime field as string.
2026-09-06 03:01:20.372 | WARNING  | amisim.ini_model | 0.00/0.00s | - -> Unknown settings field detected: CONDA.PREFIX_1. Registering dynamic runtime field as string.
2026-09-06 03:01:20.372 | WARNING  | amisim.ini_model | 0.00/0.00s | - -> Unknown settings field detected: CONDA.PROMPT_MODIFIER. Registering dynamic runtime field as string.
2026-09-06 03:01:20.373 | WARNING  | amisim.ini_model | 0.00/0.00s | - -> Unknown settings field detected: CONDA.PYTHON_EXE. Registering dynamic runtime field as string.
2026-09-06 03:01:20.373 | WARNING  | amisim.ini_model | 0.00/0.00s | - -> Unknown settings field detected: CONDA.ROOT. Registering dynamic runtime field as string.
2026-09-06 03:01:20.373 | WARNING  | amisim.ini_model | 0.00/0.00s | - -> Unknown settings field detected: CONDA.SHLVL. Registering dynamic runtime field as string.
2026-09-06 03:01:20.373 | WARNING  | amisim.ini_model | 0.00/0.00s | - -> Unknown settings section detected: COPILOT. Creating dynamic section at runtime.
2026-09-06 03:01:20.373 | WARNING  | amisim.ini_model | 0.00/0.00s | - -> Unknown settings field detected: COPILOT.AGENT. Registering dynamic runtime field as string.
2026-09-06 03:01:20.373 | WARNING  | amisim.ini_model | 0.00/0.00s | - -> Unknown settings field detected: COPILOT.DEBUG_NONCE. Registering dynamic runtime field as string.
2026-09-06 03:01:20.373 | WARNING  | amisim.ini_model | 0.00/0.00s | - -> Unknown settings section detected: DBUS. Creating dynamic section at runtime.
2026-09-06 03:01:20.374 | WARNING  | amisim.ini_model | 0.00/0.00s | - -> Unknown settings field detected: DBUS.SESSION_BUS_ADDRESS. Registering dynamic runtime field as string.
2026-09-06 03:01:20.374 | WARNING  | amisim.ini_model | 0.00/0.01s | - -> Unknown settings section detected: DEBIAN. Creating dynamic section at runtime.
2026-09-06 03:01:20.374 | WARNING  | amisim.ini_model | 0.00/0.01s | - -> Unknown settings field detected: DEBIAN.FRONTEND. Registering dynamic runtime field as string.
2026-09-06 03:01:20.374 | WARNING  | amisim.ini_model | 0.00/0.01s | - -> Unknown settings section detected: DEBUGINFOD. Creating dynamic section at runtime.
2026-09-06 03:01:20.374 | WARNING  | amisim.ini_model | 0.00/0.01s | - -> Unknown settings field detected: DEBUGINFOD.URLS. Registering dynamic runtime field as string.
2026-09-06 03:01:20.375 | WARNING  | amisim.ini_model | 0.00/0.01s | - -> Unknown settings section detected: FNM. Creating dynamic section at runtime.
2026-09-06 03:01:20.375 | WARNING  | amisim.ini_model | 0.00/0.01s | - -> Unknown settings field detected: FNM.ARCH. Registering dynamic runtime field as string.
2026-09-06 03:01:20.375 | WARNING  | amisim.ini_model | 0.00/0.01s | - -> Unknown settings field detected: FNM.COREPACK_ENABLED. Registering dynamic runtime field as string.
2026-09-06 03:01:20.375 | WARNING  | amisim.ini_model | 0.00/0.01s | - -> Unknown settings field detected: FNM.DIR. Registering dynamic runtime field as string.
2026-09-06 03:01:20.375 | WARNING  | amisim.ini_model | 0.00/0.01s | - -> Unknown settings field detected: FNM.LOGLEVEL. Registering dynamic runtime field as string.
2026-09-06 03:01:20.375 | WARNING  | amisim.ini_model | 0.00/0.01s | - -> Unknown settings field detected: FNM.MULTISHELL_PATH. Registering dynamic runtime field as string.
2026-09-06 03:01:20.376 | WARNING  | amisim.ini_model | 0.00/0.01s | - -> Unknown settings field detected: FNM.NODE_DIST_MIRROR. Registering dynamic runtime field as string.
2026-09-06 03:01:20.376 | WARNING  | amisim.ini_model | 0.00/0.01s | - -> Unknown settings field detected: FNM.RESOLVE_ENGINES. Registering dynamic runtime field as string.
2026-09-06 03:01:20.376 | WARNING  | amisim.ini_model | 0.00/0.01s | - -> Unknown settings field detected: FNM.VERSION_FILE_STRATEGY. Registering dynamic runtime field as string.
2026-09-06 03:01:20.376 | WARNING  | amisim.ini_model | 0.00/0.01s | - -> Unknown settings section detected: GIT. Creating dynamic section at runtime.
2026-09-06 03:01:20.376 | WARNING  | amisim.ini_model | 0.00/0.01s | - -> Unknown settings field detected: GIT.ASKPASS. Registering dynamic runtime field as string.
2026-09-06 03:01:20.376 | WARNING  | amisim.ini_model | 0.00/0.01s | - -> Unknown settings field detected: GIT.EDITOR. Registering dynamic runtime field as string.
2026-09-06 03:01:20.377 | WARNING  | amisim.ini_model | 0.00/0.01s | - -> Unknown settings field detected: GIT.MERGE_AUTOEDIT. Registering dynamic runtime field as string.
2026-09-06 03:01:20.377 | WARNING  | amisim.ini_model | 0.00/0.01s | - -> Unknown settings field detected: GIT.PAGER. Registering dynamic runtime field as string.
2026-09-06 03:01:20.377 | WARNING  | amisim.ini_model | 0.00/0.01s | - -> Unknown settings section detected: HADOOP. Creating dynamic section at runtime.
2026-09-06 03:01:20.377 | WARNING  | amisim.ini_model | 0.00/0.01s | - -> Unknown settings field detected: HADOOP.HOME. Registering dynamic runtime field as string.
2026-09-06 03:01:20.377 | WARNING  | amisim.ini_model | 0.00/0.01s | - -> Unknown settings section detected: JAVA. Creating dynamic section at runtime.
2026-09-06 03:01:20.377 | WARNING  | amisim.ini_model | 0.00/0.01s | - -> Unknown settings field detected: JAVA.HOME. Registering dynamic runtime field as string.
2026-09-06 03:01:20.378 | WARNING  | amisim.ini_model | 0.00/0.01s | - -> Unknown settings section detected: LD. Creating dynamic section at runtime.
2026-09-06 03:01:20.378 | WARNING  | amisim.ini_model | 0.00/0.01s | - -> Unknown settings field detected: LD.LIBRARY_PATH. Registering dynamic runtime field as string.
2026-09-06 03:01:20.378 | WARNING  | amisim.ini_model | 0.00/0.01s | - -> Unknown settings section detected: LIBVIRT. Creating dynamic section at runtime.
2026-09-06 03:01:20.378 | WARNING  | amisim.ini_model | 0.00/0.01s | - -> Unknown settings field detected: LIBVIRT.DEFAULT_URI. Registering dynamic runtime field as string.
2026-09-06 03:01:20.378 | WARNING  | amisim.ini_model | 0.00/0.01s | - -> Unknown settings section detected: LS. Creating dynamic section at runtime.
2026-09-06 03:01:20.378 | WARNING  | amisim.ini_model | 0.00/0.01s | - -> Unknown settings field detected: LS.COLORS. Registering dynamic runtime field as string.
2026-09-06 03:01:20.379 | WARNING  | amisim.ini_model | 0.00/0.01s | - -> Unknown settings section detected: PYDEVD. Creating dynamic section at runtime.
2026-09-06 03:01:20.379 | WARNING  | amisim.ini_model | 0.00/0.01s | - -> Unknown settings field detected: PYDEVD.DISABLE_FILE_VALIDATION. Registering dynamic runtime field as string.
2026-09-06 03:01:20.379 | WARNING  | amisim.ini_model | 0.00/0.01s | - -> Unknown settings section detected: PYTEST. Creating dynamic section at runtime.
2026-09-06 03:01:20.380 | WARNING  | amisim.ini_model | 0.00/0.01s | - -> Unknown settings field detected: PYTEST.CURRENT_TEST. Registering dynamic runtime field as string.
2026-09-06 03:01:20.380 | WARNING  | amisim.ini_model | 0.00/0.01s | - -> Unknown settings field detected: PYTEST.VERSION. Registering dynamic runtime field as string.
2026-09-06 03:01:20.380 | WARNING  | amisim.ini_model | 0.00/0.01s | - -> Unknown settings section detected: PYTHON. Creating dynamic section at runtime.
2026-09-06 03:01:20.381 | WARNING  | amisim.ini_model | 0.00/0.01s | - -> Unknown settings field detected: PYTHON.BASIC_REPL. Registering dynamic runtime field as string.
2026-09-06 03:01:20.381 | WARNING  | amisim.ini_model | 0.00/0.01s | - -> Unknown settings section detected: QT. Creating dynamic section at runtime.
2026-09-06 03:01:20.382 | WARNING  | amisim.ini_model | 0.00/0.01s | - -> Unknown settings field detected: QT.XCB_GL_INTEGRATION. Registering dynamic runtime field as string.
2026-09-06 03:01:20.382 | WARNING  | amisim.ini_model | 0.00/0.01s | - -> Unknown settings section detected: SSH. Creating dynamic section at runtime.
2026-09-06 03:01:20.382 | WARNING  | amisim.ini_model | 0.00/0.01s | - -> Unknown settings field detected: SSH.CLIENT. Registering dynamic runtime field as string.
2026-09-06 03:01:20.383 | WARNING  | amisim.ini_model | 0.00/0.01s | - -> Unknown settings field detected: SSH.CONNECTION. Registering dynamic runtime field as string.
2026-09-06 03:01:20.383 | WARNING  | amisim.ini_model | 0.00/0.01s | - -> Unknown settings section detected: TERM. Creating dynamic section at runtime.
2026-09-06 03:01:20.384 | WARNING  | amisim.ini_model | 0.00/0.01s | - -> Unknown settings field detected: TERM.PROGRAM. Registering dynamic runtime field as string.
2026-09-06 03:01:20.384 | WARNING  | amisim.ini_model | 0.00/0.01s | - -> Unknown settings field detected: TERM.PROGRAM_VERSION. Registering dynamic runtime field as string.
2026-09-06 03:01:20.384 | WARNING  | amisim.ini_model | 0.00/0.02s | - -> Unknown settings section detected: VSCODE. Creating dynamic section at runtime.
2026-09-06 03:01:20.385 | WARNING  | amisim.ini_model | 0.00/0.02s | - -> Unknown settings field detected: VSCODE.DEBUGPY_ADAPTER_ENDPOINTS. Registering dynamic runtime field as string.
2026-09-06 03:01:20.385 | WARNING  | amisim.ini_model | 0.00/0.02s | - -> Unknown settings field detected: VSCODE.GIT_ASKPASS_EXTRA_ARGS. Registering dynamic runtime field as string.
2026-09-06 03:01:20.386 | WARNING  | amisim.ini_model | 0.00/0.02s | - -> Unknown settings field detected: VSCODE.GIT_ASKPASS_MAIN. Registering dynamic runtime field as string.
2026-09-06 03:01:20.386 | WARNING  | amisim.ini_model | 0.00/0.02s | - -> Unknown settings field detected: VSCODE.GIT_ASKPASS_NODE. Registering dynamic runtime field as string.
2026-09-06 03:01:20.386 | WARNING  | amisim.ini_model | 0.00/0.02s | - -> Unknown settings field detected: VSCODE.GIT_IPC_HANDLE. Registering dynamic runtime field as string.
2026-09-06 03:01:20.386 | WARNING  | amisim.ini_model | 0.00/0.02s | - -> Unknown settings field detected: VSCODE.IPC_HOOK_CLI. Registering dynamic runtime field as string.
2026-09-06 03:01:20.387 | WARNING  | amisim.ini_model | 0.00/0.02s | - -> Unknown settings field detected: VSCODE.PYTHON_AUTOACTIVATE_GUARD. Registering dynamic runtime field as string.
2026-09-06 03:01:20.387 | WARNING  | amisim.ini_model | 0.00/0.02s | - -> Unknown settings section detected: XDG. Creating dynamic section at runtime.
2026-09-06 03:01:20.387 | WARNING  | amisim.ini_model | 0.00/0.02s | - -> Unknown settings field detected: XDG.DATA_DIRS. Registering dynamic runtime field as string.
2026-09-06 03:01:20.388 | WARNING  | amisim.ini_model | 0.00/0.02s | - -> Unknown settings field detected: XDG.RUNTIME_DIR. Registering dynamic runtime field as string.
2026-09-06 03:01:20.388 | WARNING  | amisim.ini_model | 0.00/0.02s | - -> Unknown settings field detected: XDG.SESSION_CLASS. Registering dynamic runtime field as string.
2026-09-06 03:01:20.388 | WARNING  | amisim.ini_model | 0.00/0.02s | - -> Unknown settings field detected: XDG.SESSION_ID. Registering dynamic runtime field as string.
2026-09-06 03:01:20.388 | WARNING  | amisim.ini_model | 0.00/0.02s | - -> Unknown settings field detected: XDG.SESSION_TYPE. Registering dynamic runtime field as string.
2026-09-06 03:01:20.389 | WARNING  | amisim.ini_model | 0.00/0.02s | - -> Unknown settings section detected: AI. Creating dynamic section at runtime.
2026-09-06 03:01:20.390 | WARNING  | amisim.ini_model | 0.00/0.02s | - -> Unknown settings field detected: AI.AGENT. Registering dynamic runtime field as string.
2026-09-06 03:01:20.390 | WARNING  | amisim.ini_model | 0.00/0.02s | - -> Unknown settings section detected: BUNDLED. Creating dynamic section at runtime.
2026-09-06 03:01:20.390 | WARNING  | amisim.ini_model | 0.00/0.02s | - -> Unknown settings field detected: BUNDLED.DEBUGPY_PATH. Registering dynamic runtime field as string.
2026-09-06 03:01:20.391 | WARNING  | amisim.ini_model | 0.00/0.02s | - -> Unknown settings section detected: CONDA. Creating dynamic section at runtime.
2026-09-06 03:01:20.391 | WARNING  | amisim.ini_model | 0.00/0.02s | - -> Unknown settings field detected: CONDA.DEFAULT_ENV. Registering dynamic runtime field as string.
2026-09-06 03:01:20.391 | WARNING  | amisim.ini_model | 0.00/0.02s | - -> Unknown settings field detected: CONDA.EXE. Registering dynamic runtime field as string.
2026-09-06 03:01:20.392 | WARNING  | amisim.ini_model | 0.00/0.02s | - -> Unknown settings field detected: CONDA.PREFIX. Registering dynamic runtime field as string.
2026-09-06 03:01:20.392 | WARNING  | amisim.ini_model | 0.00/0.02s | - -> Unknown settings field detected: CONDA.PREFIX_1. Registering dynamic runtime field as string.
2026-09-06 03:01:20.392 | WARNING  | amisim.ini_model | 0.00/0.02s | - -> Unknown settings field detected: CONDA.PROMPT_MODIFIER. Registering dynamic runtime field as string.
2026-09-06 03:01:20.393 | WARNING  | amisim.ini_model | 0.00/0.02s | - -> Unknown settings field detected: CONDA.PYTHON_EXE. Registering dynamic runtime field as string.
2026-09-06 03:01:20.393 | WARNING  | amisim.ini_model | 0.00/0.02s | - -> Unknown settings field detected: CONDA.ROOT. Registering dynamic runtime field as string.
2026-09-06 03:01:20.394 | WARNING  | amisim.ini_model | 0.00/0.02s | - -> Unknown settings field detected: CONDA.SHLVL. Registering dynamic runtime field as string.
2026-09-06 03:01:20.394 | WARNING  | amisim.ini_model | 0.00/0.03s | - -> Unknown settings section detected: COPILOT. Creating dynamic section at runtime.
2026-09-06 03:01:20.394 | WARNING  | amisim.ini_model | 0.00/0.03s | - -> Unknown settings field detected: COPILOT.AGENT. Registering dynamic runtime field as string.
2026-09-06 03:01:20.395 | WARNING  | amisim.ini_model | 0.00/0.03s | - -> Unknown settings field detected: COPILOT.DEBUG_NONCE. Registering dynamic runtime field as string.
2026-09-06 03:01:20.395 | WARNING  | amisim.ini_model | 0.00/0.03s | - -> Unknown settings section detected: DBUS. Creating dynamic section at runtime.
2026-09-06 03:01:20.396 | WARNING  | amisim.ini_model | 0.00/0.03s | - -> Unknown settings field detected: DBUS.SESSION_BUS_ADDRESS. Registering dynamic runtime field as string.
2026-09-06 03:01:20.396 | WARNING  | amisim.ini_model | 0.00/0.03s | - -> Unknown settings section detected: DEBIAN. Creating dynamic section at runtime.
2026-09-06 03:01:20.397 | WARNING  | amisim.ini_model | 0.00/0.03s | - -> Unknown settings field detected: DEBIAN.FRONTEND. Registering dynamic runtime field as string.
2026-09-06 03:01:20.397 | WARNING  | amisim.ini_model | 0.00/0.03s | - -> Unknown settings section detected: DEBUGINFOD. Creating dynamic section at runtime.
2026-09-06 03:01:20.397 | WARNING  | amisim.ini_model | 0.00/0.03s | - -> Unknown settings field detected: DEBUGINFOD.URLS. Registering dynamic runtime field as string.
2026-09-06 03:01:20.398 | WARNING  | amisim.ini_model | 0.00/0.03s | - -> Unknown settings section detected: FNM. Creating dynamic section at runtime.
2026-09-06 03:01:20.398 | WARNING  | amisim.ini_model | 0.00/0.03s | - -> Unknown settings field detected: FNM.ARCH. Registering dynamic runtime field as string.
2026-09-06 03:01:20.398 | WARNING  | amisim.ini_model | 0.00/0.03s | - -> Unknown settings field detected: FNM.COREPACK_ENABLED. Registering dynamic runtime field as string.
2026-09-06 03:01:20.399 | WARNING  | amisim.ini_model | 0.00/0.03s | - -> Unknown settings field detected: FNM.DIR. Registering dynamic runtime field as string.
2026-09-06 03:01:20.399 | WARNING  | amisim.ini_model | 0.00/0.03s | - -> Unknown settings field detected: FNM.LOGLEVEL. Registering dynamic runtime field as string.
2026-09-06 03:01:20.400 | WARNING  | amisim.ini_model | 0.00/0.03s | - -> Unknown settings field detected: FNM.MULTISHELL_PATH. Registering dynamic runtime field as string.
2026-09-06 03:01:20.400 | WARNING  | amisim.ini_model | 0.00/0.03s | - -> Unknown settings field detected: FNM.NODE_DIST_MIRROR. Registering dynamic runtime field as string.
2026-09-06 03:01:20.400 | WARNING  | amisim.ini_model | 0.00/0.03s | - -> Unknown settings field detected: FNM.RESOLVE_ENGINES. Registering dynamic runtime field as string.
2026-09-06 03:01:20.401 | WARNING  | amisim.ini_model | 0.00/0.03s | - -> Unknown settings field detected: FNM.VERSION_FILE_STRATEGY. Registering dynamic runtime field as string.
2026-09-06 03:01:20.402 | WARNING  | amisim.ini_model | 0.00/0.03s | - -> Unknown settings section detected: GIT. Creating dynamic section at runtime.
2026-09-06 03:01:20.402 | WARNING  | amisim.ini_model | 0.00/0.03s | - -> Unknown settings field detected: GIT.ASKPASS. Registering dynamic runtime field as string.
2026-09-06 03:01:20.402 | WARNING  | amisim.ini_model | 0.00/0.03s | - -> Unknown settings field detected: GIT.EDITOR. Registering dynamic runtime field as string.
2026-09-06 03:01:20.403 | WARNING  | amisim.ini_model | 0.00/0.03s | - -> Unknown settings field detected: GIT.MERGE_AUTOEDIT. Registering dynamic runtime field as string.
2026-09-06 03:01:20.403 | WARNING  | amisim.ini_model | 0.00/0.03s | - -> Unknown settings field detected: GIT.PAGER. Registering dynamic runtime field as string.
2026-09-06 03:01:20.403 | WARNING  | amisim.ini_model | 0.00/0.03s | - -> Unknown settings section detected: HADOOP. Creating dynamic section at runtime.
2026-09-06 03:01:20.403 | WARNING  | amisim.ini_model | 0.00/0.03s | - -> Unknown settings field detected: HADOOP.HOME. Registering dynamic runtime field as string.
2026-09-06 03:01:20.405 | WARNING  | amisim.ini_model | 0.00/0.04s | - -> Unknown settings section detected: JAVA. Creating dynamic section at runtime.
2026-09-06 03:01:20.405 | WARNING  | amisim.ini_model | 0.00/0.04s | - -> Unknown settings field detected: JAVA.HOME. Registering dynamic runtime field as string.
2026-09-06 03:01:20.405 | WARNING  | amisim.ini_model | 0.00/0.04s | - -> Unknown settings section detected: LD. Creating dynamic section at runtime.
2026-09-06 03:01:20.406 | WARNING  | amisim.ini_model | 0.00/0.04s | - -> Unknown settings field detected: LD.LIBRARY_PATH. Registering dynamic runtime field as string.
2026-09-06 03:01:20.407 | WARNING  | amisim.ini_model | 0.00/0.04s | - -> Unknown settings section detected: LIBVIRT. Creating dynamic section at runtime.
2026-09-06 03:01:20.407 | WARNING  | amisim.ini_model | 0.00/0.04s | - -> Unknown settings field detected: LIBVIRT.DEFAULT_URI. Registering dynamic runtime field as string.
2026-09-06 03:01:20.407 | WARNING  | amisim.ini_model | 0.00/0.04s | - -> Unknown settings section detected: LS. Creating dynamic section at runtime.
2026-09-06 03:01:20.407 | WARNING  | amisim.ini_model | 0.00/0.04s | - -> Unknown settings field detected: LS.COLORS. Registering dynamic runtime field as string.
2026-09-06 03:01:20.410 | WARNING  | amisim.ini_model | 0.00/0.04s | - -> Unknown settings section detected: PYDEVD. Creating dynamic section at runtime.
2026-09-06 03:01:20.410 | WARNING  | amisim.ini_model | 0.00/0.04s | - -> Unknown settings field detected: PYDEVD.DISABLE_FILE_VALIDATION. Registering dynamic runtime field as string.
2026-09-06 03:01:20.410 | WARNING  | amisim.ini_model | 0.00/0.04s | - -> Unknown settings section detected: PYTEST. Creating dynamic section at runtime.
2026-09-06 03:01:20.410 | WARNING  | amisim.ini_model | 0.00/0.04s | - -> Unknown settings field detected: PYTEST.CURRENT_TEST. Registering dynamic runtime field as string.
2026-09-06 03:01:20.411 | WARNING  | amisim.ini_model | 0.00/0.04s | - -> Unknown settings field detected: PYTEST.VERSION. Registering dynamic runtime field as string.
2026-09-06 03:01:20.412 | WARNING  | amisim.ini_model | 0.00/0.04s | - -> Unknown settings section detected: PYTHON. Creating dynamic section at runtime.
2026-09-06 03:01:20.412 | WARNING  | amisim.ini_model | 0.00/0.04s | - -> Unknown settings field detected: PYTHON.BASIC_REPL. Registering dynamic runtime field as string.
2026-09-06 03:01:20.412 | WARNING  | amisim.ini_model | 0.00/0.04s | - -> Unknown settings section detected: QT. Creating dynamic section at runtime.
2026-09-06 03:01:20.413 | WARNING  | amisim.ini_model | 0.00/0.04s | - -> Unknown settings field detected: QT.XCB_GL_INTEGRATION. Registering dynamic runtime field as string.
2026-09-06 03:01:20.413 | WARNING  | amisim.ini_model | 0.00/0.04s | - -> Unknown settings section detected: SSH. Creating dynamic section at runtime.
2026-09-06 03:01:20.413 | WARNING  | amisim.ini_model | 0.00/0.04s | - -> Unknown settings field detected: SSH.CLIENT. Registering dynamic runtime field as string.
2026-09-06 03:01:20.413 | WARNING  | amisim.ini_model | 0.00/0.04s | - -> Unknown settings field detected: SSH.CONNECTION. Registering dynamic runtime field as string.
2026-09-06 03:01:20.414 | WARNING  | amisim.ini_model | 0.00/0.05s | - -> Unknown settings section detected: TERM. Creating dynamic section at runtime.
2026-09-06 03:01:20.414 | WARNING  | amisim.ini_model | 0.00/0.05s | - -> Unknown settings field detected: TERM.PROGRAM. Registering dynamic runtime field as string.
2026-09-06 03:01:20.414 | WARNING  | amisim.ini_model | 0.00/0.05s | - -> Unknown settings field detected: TERM.PROGRAM_VERSION. Registering dynamic runtime field as string.
2026-09-06 03:01:20.415 | WARNING  | amisim.ini_model | 0.00/0.05s | - -> Unknown settings section detected: VSCODE. Creating dynamic section at runtime.
2026-09-06 03:01:20.415 | WARNING  | amisim.ini_model | 0.00/0.05s | - -> Unknown settings field detected: VSCODE.DEBUGPY_ADAPTER_ENDPOINTS. Registering dynamic runtime field as string.
2026-09-06 03:01:20.416 | WARNING  | amisim.ini_model | 0.00/0.05s | - -> Unknown settings field detected: VSCODE.GIT_ASKPASS_EXTRA_ARGS. Registering dynamic runtime field as string.
2026-09-06 03:01:20.416 | WARNING  | amisim.ini_model | 0.00/0.05s | - -> Unknown settings field detected: VSCODE.GIT_ASKPASS_MAIN. Registering dynamic runtime field as string.
2026-09-06 03:01:20.416 | WARNING  | amisim.ini_model | 0.00/0.05s | - -> Unknown settings field detected: VSCODE.GIT_ASKPASS_NODE. Registering dynamic runtime field as string.
2026-09-06 03:01:20.417 | WARNING  | amisim.ini_model | 0.00/0.05s | - -> Unknown settings field detected: VSCODE.GIT_IPC_HANDLE. Registering dynamic runtime field as string.
2026-09-06 03:01:20.417 | WARNING  | amisim.ini_model | 0.00/0.05s | - -> Unknown settings field detected: VSCODE.IPC_HOOK_CLI. Registering dynamic runtime field as string.
2026-09-06 03:01:20.417 | WARNING  | amisim.ini_model | 0.00/0.05s | - -> Unknown settings field detected: VSCODE.PYTHON_AUTOACTIVATE_GUARD. Registering dynamic runtime field as string.
2026-09-06 03:01:20.417 | WARNING  | amisim.ini_model | 0.00/0.05s | - -> Unknown settings section detected: XDG. Creating dynamic section at runtime.
2026-09-06 03:01:20.418 | WARNING  | amisim.ini_model | 0.00/0.05s | - -> Unknown settings field detected: XDG.DATA_DIRS. Registering dynamic runtime field as string.
2026-09-06 03:01:20.418 | WARNING  | amisim.ini_model | 0.00/0.05s | - -> Unknown settings field detected: XDG.RUNTIME_DIR. Registering dynamic runtime field as string.
2026-09-06 03:01:20.419 | WARNING  | amisim.ini_model | 0.00/0.05s | - -> Unknown settings field detected: XDG.SESSION_CLASS. Registering dynamic runtime field as string.
2026-09-06 03:01:20.419 | WARNING  | amisim.ini_model | 0.00/0.05s | - -> Unknown settings field detected: XDG.SESSION_ID. Registering dynamic runtime field as string.
2026-09-06 03:01:20.420 | WARNING  | amisim.ini_model | 0.00/0.05s | - -> Unknown settings field detected: XDG.SESSION_TYPE. Registering dynamic runtime field as string.
2026-09-06 03:01:20.441 | INFO     | amisim.application | 0.00/0.00s | - -> Default settings model loaded
2026-09-06 03:01:20.443 | WARNING  | amisim.ini_model | 0.00/0.00s | - -> Unknown settings section detected: AI. Creating dynamic section at runtime.
2026-09-06 03:01:20.443 | WARNING  | amisim.ini_model | 0.00/0.00s | - -> Unknown settings field detected: AI.AGENT. Registering dynamic runtime field as string.
2026-09-06 03:01:20.443 | WARNING  | amisim.ini_model | 0.00/0.00s | - -> Unknown settings section detected: BUNDLED. Creating dynamic section at runtime.
2026-09-06 03:01:20.443 | WARNING  | amisim.ini_model | 0.00/0.00s | - -> Unknown settings field detected: BUNDLED.DEBUGPY_PATH. Registering dynamic runtime field as string.
2026-09-06 03:01:20.444 | WARNING  | amisim.ini_model | 0.00/0.00s | - -> Unknown settings section detected: CONDA. Creating dynamic section at runtime.
2026-09-06 03:01:20.444 | WARNING  | amisim.ini_model | 0.00/0.00s | - -> Unknown settings field detected: CONDA.DEFAULT_ENV. Registering dynamic runtime field as string.
2026-09-06 03:01:20.444 | WARNING  | amisim.ini_model | 0.00/0.00s | - -> Unknown settings field detected: CONDA.EXE. Registering dynamic runtime field as string.
2026-09-06 03:01:20.444 | WARNING  | amisim.ini_model | 0.00/0.00s | - -> Unknown settings field detected: CONDA.PREFIX. Registering dynamic runtime field as string.
2026-09-06 03:01:20.444 | WARNING  | amisim.ini_model | 0.00/0.00s | - -> Unknown settings field detected: CONDA.PREFIX_1. Registering dynamic runtime field as string.
2026-09-06 03:01:20.444 | WARNING  | amisim.ini_model | 0.00/0.00s | - -> Unknown settings field detected: CONDA.PROMPT_MODIFIER. Registering dynamic runtime field as string.
2026-09-06 03:01:20.445 | WARNING  | amisim.ini_model | 0.00/0.00s | - -> Unknown settings field detected: CONDA.PYTHON_EXE. Registering dynamic runtime field as string.
2026-09-06 03:01:20.445 | WARNING  | amisim.ini_model | 0.00/0.00s | - -> Unknown settings field detected: CONDA.ROOT. Registering dynamic runtime field as string.
2026-09-06 03:01:20.445 | WARNING  | amisim.ini_model | 0.00/0.00s | - -> Unknown settings field detected: CONDA.SHLVL. Registering dynamic runtime field as string.
2026-09-06 03:01:20.445 | WARNING  | amisim.ini_model | 0.00/0.00s | - -> Unknown settings section detected: COPILOT. Creating dynamic section at runtime.
2026-09-06 03:01:20.445 | WARNING  | amisim.ini_model | 0.00/0.00s | - -> Unknown settings field detected: COPILOT.AGENT. Registering dynamic runtime field as string.
2026-09-06 03:01:20.445 | WARNING  | amisim.ini_model | 0.00/0.00s | - -> Unknown settings field detected: COPILOT.DEBUG_NONCE. Registering dynamic runtime field as string.
2026-09-06 03:01:20.446 | WARNING  | amisim.ini_model | 0.00/0.01s | - -> Unknown settings section detected: DBUS. Creating dynamic section at runtime.
2026-09-06 03:01:20.446 | WARNING  | amisim.ini_model | 0.00/0.01s | - -> Unknown settings field detected: DBUS.SESSION_BUS_ADDRESS. Registering dynamic runtime field as string.
2026-09-06 03:01:20.446 | WARNING  | amisim.ini_model | 0.00/0.01s | - -> Unknown settings section detected: DEBIAN. Creating dynamic section at runtime.
2026-09-06 03:01:20.446 | WARNING  | amisim.ini_model | 0.00/0.01s | - -> Unknown settings field detected: DEBIAN.FRONTEND. Registering dynamic runtime field as string.
2026-09-06 03:01:20.446 | WARNING  | amisim.ini_model | 0.00/0.01s | - -> Unknown settings section detected: DEBUGINFOD. Creating dynamic section at runtime.
2026-09-06 03:01:20.447 | WARNING  | amisim.ini_model | 0.00/0.01s | - -> Unknown settings field detected: DEBUGINFOD.URLS. Registering dynamic runtime field as string.
2026-09-06 03:01:20.447 | WARNING  | amisim.ini_model | 0.00/0.01s | - -> Unknown settings section detected: FNM. Creating dynamic section at runtime.
2026-09-06 03:01:20.447 | WARNING  | amisim.ini_model | 0.00/0.01s | - -> Unknown settings field detected: FNM.ARCH. Registering dynamic runtime field as string.
2026-09-06 03:01:20.447 | WARNING  | amisim.ini_model | 0.00/0.01s | - -> Unknown settings field detected: FNM.COREPACK_ENABLED. Registering dynamic runtime field as string.
2026-09-06 03:01:20.447 | WARNING  | amisim.ini_model | 0.00/0.01s | - -> Unknown settings field detected: FNM.DIR. Registering dynamic runtime field as string.
2026-09-06 03:01:20.447 | WARNING  | amisim.ini_model | 0.00/0.01s | - -> Unknown settings field detected: FNM.LOGLEVEL. Registering dynamic runtime field as string.
2026-09-06 03:01:20.447 | WARNING  | amisim.ini_model | 0.00/0.01s | - -> Unknown settings field detected: FNM.MULTISHELL_PATH. Registering dynamic runtime field as string.
2026-09-06 03:01:20.448 | WARNING  | amisim.ini_model | 0.00/0.01s | - -> Unknown settings field detected: FNM.NODE_DIST_MIRROR. Registering dynamic runtime field as string.
2026-09-06 03:01:20.448 | WARNING  | amisim.ini_model | 0.00/0.01s | - -> Unknown settings field detected: FNM.RESOLVE_ENGINES. Registering dynamic runtime field as string.
2026-09-06 03:01:20.448 | WARNING  | amisim.ini_model | 0.00/0.01s | - -> Unknown settings field detected: FNM.VERSION_FILE_STRATEGY. Registering dynamic runtime field as string.
2026-09-06 03:01:20.448 | WARNING  | amisim.ini_model | 0.00/0.01s | - -> Unknown settings section detected: GIT. Creating dynamic section at runtime.
2026-09-06 03:01:20.448 | WARNING  | amisim.ini_model | 0.00/0.01s | - -> Unknown settings field detected: GIT.ASKPASS. Registering dynamic runtime field as string.
2026-09-06 03:01:20.448 | WARNING  | amisim.ini_model | 0.00/0.01s | - -> Unknown settings field detected: GIT.EDITOR. Registering dynamic runtime field as string.
2026-09-06 03:01:20.449 | WARNING  | amisim.ini_model | 0.00/0.01s | - -> Unknown settings field detected: GIT.MERGE_AUTOEDIT. Registering dynamic runtime field as string.
2026-09-06 03:01:20.449 | WARNING  | amisim.ini_model | 0.00/0.01s | - -> Unknown settings field detected: GIT.PAGER. Registering dynamic runtime field as string.
2026-09-06 03:01:20.449 | WARNING  | amisim.ini_model | 0.00/0.01s | - -> Unknown settings section detected: HADOOP. Creating dynamic section at runtime.
2026-09-06 03:01:20.449 | WARNING  | amisim.ini_model | 0.00/0.01s | - -> Unknown settings field detected: HADOOP.HOME. Registering dynamic runtime field as string.
2026-09-06 03:01:20.449 | WARNING  | amisim.ini_model | 0.00/0.01s | - -> Unknown settings section detected: JAVA. Creating dynamic section at runtime.
2026-09-06 03:01:20.450 | WARNING  | amisim.ini_model | 0.00/0.01s | - -> Unknown settings field detected: JAVA.HOME. Registering dynamic runtime field as string.
2026-09-06 03:01:20.450 | WARNING  | amisim.ini_model | 0.00/0.01s | - -> Unknown settings section detected: LD. Creating dynamic section at runtime.
2026-09-06 03:01:20.450 | WARNING  | amisim.ini_model | 0.00/0.01s | - -> Unknown settings field detected: LD.LIBRARY_PATH. Registering dynamic runtime field as string.
2026-09-06 03:01:20.450 | WARNING  | amisim.ini_model | 0.00/0.01s | - -> Unknown settings section detected: LIBVIRT. Creating dynamic section at runtime.
2026-09-06 03:01:20.450 | WARNING  | amisim.ini_model | 0.00/0.01s | - -> Unknown settings field detected: LIBVIRT.DEFAULT_URI. Registering dynamic runtime field as string.
2026-09-06 03:01:20.450 | WARNING  | amisim.ini_model | 0.00/0.01s | - -> Unknown settings section detected: LS. Creating dynamic section at runtime.
2026-09-06 03:01:20.451 | WARNING  | amisim.ini_model | 0.00/0.01s | - -> Unknown settings field detected: LS.COLORS. Registering dynamic runtime field as string.
2026-09-06 03:01:20.451 | WARNING  | amisim.ini_model | 0.00/0.01s | - -> Unknown settings section detected: PYDEVD. Creating dynamic section at runtime.
2026-09-06 03:01:20.451 | WARNING  | amisim.ini_model | 0.00/0.01s | - -> Unknown settings field detected: PYDEVD.DISABLE_FILE_VALIDATION. Registering dynamic runtime field as string.
2026-09-06 03:01:20.451 | WARNING  | amisim.ini_model | 0.00/0.01s | - -> Unknown settings section detected: PYTEST. Creating dynamic section at runtime.
2026-09-06 03:01:20.452 | WARNING  | amisim.ini_model | 0.00/0.01s | - -> Unknown settings field detected: PYTEST.CURRENT_TEST. Registering dynamic runtime field as string.
2026-09-06 03:01:20.452 | WARNING  | amisim.ini_model | 0.00/0.01s | - -> Unknown settings field detected: PYTEST.VERSION. Registering dynamic runtime field as string.
2026-09-06 03:01:20.452 | WARNING  | amisim.ini_model | 0.00/0.01s | - -> Unknown settings section detected: PYTHON. Creating dynamic section at runtime.
2026-09-06 03:01:20.453 | WARNING  | amisim.ini_model | 0.00/0.01s | - -> Unknown settings field detected: PYTHON.BASIC_REPL. Registering dynamic runtime field as string.
2026-09-06 03:01:20.453 | WARNING  | amisim.ini_model | 0.00/0.01s | - -> Unknown settings section detected: QT. Creating dynamic section at runtime.
2026-09-06 03:01:20.454 | WARNING  | amisim.ini_model | 0.00/0.01s | - -> Unknown settings field detected: QT.XCB_GL_INTEGRATION. Registering dynamic runtime field as string.
2026-09-06 03:01:20.454 | WARNING  | amisim.ini_model | 0.00/0.01s | - -> Unknown settings section detected: SSH. Creating dynamic section at runtime.
2026-09-06 03:01:20.455 | WARNING  | amisim.ini_model | 0.00/0.01s | - -> Unknown settings field detected: SSH.CLIENT. Registering dynamic runtime field as string.
2026-09-06 03:01:20.455 | WARNING  | amisim.ini_model | 0.00/0.01s | - -> Unknown settings field detected: SSH.CONNECTION. Registering dynamic runtime field as string.
2026-09-06 03:01:20.456 | WARNING  | amisim.ini_model | 0.00/0.02s | - -> Unknown settings section detected: TERM. Creating dynamic section at runtime.
2026-09-06 03:01:20.456 | WARNING  | amisim.ini_model | 0.00/0.02s | - -> Unknown settings field detected: TERM.PROGRAM. Registering dynamic runtime field as string.
2026-09-06 03:01:20.456 | WARNING  | amisim.ini_model | 0.00/0.02s | - -> Unknown settings field detected: TERM.PROGRAM_VERSION. Registering dynamic runtime field as string.
2026-09-06 03:01:20.457 | WARNING  | amisim.ini_model | 0.00/0.02s | - -> Unknown settings section detected: VSCODE. Creating dynamic section at runtime.
2026-09-06 03:01:20.457 | WARNING  | amisim.ini_model | 0.00/0.02s | - -> Unknown settings field detected: VSCODE.DEBUGPY_ADAPTER_ENDPOINTS. Registering dynamic runtime field as string.
2026-09-06 03:01:20.457 | WARNING  | amisim.ini_model | 0.00/0.02s | - -> Unknown settings field detected: VSCODE.GIT_ASKPASS_EXTRA_ARGS. Registering dynamic runtime field as string.
2026-09-06 03:01:20.458 | WARNING  | amisim.ini_model | 0.00/0.02s | - -> Unknown settings field detected: VSCODE.GIT_ASKPASS_MAIN. Registering dynamic runtime field as string.
2026-09-06 03:01:20.458 | WARNING  | amisim.ini_model | 0.00/0.02s | - -> Unknown settings field detected: VSCODE.GIT_ASKPASS_NODE. Registering dynamic runtime field as string.
2026-09-06 03:01:20.458 | WARNING  | amisim.ini_model | 0.00/0.02s | - -> Unknown settings field detected: VSCODE.GIT_IPC_HANDLE. Registering dynamic runtime field as string.
2026-09-06 03:01:20.459 | WARNING  | amisim.ini_model | 0.00/0.02s | - -> Unknown settings field detected: VSCODE.IPC_HOOK_CLI. Registering dynamic runtime field as string.
2026-09-06 03:01:20.459 | WARNING  | amisim.ini_model | 0.00/0.02s | - -> Unknown settings field detected: VSCODE.PYTHON_AUTOACTIVATE_GUARD. Registering dynamic runtime field as string.
2026-09-06 03:01:20.459 | WARNING  | amisim.ini_model | 0.00/0.02s | - -> Unknown settings section detected: XDG. Creating dynamic section at runtime.
2026-09-06 03:01:20.460 | WARNING  | amisim.ini_model | 0.00/0.02s | - -> Unknown settings field detected: XDG.DATA_DIRS. Registering dynamic runtime field as string.
2026-09-06 03:01:20.460 | WARNING  | amisim.ini_model | 0.00/0.02s | - -> Unknown settings field detected: XDG.RUNTIME_DIR. Registering dynamic runtime field as string.
2026-09-06 03:01:20.460 | WARNING  | amisim.ini_model | 0.00/0.02s | - -> Unknown settings field detected: XDG.SESSION_CLASS. Registering dynamic runtime field as string.
2026-09-06 03:01:20.461 | WARNING  | amisim.ini_model | 0.00/0.02s | - -> Unknown settings field detected: XDG.SESSION_ID. Registering dynamic runtime field as string.
2026-09-06 03:01:20.461 | WARNING  | amisim.ini_model | 0.00/0.02s | - -> Unknown settings field detected: XDG.SESSION_TYPE. Registering dynamic runtime field as string.
2026-09-06 03:01:20.462 | WARNING  | amisim.ini_model | 0.00/0.02s | - -> Unknown settings section detected: AI. Creating dynamic section at runtime.
2026-09-06 03:01:20.463 | WARNING  | amisim.ini_model | 0.00/0.02s | - -> Unknown settings field detected: AI.AGENT. Registering dynamic runtime field as string.
2026-09-06 03:01:20.463 | WARNING  | amisim.ini_model | 0.00/0.02s | - -> Unknown settings section detected: BUNDLED. Creating dynamic section at runtime.
2026-09-06 03:01:20.463 | WARNING  | amisim.ini_model | 0.00/0.02s | - -> Unknown settings field detected: BUNDLED.DEBUGPY_PATH. Registering dynamic runtime field as string.
2026-09-06 03:01:20.464 | WARNING  | amisim.ini_model | 0.00/0.02s | - -> Unknown settings section detected: CONDA. Creating dynamic section at runtime.
2026-09-06 03:01:20.464 | WARNING  | amisim.ini_model | 0.00/0.02s | - -> Unknown settings field detected: CONDA.DEFAULT_ENV. Registering dynamic runtime field as string.
2026-09-06 03:01:20.464 | WARNING  | amisim.ini_model | 0.00/0.02s | - -> Unknown settings field detected: CONDA.EXE. Registering dynamic runtime field as string.
2026-09-06 03:01:20.465 | WARNING  | amisim.ini_model | 0.00/0.02s | - -> Unknown settings field detected: CONDA.PREFIX. Registering dynamic runtime field as string.
2026-09-06 03:01:20.465 | WARNING  | amisim.ini_model | 0.00/0.02s | - -> Unknown settings field detected: CONDA.PREFIX_1. Registering dynamic runtime field as string.
2026-09-06 03:01:20.465 | WARNING  | amisim.ini_model | 0.00/0.02s | - -> Unknown settings field detected: CONDA.PROMPT_MODIFIER. Registering dynamic runtime field as string.
2026-09-06 03:01:20.466 | WARNING  | amisim.ini_model | 0.00/0.03s | - -> Unknown settings field detected: CONDA.PYTHON_EXE. Registering dynamic runtime field as string.
2026-09-06 03:01:20.466 | WARNING  | amisim.ini_model | 0.00/0.03s | - -> Unknown settings field detected: CONDA.ROOT. Registering dynamic runtime field as string.
2026-09-06 03:01:20.466 | WARNING  | amisim.ini_model | 0.00/0.03s | - -> Unknown settings field detected: CONDA.SHLVL. Registering dynamic runtime field as string.
2026-09-06 03:01:20.467 | WARNING  | amisim.ini_model | 0.00/0.03s | - -> Unknown settings section detected: COPILOT. Creating dynamic section at runtime.
2026-09-06 03:01:20.467 | WARNING  | amisim.ini_model | 0.00/0.03s | - -> Unknown settings field detected: COPILOT.AGENT. Registering dynamic runtime field as string.
2026-09-06 03:01:20.467 | WARNING  | amisim.ini_model | 0.00/0.03s | - -> Unknown settings field detected: COPILOT.DEBUG_NONCE. Registering dynamic runtime field as string.
2026-09-06 03:01:20.468 | WARNING  | amisim.ini_model | 0.00/0.03s | - -> Unknown settings section detected: DBUS. Creating dynamic section at runtime.
2026-09-06 03:01:20.468 | WARNING  | amisim.ini_model | 0.00/0.03s | - -> Unknown settings field detected: DBUS.SESSION_BUS_ADDRESS. Registering dynamic runtime field as string.
2026-09-06 03:01:20.469 | WARNING  | amisim.ini_model | 0.00/0.03s | - -> Unknown settings section detected: DEBIAN. Creating dynamic section at runtime.
2026-09-06 03:01:20.469 | WARNING  | amisim.ini_model | 0.00/0.03s | - -> Unknown settings field detected: DEBIAN.FRONTEND. Registering dynamic runtime field as string.
2026-09-06 03:01:20.469 | WARNING  | amisim.ini_model | 0.00/0.03s | - -> Unknown settings section detected: DEBUGINFOD. Creating dynamic section at runtime.
2026-09-06 03:01:20.470 | WARNING  | amisim.ini_model | 0.00/0.03s | - -> Unknown settings field detected: DEBUGINFOD.URLS. Registering dynamic runtime field as string.
2026-09-06 03:01:20.470 | WARNING  | amisim.ini_model | 0.00/0.03s | - -> Unknown settings section detected: FNM. Creating dynamic section at runtime.
2026-09-06 03:01:20.470 | WARNING  | amisim.ini_model | 0.00/0.03s | - -> Unknown settings field detected: FNM.ARCH. Registering dynamic runtime field as string.
2026-09-06 03:01:20.471 | WARNING  | amisim.ini_model | 0.00/0.03s | - -> Unknown settings field detected: FNM.COREPACK_ENABLED. Registering dynamic runtime field as string.
2026-09-06 03:01:20.471 | WARNING  | amisim.ini_model | 0.00/0.03s | - -> Unknown settings field detected: FNM.DIR. Registering dynamic runtime field as string.
2026-09-06 03:01:20.472 | WARNING  | amisim.ini_model | 0.00/0.03s | - -> Unknown settings field detected: FNM.LOGLEVEL. Registering dynamic runtime field as string.
2026-09-06 03:01:20.472 | WARNING  | amisim.ini_model | 0.00/0.03s | - -> Unknown settings field detected: FNM.MULTISHELL_PATH. Registering dynamic runtime field as string.
2026-09-06 03:01:20.472 | WARNING  | amisim.ini_model | 0.00/0.03s | - -> Unknown settings field detected: FNM.NODE_DIST_MIRROR. Registering dynamic runtime field as string.
2026-09-06 03:01:20.473 | WARNING  | amisim.ini_model | 0.00/0.03s | - -> Unknown settings field detected: FNM.RESOLVE_ENGINES. Registering dynamic runtime field as string.
2026-09-06 03:01:20.473 | WARNING  | amisim.ini_model | 0.00/0.03s | - -> Unknown settings field detected: FNM.VERSION_FILE_STRATEGY. Registering dynamic runtime field as string.
2026-09-06 03:01:20.474 | WARNING  | amisim.ini_model | 0.00/0.03s | - -> Unknown settings section detected: GIT. Creating dynamic section at runtime.
2026-09-06 03:01:20.474 | WARNING  | amisim.ini_model | 0.00/0.03s | - -> Unknown settings field detected: GIT.ASKPASS. Registering dynamic runtime field as string.
2026-09-06 03:01:20.474 | WARNING  | amisim.ini_model | 0.00/0.03s | - -> Unknown settings field detected: GIT.EDITOR. Registering dynamic runtime field as string.
2026-09-06 03:01:20.475 | WARNING  | amisim.ini_model | 0.00/0.03s | - -> Unknown settings field detected: GIT.MERGE_AUTOEDIT. Registering dynamic runtime field as string.
2026-09-06 03:01:20.475 | WARNING  | amisim.ini_model | 0.00/0.03s | - -> Unknown settings field detected: GIT.PAGER. Registering dynamic runtime field as string.
2026-09-06 03:01:20.475 | WARNING  | amisim.ini_model | 0.00/0.03s | - -> Unknown settings section detected: HADOOP. Creating dynamic section at runtime.
2026-09-06 03:01:20.476 | WARNING  | amisim.ini_model | 0.00/0.04s | - -> Unknown settings field detected: HADOOP.HOME. Registering dynamic runtime field as string.
2026-09-06 03:01:20.477 | WARNING  | amisim.ini_model | 0.00/0.04s | - -> Unknown settings section detected: JAVA. Creating dynamic section at runtime.
2026-09-06 03:01:20.477 | WARNING  | amisim.ini_model | 0.00/0.04s | - -> Unknown settings field detected: JAVA.HOME. Registering dynamic runtime field as string.
2026-09-06 03:01:20.477 | WARNING  | amisim.ini_model | 0.00/0.04s | - -> Unknown settings section detected: LD. Creating dynamic section at runtime.
2026-09-06 03:01:20.477 | WARNING  | amisim.ini_model | 0.00/0.04s | - -> Unknown settings field detected: LD.LIBRARY_PATH. Registering dynamic runtime field as string.
2026-09-06 03:01:20.479 | WARNING  | amisim.ini_model | 0.00/0.04s | - -> Unknown settings section detected: LIBVIRT. Creating dynamic section at runtime.
2026-09-06 03:01:20.479 | WARNING  | amisim.ini_model | 0.00/0.04s | - -> Unknown settings field detected: LIBVIRT.DEFAULT_URI. Registering dynamic runtime field as string.
2026-09-06 03:01:20.480 | WARNING  | amisim.ini_model | 0.00/0.04s | - -> Unknown settings section detected: LS. Creating dynamic section at runtime.
2026-09-06 03:01:20.480 | WARNING  | amisim.ini_model | 0.00/0.04s | - -> Unknown settings field detected: LS.COLORS. Registering dynamic runtime field as string.
2026-09-06 03:01:20.481 | WARNING  | amisim.ini_model | 0.00/0.04s | - -> Unknown settings section detected: PYDEVD. Creating dynamic section at runtime.
2026-09-06 03:01:20.481 | WARNING  | amisim.ini_model | 0.00/0.04s | - -> Unknown settings field detected: PYDEVD.DISABLE_FILE_VALIDATION. Registering dynamic runtime field as string.
2026-09-06 03:01:20.481 | WARNING  | amisim.ini_model | 0.00/0.04s | - -> Unknown settings section detected: PYTEST. Creating dynamic section at runtime.
2026-09-06 03:01:20.481 | WARNING  | amisim.ini_model | 0.00/0.04s | - -> Unknown settings field detected: PYTEST.CURRENT_TEST. Registering dynamic runtime field as string.
2026-09-06 03:01:20.483 | WARNING  | amisim.ini_model | 0.00/0.04s | - -> Unknown settings field detected: PYTEST.VERSION. Registering dynamic runtime field as string.
2026-09-06 03:01:20.483 | WARNING  | amisim.ini_model | 0.00/0.04s | - -> Unknown settings section detected: PYTHON. Creating dynamic section at runtime.
2026-09-06 03:01:20.484 | WARNING  | amisim.ini_model | 0.00/0.04s | - -> Unknown settings field detected: PYTHON.BASIC_REPL. Registering dynamic runtime field as string.
2026-09-06 03:01:20.484 | WARNING  | amisim.ini_model | 0.00/0.04s | - -> Unknown settings section detected: QT. Creating dynamic section at runtime.
2026-09-06 03:01:20.485 | WARNING  | amisim.ini_model | 0.00/0.04s | - -> Unknown settings field detected: QT.XCB_GL_INTEGRATION. Registering dynamic runtime field as string.
2026-09-06 03:01:20.485 | WARNING  | amisim.ini_model | 0.00/0.04s | - -> Unknown settings section detected: SSH. Creating dynamic section at runtime.
2026-09-06 03:01:20.485 | WARNING  | amisim.ini_model | 0.00/0.04s | - -> Unknown settings field detected: SSH.CLIENT. Registering dynamic runtime field as string.
2026-09-06 03:01:20.485 | WARNING  | amisim.ini_model | 0.00/0.04s | - -> Unknown settings field detected: SSH.CONNECTION. Registering dynamic runtime field as string.
2026-09-06 03:01:20.487 | WARNING  | amisim.ini_model | 0.00/0.05s | - -> Unknown settings section detected: TERM. Creating dynamic section at runtime.
2026-09-06 03:01:20.487 | WARNING  | amisim.ini_model | 0.00/0.05s | - -> Unknown settings field detected: TERM.PROGRAM. Registering dynamic runtime field as string.
2026-09-06 03:01:20.487 | WARNING  | amisim.ini_model | 0.00/0.05s | - -> Unknown settings field detected: TERM.PROGRAM_VERSION. Registering dynamic runtime field as string.
2026-09-06 03:01:20.487 | WARNING  | amisim.ini_model | 0.00/0.05s | - -> Unknown settings section detected: VSCODE. Creating dynamic section at runtime.
2026-09-06 03:01:20.488 | WARNING  | amisim.ini_model | 0.00/0.05s | - -> Unknown settings field detected: VSCODE.DEBUGPY_ADAPTER_ENDPOINTS. Registering dynamic runtime field as string.
2026-09-06 03:01:20.488 | WARNING  | amisim.ini_model | 0.00/0.05s | - -> Unknown settings field detected: VSCODE.GIT_ASKPASS_EXTRA_ARGS. Registering dynamic runtime field as string.
2026-09-06 03:01:20.489 | WARNING  | amisim.ini_model | 0.00/0.05s | - -> Unknown settings field detected: VSCODE.GIT_ASKPASS_MAIN. Registering dynamic runtime field as string.
2026-09-06 03:01:20.489 | WARNING  | amisim.ini_model | 0.00/0.05s | - -> Unknown settings field detected: VSCODE.GIT_ASKPASS_NODE. Registering dynamic runtime field as string.
2026-09-06 03:01:20.490 | WARNING  | amisim.ini_model | 0.00/0.05s | - -> Unknown settings field detected: VSCODE.GIT_IPC_HANDLE. Registering dynamic runtime field as string.
2026-09-06 03:01:20.490 | WARNING  | amisim.ini_model | 0.00/0.05s | - -> Unknown settings field detected: VSCODE.IPC_HOOK_CLI. Registering dynamic runtime field as string.
2026-09-06 03:01:20.490 | WARNING  | amisim.ini_model | 0.00/0.05s | - -> Unknown settings field detected: VSCODE.PYTHON_AUTOACTIVATE_GUARD. Registering dynamic runtime field as string.
2026-09-06 03:01:20.491 | WARNING  | amisim.ini_model | 0.00/0.05s | - -> Unknown settings section detected: XDG. Creating dynamic section at runtime.
2026-09-06 03:01:20.492 | WARNING  | amisim.ini_model | 0.00/0.05s | - -> Unknown settings field detected: XDG.DATA_DIRS. Registering dynamic runtime field as string.
2026-09-06 03:01:20.492 | WARNING  | amisim.ini_model | 0.00/0.05s | - -> Unknown settings field detected: XDG.RUNTIME_DIR. Registering dynamic runtime field as string.
2026-09-06 03:01:20.492 | WARNING  | amisim.ini_model | 0.00/0.05s | - -> Unknown settings field detected: XDG.SESSION_CLASS. Registering dynamic runtime field as string.
2026-09-06 03:01:20.492 | WARNING  | amisim.ini_model | 0.00/0.05s | - -> Unknown settings field detected: XDG.SESSION_ID. Registering dynamic runtime field as string.
2026-09-06 03:01:20.493 | WARNING  | amisim.ini_model | 0.00/0.05s | - -> Unknown settings field detected: XDG.SESSION_TYPE. Registering dynamic runtime field as string.
2026-09-06 03:01:20.561 | INFO     | amisim.application | 0.00/0.00s | - -> Settings loaded
2026-09-06 03:01:20.563 | WARNING  | amisim.ini_model | 0.00/0.00s | - -> Unknown settings section detected: AI. Creating dynamic section at runtime.
2026-09-06 03:01:20.563 | WARNING  | amisim.ini_model | 0.00/0.00s | - -> Unknown settings field detected: AI.AGENT. Registering dynamic runtime field as string.
2026-09-06 03:01:20.563 | WARNING  | amisim.ini_model | 0.00/0.00s | - -> Unknown settings section detected: BUNDLED. Creating dynamic section at runtime.
2026-09-06 03:01:20.563 | WARNING  | amisim.ini_model | 0.00/0.00s | - -> Unknown settings field detected: BUNDLED.DEBUGPY_PATH. Registering dynamic runtime field as string.
2026-09-06 03:01:20.564 | WARNING  | amisim.ini_model | 0.00/0.00s | - -> Unknown settings section detected: CONDA. Creating dynamic section at runtime.
2026-09-06 03:01:20.564 | WARNING  | amisim.ini_model | 0.00/0.00s | - -> Unknown settings field detected: CONDA.DEFAULT_ENV. Registering dynamic runtime field as string.
2026-09-06 03:01:20.564 | WARNING  | amisim.ini_model | 0.00/0.00s | - -> Unknown settings field detected: CONDA.EXE. Registering dynamic runtime field as string.
2026-09-06 03:01:20.564 | WARNING  | amisim.ini_model | 0.00/0.00s | - -> Unknown settings field detected: CONDA.PREFIX. Registering dynamic runtime field as string.
2026-09-06 03:01:20.564 | WARNING  | amisim.ini_model | 0.00/0.00s | - -> Unknown settings field detected: CONDA.PREFIX_1. Registering dynamic runtime field as string.
2026-09-06 03:01:20.564 | WARNING  | amisim.ini_model | 0.00/0.00s | - -> Unknown settings field detected: CONDA.PROMPT_MODIFIER. Registering dynamic runtime field as string.
2026-09-06 03:01:20.564 | WARNING  | amisim.ini_model | 0.00/0.00s | - -> Unknown settings field detected: CONDA.PYTHON_EXE. Registering dynamic runtime field as string.
2026-09-06 03:01:20.565 | WARNING  | amisim.ini_model | 0.00/0.00s | - -> Unknown settings field detected: CONDA.ROOT. Registering dynamic runtime field as string.
2026-09-06 03:01:20.565 | WARNING  | amisim.ini_model | 0.00/0.00s | - -> Unknown settings field detected: CONDA.SHLVL. Registering dynamic runtime field as string.
2026-09-06 03:01:20.565 | WARNING  | amisim.ini_model | 0.00/0.00s | - -> Unknown settings section detected: COPILOT. Creating dynamic section at runtime.
2026-09-06 03:01:20.565 | WARNING  | amisim.ini_model | 0.00/0.00s | - -> Unknown settings field detected: COPILOT.AGENT. Registering dynamic runtime field as string.
2026-09-06 03:01:20.565 | WARNING  | amisim.ini_model | 0.00/0.00s | - -> Unknown settings field detected: COPILOT.DEBUG_NONCE. Registering dynamic runtime field as string.
2026-09-06 03:01:20.565 | WARNING  | amisim.ini_model | 0.00/0.00s | - -> Unknown settings section detected: DBUS. Creating dynamic section at runtime.
2026-09-06 03:01:20.566 | WARNING  | amisim.ini_model | 0.00/0.01s | - -> Unknown settings field detected: DBUS.SESSION_BUS_ADDRESS. Registering dynamic runtime field as string.
2026-09-06 03:01:20.566 | WARNING  | amisim.ini_model | 0.00/0.01s | - -> Unknown settings section detected: DEBIAN. Creating dynamic section at runtime.
2026-09-06 03:01:20.566 | WARNING  | amisim.ini_model | 0.00/0.01s | - -> Unknown settings field detected: DEBIAN.FRONTEND. Registering dynamic runtime field as string.
2026-09-06 03:01:20.566 | WARNING  | amisim.ini_model | 0.00/0.01s | - -> Unknown settings section detected: DEBUGINFOD. Creating dynamic section at runtime.
2026-09-06 03:01:20.566 | WARNING  | amisim.ini_model | 0.00/0.01s | - -> Unknown settings field detected: DEBUGINFOD.URLS. Registering dynamic runtime field as string.
2026-09-06 03:01:20.567 | WARNING  | amisim.ini_model | 0.00/0.01s | - -> Unknown settings section detected: FNM. Creating dynamic section at runtime.
2026-09-06 03:01:20.567 | WARNING  | amisim.ini_model | 0.00/0.01s | - -> Unknown settings field detected: FNM.ARCH. Registering dynamic runtime field as string.
2026-09-06 03:01:20.567 | WARNING  | amisim.ini_model | 0.00/0.01s | - -> Unknown settings field detected: FNM.COREPACK_ENABLED. Registering dynamic runtime field as string.
2026-09-06 03:01:20.567 | WARNING  | amisim.ini_model | 0.00/0.01s | - -> Unknown settings field detected: FNM.DIR. Registering dynamic runtime field as string.
2026-09-06 03:01:20.567 | WARNING  | amisim.ini_model | 0.00/0.01s | - -> Unknown settings field detected: FNM.LOGLEVEL. Registering dynamic runtime field as string.
2026-09-06 03:01:20.567 | WARNING  | amisim.ini_model | 0.00/0.01s | - -> Unknown settings field detected: FNM.MULTISHELL_PATH. Registering dynamic runtime field as string.
2026-09-06 03:01:20.568 | WARNING  | amisim.ini_model | 0.00/0.01s | - -> Unknown settings field detected: FNM.NODE_DIST_MIRROR. Registering dynamic runtime field as string.
2026-09-06 03:01:20.568 | WARNING  | amisim.ini_model | 0.00/0.01s | - -> Unknown settings field detected: FNM.RESOLVE_ENGINES. Registering dynamic runtime field as string.
2026-09-06 03:01:20.568 | WARNING  | amisim.ini_model | 0.00/0.01s | - -> Unknown settings field detected: FNM.VERSION_FILE_STRATEGY. Registering dynamic runtime field as string.
2026-09-06 03:01:20.568 | WARNING  | amisim.ini_model | 0.00/0.01s | - -> Unknown settings section detected: GIT. Creating dynamic section at runtime.
2026-09-06 03:01:20.568 | WARNING  | amisim.ini_model | 0.00/0.01s | - -> Unknown settings field detected: GIT.ASKPASS. Registering dynamic runtime field as string.
2026-09-06 03:01:20.568 | WARNING  | amisim.ini_model | 0.00/0.01s | - -> Unknown settings field detected: GIT.EDITOR. Registering dynamic runtime field as string.
2026-09-06 03:01:20.568 | WARNING  | amisim.ini_model | 0.00/0.01s | - -> Unknown settings field detected: GIT.MERGE_AUTOEDIT. Registering dynamic runtime field as string.
2026-09-06 03:01:20.569 | WARNING  | amisim.ini_model | 0.00/0.01s | - -> Unknown settings field detected: GIT.PAGER. Registering dynamic runtime field as string.
2026-09-06 03:01:20.569 | WARNING  | amisim.ini_model | 0.00/0.01s | - -> Unknown settings section detected: HADOOP. Creating dynamic section at runtime.
2026-09-06 03:01:20.569 | WARNING  | amisim.ini_model | 0.00/0.01s | - -> Unknown settings field detected: HADOOP.HOME. Registering dynamic runtime field as string.
2026-09-06 03:01:20.569 | WARNING  | amisim.ini_model | 0.00/0.01s | - -> Unknown settings section detected: JAVA. Creating dynamic section at runtime.
2026-09-06 03:01:20.569 | WARNING  | amisim.ini_model | 0.00/0.01s | - -> Unknown settings field detected: JAVA.HOME. Registering dynamic runtime field as string.
2026-09-06 03:01:20.570 | WARNING  | amisim.ini_model | 0.00/0.01s | - -> Unknown settings section detected: LD. Creating dynamic section at runtime.
2026-09-06 03:01:20.570 | WARNING  | amisim.ini_model | 0.00/0.01s | - -> Unknown settings field detected: LD.LIBRARY_PATH. Registering dynamic runtime field as string.
2026-09-06 03:01:20.570 | WARNING  | amisim.ini_model | 0.00/0.01s | - -> Unknown settings section detected: LIBVIRT. Creating dynamic section at runtime.
2026-09-06 03:01:20.570 | WARNING  | amisim.ini_model | 0.00/0.01s | - -> Unknown settings field detected: LIBVIRT.DEFAULT_URI. Registering dynamic runtime field as string.
2026-09-06 03:01:20.570 | WARNING  | amisim.ini_model | 0.00/0.01s | - -> Unknown settings section detected: LS. Creating dynamic section at runtime.
2026-09-06 03:01:20.570 | WARNING  | amisim.ini_model | 0.00/0.01s | - -> Unknown settings field detected: LS.COLORS. Registering dynamic runtime field as string.
2026-09-06 03:01:20.571 | WARNING  | amisim.ini_model | 0.00/0.01s | - -> Unknown settings section detected: PYDEVD. Creating dynamic section at runtime.
2026-09-06 03:01:20.571 | WARNING  | amisim.ini_model | 0.00/0.01s | - -> Unknown settings field detected: PYDEVD.DISABLE_FILE_VALIDATION. Registering dynamic runtime field as string.
2026-09-06 03:01:20.571 | WARNING  | amisim.ini_model | 0.00/0.01s | - -> Unknown settings section detected: PYTEST. Creating dynamic section at runtime.
2026-09-06 03:01:20.572 | WARNING  | amisim.ini_model | 0.00/0.01s | - -> Unknown settings field detected: PYTEST.CURRENT_TEST. Registering dynamic runtime field as string.
2026-09-06 03:01:20.572 | WARNING  | amisim.ini_model | 0.00/0.01s | - -> Unknown settings field detected: PYTEST.VERSION. Registering dynamic runtime field as string.
2026-09-06 03:01:20.572 | WARNING  | amisim.ini_model | 0.00/0.01s | - -> Unknown settings section detected: PYTHON. Creating dynamic section at runtime.
2026-09-06 03:01:20.573 | WARNING  | amisim.ini_model | 0.00/0.01s | - -> Unknown settings field detected: PYTHON.BASIC_REPL. Registering dynamic runtime field as string.
2026-09-06 03:01:20.573 | WARNING  | amisim.ini_model | 0.00/0.01s | - -> Unknown settings section detected: QT. Creating dynamic section at runtime.
2026-09-06 03:01:20.573 | WARNING  | amisim.ini_model | 0.00/0.01s | - -> Unknown settings field detected: QT.XCB_GL_INTEGRATION. Registering dynamic runtime field as string.
2026-09-06 03:01:20.574 | WARNING  | amisim.ini_model | 0.00/0.01s | - -> Unknown settings section detected: SSH. Creating dynamic section at runtime.
2026-09-06 03:01:20.574 | WARNING  | amisim.ini_model | 0.00/0.01s | - -> Unknown settings field detected: SSH.CLIENT. Registering dynamic runtime field as string.
2026-09-06 03:01:20.575 | WARNING  | amisim.ini_model | 0.00/0.01s | - -> Unknown settings field detected: SSH.CONNECTION. Registering dynamic runtime field as string.
2026-09-06 03:01:20.575 | WARNING  | amisim.ini_model | 0.00/0.01s | - -> Unknown settings section detected: TERM. Creating dynamic section at runtime.
2026-09-06 03:01:20.575 | WARNING  | amisim.ini_model | 0.00/0.01s | - -> Unknown settings field detected: TERM.PROGRAM. Registering dynamic runtime field as string.
2026-09-06 03:01:20.576 | WARNING  | amisim.ini_model | 0.00/0.02s | - -> Unknown settings field detected: TERM.PROGRAM_VERSION. Registering dynamic runtime field as string.
2026-09-06 03:01:20.576 | WARNING  | amisim.ini_model | 0.00/0.02s | - -> Unknown settings section detected: VSCODE. Creating dynamic section at runtime.
2026-09-06 03:01:20.577 | WARNING  | amisim.ini_model | 0.00/0.02s | - -> Unknown settings field detected: VSCODE.DEBUGPY_ADAPTER_ENDPOINTS. Registering dynamic runtime field as string.
2026-09-06 03:01:20.577 | WARNING  | amisim.ini_model | 0.00/0.02s | - -> Unknown settings field detected: VSCODE.GIT_ASKPASS_EXTRA_ARGS. Registering dynamic runtime field as string.
2026-09-06 03:01:20.577 | WARNING  | amisim.ini_model | 0.00/0.02s | - -> Unknown settings field detected: VSCODE.GIT_ASKPASS_MAIN. Registering dynamic runtime field as string.
2026-09-06 03:01:20.578 | WARNING  | amisim.ini_model | 0.00/0.02s | - -> Unknown settings field detected: VSCODE.GIT_ASKPASS_NODE. Registering dynamic runtime field as string.
2026-09-06 03:01:20.578 | WARNING  | amisim.ini_model | 0.00/0.02s | - -> Unknown settings field detected: VSCODE.GIT_IPC_HANDLE. Registering dynamic runtime field as string.
2026-09-06 03:01:20.578 | WARNING  | amisim.ini_model | 0.00/0.02s | - -> Unknown settings field detected: VSCODE.IPC_HOOK_CLI. Registering dynamic runtime field as string.
2026-09-06 03:01:20.579 | WARNING  | amisim.ini_model | 0.00/0.02s | - -> Unknown settings field detected: VSCODE.PYTHON_AUTOACTIVATE_GUARD. Registering dynamic runtime field as string.
2026-09-06 03:01:20.579 | WARNING  | amisim.ini_model | 0.00/0.02s | - -> Unknown settings section detected: XDG. Creating dynamic section at runtime.
2026-09-06 03:01:20.579 | WARNING  | amisim.ini_model | 0.00/0.02s | - -> Unknown settings field detected: XDG.DATA_DIRS. Registering dynamic runtime field as string.
2026-09-06 03:01:20.579 | WARNING  | amisim.ini_model | 0.00/0.02s | - -> Unknown settings field detected: XDG.RUNTIME_DIR. Registering dynamic runtime field as string.
2026-09-06 03:01:20.579 | WARNING  | amisim.ini_model | 0.00/0.02s | - -> Unknown settings field detected: XDG.SESSION_CLASS. Registering dynamic runtime field as string.
2026-09-06 03:01:20.580 | WARNING  | amisim.ini_model | 0.00/0.02s | - -> Unknown settings field detected: XDG.SESSION_ID. Registering dynamic runtime field as string.
2026-09-06 03:01:20.580 | WARNING  | amisim.ini_model | 0.00/0.02s | - -> Unknown settings field detected: XDG.SESSION_TYPE. Registering dynamic runtime field as string.
2026-09-06 03:01:20.581 | WARNING  | amisim.ini_model | 0.00/0.02s | - -> Unknown settings section detected: AI. Creating dynamic section at runtime.
2026-09-06 03:01:20.582 | WARNING  | amisim.ini_model | 0.00/0.02s | - -> Unknown settings field detected: AI.AGENT. Registering dynamic runtime field as string.
2026-09-06 03:01:20.582 | WARNING  | amisim.ini_model | 0.00/0.02s | - -> Unknown settings section detected: BUNDLED. Creating dynamic section at runtime.
2026-09-06 03:01:20.582 | WARNING  | amisim.ini_model | 0.00/0.02s | - -> Unknown settings field detected: BUNDLED.DEBUGPY_PATH. Registering dynamic runtime field as string.
2026-09-06 03:01:20.583 | WARNING  | amisim.ini_model | 0.00/0.02s | - -> Unknown settings section detected: CONDA. Creating dynamic section at runtime.
2026-09-06 03:01:20.583 | WARNING  | amisim.ini_model | 0.00/0.02s | - -> Unknown settings field detected: CONDA.DEFAULT_ENV. Registering dynamic runtime field as string.
2026-09-06 03:01:20.583 | WARNING  | amisim.ini_model | 0.00/0.02s | - -> Unknown settings field detected: CONDA.EXE. Registering dynamic runtime field as string.
2026-09-06 03:01:20.584 | WARNING  | amisim.ini_model | 0.00/0.02s | - -> Unknown settings field detected: CONDA.PREFIX. Registering dynamic runtime field as string.
2026-09-06 03:01:20.584 | WARNING  | amisim.ini_model | 0.00/0.02s | - -> Unknown settings field detected: CONDA.PREFIX_1. Registering dynamic runtime field as string.
2026-09-06 03:01:20.584 | WARNING  | amisim.ini_model | 0.00/0.02s | - -> Unknown settings field detected: CONDA.PROMPT_MODIFIER. Registering dynamic runtime field as string.
2026-09-06 03:01:20.585 | WARNING  | amisim.ini_model | 0.00/0.02s | - -> Unknown settings field detected: CONDA.PYTHON_EXE. Registering dynamic runtime field as string.
2026-09-06 03:01:20.585 | WARNING  | amisim.ini_model | 0.00/0.02s | - -> Unknown settings field detected: CONDA.ROOT. Registering dynamic runtime field as string.
2026-09-06 03:01:20.586 | WARNING  | amisim.ini_model | 0.00/0.02s | - -> Unknown settings field detected: CONDA.SHLVL. Registering dynamic runtime field as string.
2026-09-06 03:01:20.586 | WARNING  | amisim.ini_model | 0.00/0.03s | - -> Unknown settings section detected: COPILOT. Creating dynamic section at runtime.
2026-09-06 03:01:20.586 | WARNING  | amisim.ini_model | 0.00/0.03s | - -> Unknown settings field detected: COPILOT.AGENT. Registering dynamic runtime field as string.
2026-09-06 03:01:20.587 | WARNING  | amisim.ini_model | 0.00/0.03s | - -> Unknown settings field detected: COPILOT.DEBUG_NONCE. Registering dynamic runtime field as string.
2026-09-06 03:01:20.587 | WARNING  | amisim.ini_model | 0.00/0.03s | - -> Unknown settings section detected: DBUS. Creating dynamic section at runtime.
2026-09-06 03:01:20.587 | WARNING  | amisim.ini_model | 0.00/0.03s | - -> Unknown settings field detected: DBUS.SESSION_BUS_ADDRESS. Registering dynamic runtime field as string.
2026-09-06 03:01:20.588 | WARNING  | amisim.ini_model | 0.00/0.03s | - -> Unknown settings section detected: DEBIAN. Creating dynamic section at runtime.
2026-09-06 03:01:20.588 | WARNING  | amisim.ini_model | 0.00/0.03s | - -> Unknown settings field detected: DEBIAN.FRONTEND. Registering dynamic runtime field as string.
2026-09-06 03:01:20.589 | WARNING  | amisim.ini_model | 0.00/0.03s | - -> Unknown settings section detected: DEBUGINFOD. Creating dynamic section at runtime.
2026-09-06 03:01:20.589 | WARNING  | amisim.ini_model | 0.00/0.03s | - -> Unknown settings field detected: DEBUGINFOD.URLS. Registering dynamic runtime field as string.
2026-09-06 03:01:20.589 | WARNING  | amisim.ini_model | 0.00/0.03s | - -> Unknown settings section detected: FNM. Creating dynamic section at runtime.
2026-09-06 03:01:20.590 | WARNING  | amisim.ini_model | 0.00/0.03s | - -> Unknown settings field detected: FNM.ARCH. Registering dynamic runtime field as string.
2026-09-06 03:01:20.590 | WARNING  | amisim.ini_model | 0.00/0.03s | - -> Unknown settings field detected: FNM.COREPACK_ENABLED. Registering dynamic runtime field as string.
2026-09-06 03:01:20.590 | WARNING  | amisim.ini_model | 0.00/0.03s | - -> Unknown settings field detected: FNM.DIR. Registering dynamic runtime field as string.
2026-09-06 03:01:20.592 | WARNING  | amisim.ini_model | 0.00/0.03s | - -> Unknown settings field detected: FNM.LOGLEVEL. Registering dynamic runtime field as string.
2026-09-06 03:01:20.592 | WARNING  | amisim.ini_model | 0.00/0.03s | - -> Unknown settings field detected: FNM.MULTISHELL_PATH. Registering dynamic runtime field as string.
2026-09-06 03:01:20.592 | WARNING  | amisim.ini_model | 0.00/0.03s | - -> Unknown settings field detected: FNM.NODE_DIST_MIRROR. Registering dynamic runtime field as string.
2026-09-06 03:01:20.592 | WARNING  | amisim.ini_model | 0.00/0.03s | - -> Unknown settings field detected: FNM.RESOLVE_ENGINES. Registering dynamic runtime field as string.
2026-09-06 03:01:20.594 | WARNING  | amisim.ini_model | 0.00/0.03s | - -> Unknown settings field detected: FNM.VERSION_FILE_STRATEGY. Registering dynamic runtime field as string.
2026-09-06 03:01:20.594 | WARNING  | amisim.ini_model | 0.00/0.03s | - -> Unknown settings section detected: GIT. Creating dynamic section at runtime.
2026-09-06 03:01:20.594 | WARNING  | amisim.ini_model | 0.00/0.03s | - -> Unknown settings field detected: GIT.ASKPASS. Registering dynamic runtime field as string.
2026-09-06 03:01:20.594 | WARNING  | amisim.ini_model | 0.00/0.03s | - -> Unknown settings field detected: GIT.EDITOR. Registering dynamic runtime field as string.
2026-09-06 03:01:20.596 | WARNING  | amisim.ini_model | 0.00/0.04s | - -> Unknown settings field detected: GIT.MERGE_AUTOEDIT. Registering dynamic runtime field as string.
2026-09-06 03:01:20.596 | WARNING  | amisim.ini_model | 0.00/0.04s | - -> Unknown settings field detected: GIT.PAGER. Registering dynamic runtime field as string.
2026-09-06 03:01:20.596 | WARNING  | amisim.ini_model | 0.00/0.04s | - -> Unknown settings section detected: HADOOP. Creating dynamic section at runtime.
2026-09-06 03:01:20.597 | WARNING  | amisim.ini_model | 0.00/0.04s | - -> Unknown settings field detected: HADOOP.HOME. Registering dynamic runtime field as string.
2026-09-06 03:01:20.598 | WARNING  | amisim.ini_model | 0.00/0.04s | - -> Unknown settings section detected: JAVA. Creating dynamic section at runtime.
2026-09-06 03:01:20.598 | WARNING  | amisim.ini_model | 0.00/0.04s | - -> Unknown settings field detected: JAVA.HOME. Registering dynamic runtime field as string.
2026-09-06 03:01:20.598 | WARNING  | amisim.ini_model | 0.00/0.04s | - -> Unknown settings section detected: LD. Creating dynamic section at runtime.
2026-09-06 03:01:20.598 | WARNING  | amisim.ini_model | 0.00/0.04s | - -> Unknown settings field detected: LD.LIBRARY_PATH. Registering dynamic runtime field as string.
2026-09-06 03:01:20.599 | WARNING  | amisim.ini_model | 0.00/0.04s | - -> Unknown settings section detected: LIBVIRT. Creating dynamic section at runtime.
2026-09-06 03:01:20.599 | WARNING  | amisim.ini_model | 0.00/0.04s | - -> Unknown settings field detected: LIBVIRT.DEFAULT_URI. Registering dynamic runtime field as string.
2026-09-06 03:01:20.600 | WARNING  | amisim.ini_model | 0.00/0.04s | - -> Unknown settings section detected: LS. Creating dynamic section at runtime.
2026-09-06 03:01:20.600 | WARNING  | amisim.ini_model | 0.00/0.04s | - -> Unknown settings field detected: LS.COLORS. Registering dynamic runtime field as string.
2026-09-06 03:01:20.601 | WARNING  | amisim.ini_model | 0.00/0.04s | - -> Unknown settings section detected: PYDEVD. Creating dynamic section at runtime.
2026-09-06 03:01:20.602 | WARNING  | amisim.ini_model | 0.00/0.04s | - -> Unknown settings field detected: PYDEVD.DISABLE_FILE_VALIDATION. Registering dynamic runtime field as string.
2026-09-06 03:01:20.602 | WARNING  | amisim.ini_model | 0.00/0.04s | - -> Unknown settings section detected: PYTEST. Creating dynamic section at runtime.
2026-09-06 03:01:20.602 | WARNING  | amisim.ini_model | 0.00/0.04s | - -> Unknown settings field detected: PYTEST.CURRENT_TEST. Registering dynamic runtime field as string.
2026-09-06 03:01:20.603 | WARNING  | amisim.ini_model | 0.00/0.04s | - -> Unknown settings field detected: PYTEST.VERSION. Registering dynamic runtime field as string.
2026-09-06 03:01:20.603 | WARNING  | amisim.ini_model | 0.00/0.04s | - -> Unknown settings section detected: PYTHON. Creating dynamic section at runtime.
2026-09-06 03:01:20.604 | WARNING  | amisim.ini_model | 0.00/0.04s | - -> Unknown settings field detected: PYTHON.BASIC_REPL. Registering dynamic runtime field as string.
2026-09-06 03:01:20.604 | WARNING  | amisim.ini_model | 0.00/0.04s | - -> Unknown settings section detected: QT. Creating dynamic section at runtime.
2026-09-06 03:01:20.605 | WARNING  | amisim.ini_model | 0.00/0.04s | - -> Unknown settings field detected: QT.XCB_GL_INTEGRATION. Registering dynamic runtime field as string.
2026-09-06 03:01:20.605 | WARNING  | amisim.ini_model | 0.00/0.04s | - -> Unknown settings section detected: SSH. Creating dynamic section at runtime.
2026-09-06 03:01:20.605 | WARNING  | amisim.ini_model | 0.00/0.04s | - -> Unknown settings field detected: SSH.CLIENT. Registering dynamic runtime field as string.
2026-09-06 03:01:20.606 | WARNING  | amisim.ini_model | 0.00/0.04s | - -> Unknown settings field detected: SSH.CONNECTION. Registering dynamic runtime field as string.
2026-09-06 03:01:20.606 | WARNING  | amisim.ini_model | 0.00/0.05s | - -> Unknown settings section detected: TERM. Creating dynamic section at runtime.
2026-09-06 03:01:20.607 | WARNING  | amisim.ini_model | 0.00/0.05s | - -> Unknown settings field detected: TERM.PROGRAM. Registering dynamic runtime field as string.
2026-09-06 03:01:20.607 | WARNING  | amisim.ini_model | 0.00/0.05s | - -> Unknown settings field detected: TERM.PROGRAM_VERSION. Registering dynamic runtime field as string.
2026-09-06 03:01:20.607 | WARNING  | amisim.ini_model | 0.00/0.05s | - -> Unknown settings section detected: VSCODE. Creating dynamic section at runtime.
2026-09-06 03:01:20.608 | WARNING  | amisim.ini_model | 0.00/0.05s | - -> Unknown settings field detected: VSCODE.DEBUGPY_ADAPTER_ENDPOINTS. Registering dynamic runtime field as string.
2026-09-06 03:01:20.608 | WARNING  | amisim.ini_model | 0.00/0.05s | - -> Unknown settings field detected: VSCODE.GIT_ASKPASS_EXTRA_ARGS. Registering dynamic runtime field as string.
2026-09-06 03:01:20.608 | WARNING  | amisim.ini_model | 0.00/0.05s | - -> Unknown settings field detected: VSCODE.GIT_ASKPASS_MAIN. Registering dynamic runtime field as string.
2026-09-06 03:01:20.608 | WARNING  | amisim.ini_model | 0.00/0.05s | - -> Unknown settings field detected: VSCODE.GIT_ASKPASS_NODE. Registering dynamic runtime field as string.
2026-09-06 03:01:20.609 | WARNING  | amisim.ini_model | 0.00/0.05s | - -> Unknown settings field detected: VSCODE.GIT_IPC_HANDLE. Registering dynamic runtime field as string.
2026-09-06 03:01:20.609 | WARNING  | amisim.ini_model | 0.00/0.05s | - -> Unknown settings field detected: VSCODE.IPC_HOOK_CLI. Registering dynamic runtime field as string.
2026-09-06 03:01:20.609 | WARNING  | amisim.ini_model | 0.00/0.05s | - -> Unknown settings field detected: VSCODE.PYTHON_AUTOACTIVATE_GUARD. Registering dynamic runtime field as string.
2026-09-06 03:01:20.610 | WARNING  | amisim.ini_model | 0.00/0.05s | - -> Unknown settings section detected: XDG. Creating dynamic section at runtime.
2026-09-06 03:01:20.610 | WARNING  | amisim.ini_model | 0.00/0.05s | - -> Unknown settings field detected: XDG.DATA_DIRS. Registering dynamic runtime field as string.
2026-09-06 03:01:20.611 | WARNING  | amisim.ini_model | 0.00/0.05s | - -> Unknown settings field detected: XDG.RUNTIME_DIR. Registering dynamic runtime field as string.
2026-09-06 03:01:20.611 | WARNING  | amisim.ini_model | 0.00/0.05s | - -> Unknown settings field detected: XDG.SESSION_CLASS. Registering dynamic runtime field as string.
2026-09-06 03:01:20.611 | WARNING  | amisim.ini_model | 0.00/0.05s | - -> Unknown settings field detected: XDG.SESSION_ID. Registering dynamic runtime field as string.
2026-09-06 03:01:20.612 | WARNING  | amisim.ini_model | 0.00/0.05s | - -> Unknown settings field detected: XDG.SESSION_TYPE. Registering dynamic runtime field as string.
2026-09-06 03:01:20.614 | WARNING  | amisim.ini_model | 0.00/0.05s | - -> Unknown settings section detected: AI. Creating dynamic section at runtime.
2026-09-06 03:01:20.614 | WARNING  | amisim.ini_model | 0.00/0.05s | - -> Unknown settings field detected: AI.AGENT. Registering dynamic runtime field as string.
2026-09-06 03:01:20.614 | WARNING  | amisim.ini_model | 0.00/0.05s | - -> Unknown settings section detected: BUNDLED. Creating dynamic section at runtime.
2026-09-06 03:01:20.615 | WARNING  | amisim.ini_model | 0.00/0.05s | - -> Unknown settings field detected: BUNDLED.DEBUGPY_PATH. Registering dynamic runtime field as string.
2026-09-06 03:01:20.615 | WARNING  | amisim.ini_model | 0.00/0.05s | - -> Unknown settings section detected: CONDA. Creating dynamic section at runtime.
2026-09-06 03:01:20.615 | WARNING  | amisim.ini_model | 0.00/0.05s | - -> Unknown settings field detected: CONDA.DEFAULT_ENV. Registering dynamic runtime field as string.
2026-09-06 03:01:20.615 | WARNING  | amisim.ini_model | 0.00/0.05s | - -> Unknown settings field detected: CONDA.EXE. Registering dynamic runtime field as string.
2026-09-06 03:01:20.615 | WARNING  | amisim.ini_model | 0.00/0.05s | - -> Unknown settings field detected: CONDA.PREFIX. Registering dynamic runtime field as string.
2026-09-06 03:01:20.615 | WARNING  | amisim.ini_model | 0.00/0.05s | - -> Unknown settings field detected: CONDA.PREFIX_1. Registering dynamic runtime field as string.
2026-09-06 03:01:20.616 | WARNING  | amisim.ini_model | 0.00/0.06s | - -> Unknown settings field detected: CONDA.PROMPT_MODIFIER. Registering dynamic runtime field as string.
2026-09-06 03:01:20.616 | WARNING  | amisim.ini_model | 0.00/0.06s | - -> Unknown settings field detected: CONDA.PYTHON_EXE. Registering dynamic runtime field as string.
2026-09-06 03:01:20.617 | WARNING  | amisim.ini_model | 0.00/0.06s | - -> Unknown settings field detected: CONDA.ROOT. Registering dynamic runtime field as string.
2026-09-06 03:01:20.617 | WARNING  | amisim.ini_model | 0.00/0.06s | - -> Unknown settings field detected: CONDA.SHLVL. Registering dynamic runtime field as string.
2026-09-06 03:01:20.618 | WARNING  | amisim.ini_model | 0.00/0.06s | - -> Unknown settings section detected: COPILOT. Creating dynamic section at runtime.
2026-09-06 03:01:20.618 | WARNING  | amisim.ini_model | 0.00/0.06s | - -> Unknown settings field detected: COPILOT.AGENT. Registering dynamic runtime field as string.
2026-09-06 03:01:20.619 | WARNING  | amisim.ini_model | 0.00/0.06s | - -> Unknown settings field detected: COPILOT.DEBUG_NONCE. Registering dynamic runtime field as string.
2026-09-06 03:01:20.619 | WARNING  | amisim.ini_model | 0.00/0.06s | - -> Unknown settings section detected: DBUS. Creating dynamic section at runtime.
2026-09-06 03:01:20.619 | WARNING  | amisim.ini_model | 0.00/0.06s | - -> Unknown settings field detected: DBUS.SESSION_BUS_ADDRESS. Registering dynamic runtime field as string.
2026-09-06 03:01:20.619 | WARNING  | amisim.ini_model | 0.00/0.06s | - -> Unknown settings section detected: DEBIAN. Creating dynamic section at runtime.
2026-09-06 03:01:20.620 | WARNING  | amisim.ini_model | 0.00/0.06s | - -> Unknown settings field detected: DEBIAN.FRONTEND. Registering dynamic runtime field as string.
2026-09-06 03:01:20.620 | WARNING  | amisim.ini_model | 0.00/0.06s | - -> Unknown settings section detected: DEBUGINFOD. Creating dynamic section at runtime.
2026-09-06 03:01:20.621 | WARNING  | amisim.ini_model | 0.00/0.06s | - -> Unknown settings field detected: DEBUGINFOD.URLS. Registering dynamic runtime field as string.
2026-09-06 03:01:20.621 | WARNING  | amisim.ini_model | 0.00/0.06s | - -> Unknown settings section detected: FNM. Creating dynamic section at runtime.
2026-09-06 03:01:20.622 | WARNING  | amisim.ini_model | 0.00/0.06s | - -> Unknown settings field detected: FNM.ARCH. Registering dynamic runtime field as string.
2026-09-06 03:01:20.622 | WARNING  | amisim.ini_model | 0.00/0.06s | - -> Unknown settings field detected: FNM.COREPACK_ENABLED. Registering dynamic runtime field as string.
2026-09-06 03:01:20.622 | WARNING  | amisim.ini_model | 0.00/0.06s | - -> Unknown settings field detected: FNM.DIR. Registering dynamic runtime field as string.
2026-09-06 03:01:20.622 | WARNING  | amisim.ini_model | 0.00/0.06s | - -> Unknown settings field detected: FNM.LOGLEVEL. Registering dynamic runtime field as string.
2026-09-06 03:01:20.623 | WARNING  | amisim.ini_model | 0.00/0.06s | - -> Unknown settings field detected: FNM.MULTISHELL_PATH. Registering dynamic runtime field as string.
2026-09-06 03:01:20.623 | WARNING  | amisim.ini_model | 0.00/0.06s | - -> Unknown settings field detected: FNM.NODE_DIST_MIRROR. Registering dynamic runtime field as string.
2026-09-06 03:01:20.624 | WARNING  | amisim.ini_model | 0.00/0.06s | - -> Unknown settings field detected: FNM.RESOLVE_ENGINES. Registering dynamic runtime field as string.
2026-09-06 03:01:20.624 | WARNING  | amisim.ini_model | 0.00/0.06s | - -> Unknown settings field detected: FNM.VERSION_FILE_STRATEGY. Registering dynamic runtime field as string.
2026-09-06 03:01:20.625 | WARNING  | amisim.ini_model | 0.00/0.06s | - -> Unknown settings section detected: GIT. Creating dynamic section at runtime.
2026-09-06 03:01:20.625 | WARNING  | amisim.ini_model | 0.00/0.06s | - -> Unknown settings field detected: GIT.ASKPASS. Registering dynamic runtime field as string.
2026-09-06 03:01:20.625 | WARNING  | amisim.ini_model | 0.00/0.06s | - -> Unknown settings field detected: GIT.EDITOR. Registering dynamic runtime field as string.
2026-09-06 03:01:20.625 | WARNING  | amisim.ini_model | 0.00/0.06s | - -> Unknown settings field detected: GIT.MERGE_AUTOEDIT. Registering dynamic runtime field as string.
2026-09-06 03:01:20.626 | WARNING  | amisim.ini_model | 0.00/0.07s | - -> Unknown settings field detected: GIT.PAGER. Registering dynamic runtime field as string.
2026-09-06 03:01:20.626 | WARNING  | amisim.ini_model | 0.00/0.07s | - -> Unknown settings section detected: HADOOP. Creating dynamic section at runtime.
2026-09-06 03:01:20.626 | WARNING  | amisim.ini_model | 0.00/0.07s | - -> Unknown settings field detected: HADOOP.HOME. Registering dynamic runtime field as string.
2026-09-06 03:01:20.627 | WARNING  | amisim.ini_model | 0.00/0.07s | - -> Unknown settings section detected: JAVA. Creating dynamic section at runtime.
2026-09-06 03:01:20.627 | WARNING  | amisim.ini_model | 0.00/0.07s | - -> Unknown settings field detected: JAVA.HOME. Registering dynamic runtime field as string.
2026-09-06 03:01:20.628 | WARNING  | amisim.ini_model | 0.00/0.07s | - -> Unknown settings section detected: LD. Creating dynamic section at runtime.
2026-09-06 03:01:20.628 | WARNING  | amisim.ini_model | 0.00/0.07s | - -> Unknown settings field detected: LD.LIBRARY_PATH. Registering dynamic runtime field as string.
2026-09-06 03:01:20.628 | WARNING  | amisim.ini_model | 0.00/0.07s | - -> Unknown settings section detected: LIBVIRT. Creating dynamic section at runtime.
2026-09-06 03:01:20.629 | WARNING  | amisim.ini_model | 0.00/0.07s | - -> Unknown settings field detected: LIBVIRT.DEFAULT_URI. Registering dynamic runtime field as string.
2026-09-06 03:01:20.629 | WARNING  | amisim.ini_model | 0.00/0.07s | - -> Unknown settings section detected: LS. Creating dynamic section at runtime.
2026-09-06 03:01:20.629 | WARNING  | amisim.ini_model | 0.00/0.07s | - -> Unknown settings field detected: LS.COLORS. Registering dynamic runtime field as string.
2026-09-06 03:01:20.630 | WARNING  | amisim.ini_model | 0.00/0.07s | - -> Unknown settings section detected: PYDEVD. Creating dynamic section at runtime.
2026-09-06 03:01:20.630 | WARNING  | amisim.ini_model | 0.00/0.07s | - -> Unknown settings field detected: PYDEVD.DISABLE_FILE_VALIDATION. Registering dynamic runtime field as string.
2026-09-06 03:01:20.631 | WARNING  | amisim.ini_model | 0.00/0.07s | - -> Unknown settings section detected: PYTEST. Creating dynamic section at runtime.
2026-09-06 03:01:20.631 | WARNING  | amisim.ini_model | 0.00/0.07s | - -> Unknown settings field detected: PYTEST.CURRENT_TEST. Registering dynamic runtime field as string.
2026-09-06 03:01:20.631 | WARNING  | amisim.ini_model | 0.00/0.07s | - -> Unknown settings field detected: PYTEST.VERSION. Registering dynamic runtime field as string.
2026-09-06 03:01:20.632 | WARNING  | amisim.ini_model | 0.00/0.07s | - -> Unknown settings section detected: PYTHON. Creating dynamic section at runtime.
2026-09-06 03:01:20.632 | WARNING  | amisim.ini_model | 0.00/0.07s | - -> Unknown settings field detected: PYTHON.BASIC_REPL. Registering dynamic runtime field as string.
2026-09-06 03:01:20.632 | WARNING  | amisim.ini_model | 0.00/0.07s | - -> Unknown settings section detected: QT. Creating dynamic section at runtime.
2026-09-06 03:01:20.632 | WARNING  | amisim.ini_model | 0.00/0.07s | - -> Unknown settings field detected: QT.XCB_GL_INTEGRATION. Registering dynamic runtime field as string.
2026-09-06 03:01:20.633 | WARNING  | amisim.ini_model | 0.00/0.07s | - -> Unknown settings section detected: SSH. Creating dynamic section at runtime.
2026-09-06 03:01:20.634 | WARNING  | amisim.ini_model | 0.00/0.07s | - -> Unknown settings field detected: SSH.CLIENT. Registering dynamic runtime field as string.
2026-09-06 03:01:20.634 | WARNING  | amisim.ini_model | 0.00/0.07s | - -> Unknown settings field detected: SSH.CONNECTION. Registering dynamic runtime field as string.
2026-09-06 03:01:20.634 | WARNING  | amisim.ini_model | 0.00/0.07s | - -> Unknown settings section detected: TERM. Creating dynamic section at runtime.
2026-09-06 03:01:20.635 | WARNING  | amisim.ini_model | 0.00/0.07s | - -> Unknown settings field detected: TERM.PROGRAM. Registering dynamic runtime field as string.
2026-09-06 03:01:20.635 | WARNING  | amisim.ini_model | 0.00/0.07s | - -> Unknown settings field detected: TERM.PROGRAM_VERSION. Registering dynamic runtime field as string.
2026-09-06 03:01:20.635 | WARNING  | amisim.ini_model | 0.00/0.07s | - -> Unknown settings section detected: VSCODE. Creating dynamic section at runtime.
2026-09-06 03:01:20.635 | WARNING  | amisim.ini_model | 0.00/0.07s | - -> Unknown settings field detected: VSCODE.DEBUGPY_ADAPTER_ENDPOINTS. Registering dynamic runtime field as string.
2026-09-06 03:01:20.636 | WARNING  | amisim.ini_model | 0.00/0.08s | - -> Unknown settings field detected: VSCODE.GIT_ASKPASS_EXTRA_ARGS. Registering dynamic runtime field as string.
2026-09-06 03:01:20.636 | WARNING  | amisim.ini_model | 0.00/0.08s | - -> Unknown settings field detected: VSCODE.GIT_ASKPASS_MAIN. Registering dynamic runtime field as string.
2026-09-06 03:01:20.637 | WARNING  | amisim.ini_model | 0.00/0.08s | - -> Unknown settings field detected: VSCODE.GIT_ASKPASS_NODE. Registering dynamic runtime field as string.
2026-09-06 03:01:20.637 | WARNING  | amisim.ini_model | 0.00/0.08s | - -> Unknown settings field detected: VSCODE.GIT_IPC_HANDLE. Registering dynamic runtime field as string.
2026-09-06 03:01:20.638 | WARNING  | amisim.ini_model | 0.00/0.08s | - -> Unknown settings field detected: VSCODE.IPC_HOOK_CLI. Registering dynamic runtime field as string.
2026-09-06 03:01:20.638 | WARNING  | amisim.ini_model | 0.00/0.08s | - -> Unknown settings field detected: VSCODE.PYTHON_AUTOACTIVATE_GUARD. Registering dynamic runtime field as string.
2026-09-06 03:01:20.638 | WARNING  | amisim.ini_model | 0.00/0.08s | - -> Unknown settings section detected: XDG. Creating dynamic section at runtime.
2026-09-06 03:01:20.638 | WARNING  | amisim.ini_model | 0.00/0.08s | - -> Unknown settings field detected: XDG.DATA_DIRS. Registering dynamic runtime field as string.
2026-09-06 03:01:20.639 | WARNING  | amisim.ini_model | 0.00/0.08s | - -> Unknown settings field detected: XDG.RUNTIME_DIR. Registering dynamic runtime field as string.
2026-09-06 03:01:20.639 | WARNING  | amisim.ini_model | 0.00/0.08s | - -> Unknown settings field detected: XDG.SESSION_CLASS. Registering dynamic runtime field as string.
2026-09-06 03:01:20.639 | WARNING  | amisim.ini_model | 0.00/0.08s | - -> Unknown settings field detected: XDG.SESSION_ID. Registering dynamic runtime field as string.
2026-09-06 03:01:20.639 | WARNING  | amisim.ini_model | 0.00/0.08s | - -> Unknown settings field detected: XDG.SESSION_TYPE. Registering dynamic runtime field as string.
2026-09-06 03:01:20.642 | WARNING  | amisim.ini_model | 0.00/0.08s | - -> Unknown settings section detected: AI. Creating dynamic section at runtime.
2026-09-06 03:01:20.642 | WARNING  | amisim.ini_model | 0.00/0.08s | - -> Unknown settings field detected: AI.AGENT. Registering dynamic runtime field as string.
2026-09-06 03:01:20.642 | WARNING  | amisim.ini_model | 0.00/0.08s | - -> Unknown settings section detected: BUNDLED. Creating dynamic section at runtime.
2026-09-06 03:01:20.643 | WARNING  | amisim.ini_model | 0.00/0.08s | - -> Unknown settings field detected: BUNDLED.DEBUGPY_PATH. Registering dynamic runtime field as string.
2026-09-06 03:01:20.643 | WARNING  | amisim.ini_model | 0.00/0.08s | - -> Unknown settings section detected: CONDA. Creating dynamic section at runtime.
2026-09-06 03:01:20.643 | WARNING  | amisim.ini_model | 0.00/0.08s | - -> Unknown settings field detected: CONDA.DEFAULT_ENV. Registering dynamic runtime field as string.
2026-09-06 03:01:20.643 | WARNING  | amisim.ini_model | 0.00/0.08s | - -> Unknown settings field detected: CONDA.EXE. Registering dynamic runtime field as string.
2026-09-06 03:01:20.643 | WARNING  | amisim.ini_model | 0.00/0.08s | - -> Unknown settings field detected: CONDA.PREFIX. Registering dynamic runtime field as string.
2026-09-06 03:01:20.644 | WARNING  | amisim.ini_model | 0.00/0.08s | - -> Unknown settings field detected: CONDA.PREFIX_1. Registering dynamic runtime field as string.
2026-09-06 03:01:20.644 | WARNING  | amisim.ini_model | 0.00/0.08s | - -> Unknown settings field detected: CONDA.PROMPT_MODIFIER. Registering dynamic runtime field as string.
2026-09-06 03:01:20.644 | WARNING  | amisim.ini_model | 0.00/0.08s | - -> Unknown settings field detected: CONDA.PYTHON_EXE. Registering dynamic runtime field as string.
2026-09-06 03:01:20.644 | WARNING  | amisim.ini_model | 0.00/0.08s | - -> Unknown settings field detected: CONDA.ROOT. Registering dynamic runtime field as string.
2026-09-06 03:01:20.645 | WARNING  | amisim.ini_model | 0.00/0.08s | - -> Unknown settings field detected: CONDA.SHLVL. Registering dynamic runtime field as string.
2026-09-06 03:01:20.645 | WARNING  | amisim.ini_model | 0.00/0.08s | - -> Unknown settings section detected: COPILOT. Creating dynamic section at runtime.
2026-09-06 03:01:20.646 | WARNING  | amisim.ini_model | 0.00/0.09s | - -> Unknown settings field detected: COPILOT.AGENT. Registering dynamic runtime field as string.
2026-09-06 03:01:20.646 | WARNING  | amisim.ini_model | 0.00/0.09s | - -> Unknown settings field detected: COPILOT.DEBUG_NONCE. Registering dynamic runtime field as string.
2026-09-06 03:01:20.647 | WARNING  | amisim.ini_model | 0.00/0.09s | - -> Unknown settings section detected: DBUS. Creating dynamic section at runtime.
2026-09-06 03:01:20.647 | WARNING  | amisim.ini_model | 0.00/0.09s | - -> Unknown settings field detected: DBUS.SESSION_BUS_ADDRESS. Registering dynamic runtime field as string.
2026-09-06 03:01:20.647 | WARNING  | amisim.ini_model | 0.00/0.09s | - -> Unknown settings section detected: DEBIAN. Creating dynamic section at runtime.
2026-09-06 03:01:20.647 | WARNING  | amisim.ini_model | 0.00/0.09s | - -> Unknown settings field detected: DEBIAN.FRONTEND. Registering dynamic runtime field as string.
2026-09-06 03:01:20.648 | WARNING  | amisim.ini_model | 0.00/0.09s | - -> Unknown settings section detected: DEBUGINFOD. Creating dynamic section at runtime.
2026-09-06 03:01:20.648 | WARNING  | amisim.ini_model | 0.00/0.09s | - -> Unknown settings field detected: DEBUGINFOD.URLS. Registering dynamic runtime field as string.
2026-09-06 03:01:20.649 | WARNING  | amisim.ini_model | 0.00/0.09s | - -> Unknown settings section detected: FNM. Creating dynamic section at runtime.
2026-09-06 03:01:20.649 | WARNING  | amisim.ini_model | 0.00/0.09s | - -> Unknown settings field detected: FNM.ARCH. Registering dynamic runtime field as string.
2026-09-06 03:01:20.650 | WARNING  | amisim.ini_model | 0.00/0.09s | - -> Unknown settings field detected: FNM.COREPACK_ENABLED. Registering dynamic runtime field as string.
2026-09-06 03:01:20.650 | WARNING  | amisim.ini_model | 0.00/0.09s | - -> Unknown settings field detected: FNM.DIR. Registering dynamic runtime field as string.
2026-09-06 03:01:20.650 | WARNING  | amisim.ini_model | 0.00/0.09s | - -> Unknown settings field detected: FNM.LOGLEVEL. Registering dynamic runtime field as string.
2026-09-06 03:01:20.650 | WARNING  | amisim.ini_model | 0.00/0.09s | - -> Unknown settings field detected: FNM.MULTISHELL_PATH. Registering dynamic runtime field as string.
2026-09-06 03:01:20.651 | WARNING  | amisim.ini_model | 0.00/0.09s | - -> Unknown settings field detected: FNM.NODE_DIST_MIRROR. Registering dynamic runtime field as string.
2026-09-06 03:01:20.652 | WARNING  | amisim.ini_model | 0.00/0.09s | - -> Unknown settings field detected: FNM.RESOLVE_ENGINES. Registering dynamic runtime field as string.
2026-09-06 03:01:20.652 | WARNING  | amisim.ini_model | 0.00/0.09s | - -> Unknown settings field detected: FNM.VERSION_FILE_STRATEGY. Registering dynamic runtime field as string.
2026-09-06 03:01:20.652 | WARNING  | amisim.ini_model | 0.00/0.09s | - -> Unknown settings section detected: GIT. Creating dynamic section at runtime.
2026-09-06 03:01:20.653 | WARNING  | amisim.ini_model | 0.00/0.09s | - -> Unknown settings field detected: GIT.ASKPASS. Registering dynamic runtime field as string.
2026-09-06 03:01:20.653 | WARNING  | amisim.ini_model | 0.00/0.09s | - -> Unknown settings field detected: GIT.EDITOR. Registering dynamic runtime field as string.
2026-09-06 03:01:20.653 | WARNING  | amisim.ini_model | 0.00/0.09s | - -> Unknown settings field detected: GIT.MERGE_AUTOEDIT. Registering dynamic runtime field as string.
2026-09-06 03:01:20.653 | WARNING  | amisim.ini_model | 0.00/0.09s | - -> Unknown settings field detected: GIT.PAGER. Registering dynamic runtime field as string.
2026-09-06 03:01:20.654 | WARNING  | amisim.ini_model | 0.00/0.09s | - -> Unknown settings section detected: HADOOP. Creating dynamic section at runtime.
2026-09-06 03:01:20.655 | WARNING  | amisim.ini_model | 0.00/0.09s | - -> Unknown settings field detected: HADOOP.HOME. Registering dynamic runtime field as string.
2026-09-06 03:01:20.655 | WARNING  | amisim.ini_model | 0.00/0.09s | - -> Unknown settings section detected: JAVA. Creating dynamic section at runtime.
2026-09-06 03:01:20.655 | WARNING  | amisim.ini_model | 0.00/0.09s | - -> Unknown settings field detected: JAVA.HOME. Registering dynamic runtime field as string.
2026-09-06 03:01:20.656 | WARNING  | amisim.ini_model | 0.00/0.10s | - -> Unknown settings section detected: LD. Creating dynamic section at runtime.
2026-09-06 03:01:20.656 | WARNING  | amisim.ini_model | 0.00/0.10s | - -> Unknown settings field detected: LD.LIBRARY_PATH. Registering dynamic runtime field as string.
2026-09-06 03:01:20.656 | WARNING  | amisim.ini_model | 0.00/0.10s | - -> Unknown settings section detected: LIBVIRT. Creating dynamic section at runtime.
2026-09-06 03:01:20.656 | WARNING  | amisim.ini_model | 0.00/0.10s | - -> Unknown settings field detected: LIBVIRT.DEFAULT_URI. Registering dynamic runtime field as string.
2026-09-06 03:01:20.658 | WARNING  | amisim.ini_model | 0.00/0.10s | - -> Unknown settings section detected: LS. Creating dynamic section at runtime.
2026-09-06 03:01:20.658 | WARNING  | amisim.ini_model | 0.00/0.10s | - -> Unknown settings field detected: LS.COLORS. Registering dynamic runtime field as string.
2026-09-06 03:01:20.658 | WARNING  | amisim.ini_model | 0.00/0.10s | - -> Unknown settings section detected: PYDEVD. Creating dynamic section at runtime.
2026-09-06 03:01:20.658 | WARNING  | amisim.ini_model | 0.00/0.10s | - -> Unknown settings field detected: PYDEVD.DISABLE_FILE_VALIDATION. Registering dynamic runtime field as string.
2026-09-06 03:01:20.659 | WARNING  | amisim.ini_model | 0.00/0.10s | - -> Unknown settings section detected: PYTEST. Creating dynamic section at runtime.
2026-09-06 03:01:20.660 | WARNING  | amisim.ini_model | 0.00/0.10s | - -> Unknown settings field detected: PYTEST.CURRENT_TEST. Registering dynamic runtime field as string.
2026-09-06 03:01:20.660 | WARNING  | amisim.ini_model | 0.00/0.10s | - -> Unknown settings field detected: PYTEST.VERSION. Registering dynamic runtime field as string.
2026-09-06 03:01:20.660 | WARNING  | amisim.ini_model | 0.00/0.10s | - -> Unknown settings section detected: PYTHON. Creating dynamic section at runtime.
2026-09-06 03:01:20.661 | WARNING  | amisim.ini_model | 0.00/0.10s | - -> Unknown settings field detected: PYTHON.BASIC_REPL. Registering dynamic runtime field as string.
2026-09-06 03:01:20.661 | WARNING  | amisim.ini_model | 0.00/0.10s | - -> Unknown settings section detected: QT. Creating dynamic section at runtime.
2026-09-06 03:01:20.661 | WARNING  | amisim.ini_model | 0.00/0.10s | - -> Unknown settings field detected: QT.XCB_GL_INTEGRATION. Registering dynamic runtime field as string.
2026-09-06 03:01:20.661 | WARNING  | amisim.ini_model | 0.00/0.10s | - -> Unknown settings section detected: SSH. Creating dynamic section at runtime.
2026-09-06 03:01:20.662 | WARNING  | amisim.ini_model | 0.00/0.10s | - -> Unknown settings field detected: SSH.CLIENT. Registering dynamic runtime field as string.
2026-09-06 03:01:20.662 | WARNING  | amisim.ini_model | 0.00/0.10s | - -> Unknown settings field detected: SSH.CONNECTION. Registering dynamic runtime field as string.
2026-09-06 03:01:20.663 | WARNING  | amisim.ini_model | 0.00/0.10s | - -> Unknown settings section detected: TERM. Creating dynamic section at runtime.
2026-09-06 03:01:20.663 | WARNING  | amisim.ini_model | 0.00/0.10s | - -> Unknown settings field detected: TERM.PROGRAM. Registering dynamic runtime field as string.
2026-09-06 03:01:20.664 | WARNING  | amisim.ini_model | 0.00/0.10s | - -> Unknown settings field detected: TERM.PROGRAM_VERSION. Registering dynamic runtime field as string.
2026-09-06 03:01:20.664 | WARNING  | amisim.ini_model | 0.00/0.10s | - -> Unknown settings section detected: VSCODE. Creating dynamic section at runtime.
2026-09-06 03:01:20.664 | WARNING  | amisim.ini_model | 0.00/0.10s | - -> Unknown settings field detected: VSCODE.DEBUGPY_ADAPTER_ENDPOINTS. Registering dynamic runtime field as string.
2026-09-06 03:01:20.664 | WARNING  | amisim.ini_model | 0.00/0.10s | - -> Unknown settings field detected: VSCODE.GIT_ASKPASS_EXTRA_ARGS. Registering dynamic runtime field as string.
2026-09-06 03:01:20.665 | WARNING  | amisim.ini_model | 0.00/0.10s | - -> Unknown settings field detected: VSCODE.GIT_ASKPASS_MAIN. Registering dynamic runtime field as string.
2026-09-06 03:01:20.665 | WARNING  | amisim.ini_model | 0.00/0.10s | - -> Unknown settings field detected: VSCODE.GIT_ASKPASS_NODE. Registering dynamic runtime field as string.
2026-09-06 03:01:20.665 | WARNING  | amisim.ini_model | 0.00/0.10s | - -> Unknown settings field detected: VSCODE.GIT_IPC_HANDLE. Registering dynamic runtime field as string.
2026-09-06 03:01:20.666 | WARNING  | amisim.ini_model | 0.00/0.11s | - -> Unknown settings field detected: VSCODE.IPC_HOOK_CLI. Registering dynamic runtime field as string.
2026-09-06 03:01:20.666 | WARNING  | amisim.ini_model | 0.00/0.11s | - -> Unknown settings field detected: VSCODE.PYTHON_AUTOACTIVATE_GUARD. Registering dynamic runtime field as string.
2026-09-06 03:01:20.667 | WARNING  | amisim.ini_model | 0.00/0.11s | - -> Unknown settings section detected: XDG. Creating dynamic section at runtime.
2026-09-06 03:01:20.667 | WARNING  | amisim.ini_model | 0.00/0.11s | - -> Unknown settings field detected: XDG.DATA_DIRS. Registering dynamic runtime field as string.
2026-09-06 03:01:20.667 | WARNING  | amisim.ini_model | 0.00/0.11s | - -> Unknown settings field detected: XDG.RUNTIME_DIR. Registering dynamic runtime field as string.
2026-09-06 03:01:20.668 | WARNING  | amisim.ini_model | 0.00/0.11s | - -> Unknown settings field detected: XDG.SESSION_CLASS. Registering dynamic runtime field as string.
2026-09-06 03:01:20.668 | WARNING  | amisim.ini_model | 0.00/0.11s | - -> Unknown settings field detected: XDG.SESSION_ID. Registering dynamic runtime field as string.
2026-09-06 03:01:20.668 | WARNING  | amisim.ini_model | 0.00/0.11s | - -> Unknown settings field detected: XDG.SESSION_TYPE. Registering dynamic runtime field as string.
